chunk_id,document_id,chunk_order,section_id,section_title,chunk_type,chunk_text,page_start,page_end,char_count,tag_regulatory,tag_privacy,tag_advertising,case_tag_advertising,case_tag_privacy,case_tag_medical_device,case_tag_health_functional_food,effective_date,status,source_url,local_file_path
kr-pipa-active-20251002__0001,kr-pipa-active-20251002,1,제1조,제1조(목적),ARTICLE,"제1조(목적) 이 법은 개인정보의 처리 및 보호에 관한 사항을 정함으로써 개인의 자유와 권리를 보호하고, 나아가 개인
의 존엄과 가치를 구현함을 목적으로 한다. <개정 2014. 3. 24.>",1,1,107,true,true,false,false,true,false,false,2025-10-02,active,https://www.law.go.kr/법령/개인정보보호법,/Users/munchaerin/Desktop/졸프 data/개인정보 보호법(법률)(제20897호)(20251002).pdf
kr-pipa-active-20251002__0002,kr-pipa-active-20251002,2,제2조,제2조(정의),ARTICLE,"제2조(정의) 이 법에서 사용하는 용어의 뜻은 다음과 같다. <개정 2014. 3. 24., 2020. 2. 4., 2023. 3. 14.>
1. “개인정보”란 살아 있는 개인에 관한 정보로서 다음 각 목의 어느 하나에 해당하는 정보를 말한다.
가. 성명, 주민등록번호 및 영상 등을 통하여 개인을 알아볼 수 있는 정보
나. 해당 정보만으로는 특정 개인을 알아볼 수 없더라도 다른 정보와 쉽게 결합하여 알아볼 수 있는 정보. 이 경우
쉽게 결합할 수 있는지 여부는 다른 정보의 입수 가능성 등 개인을 알아보는 데 소요되는 시간, 비용, 기술 등
을 합리적으로 고려하여야 한다.
다. 가목 또는 나목을 제1호의2에 따라 가명처리함으로써 원래의 상태로 복원하기 위한 추가 정보의 사용ㆍ결합
없이는 특정 개인을 알아볼 수 없는 정보(이하 “가명정보”라 한다)
1의2. “가명처리”란 개인정보의 일부를 삭제하거나 일부 또는 전부를 대체하는 등의 방법으로 추가 정보가 없이는
특정 개인을 알아볼 수 없도록 처리하는 것을 말한다.
2. “처리”란 개인정보의 수집, 생성, 연계, 연동, 기록, 저장, 보유, 가공, 편집, 검색, 출력, 정정(訂正), 복구, 이용, 제공,
공개, 파기(破棄), 그 밖에 이와 유사한 행위를 말한다.
3. “정보주체”란 처리되는 정보에 의하여 알아볼 수 있는 사람으로서 그 정보의 주체가 되는 사람을 말한다.
4. “개인정보파일”이란 개인정보를 쉽게 검색할 수 있도록 일정한 규칙에 따라 체계적으로 배열하거나 구성한 개인
정보의 집합물(集合物)을 말한다.
5. “개인정보처리자”란 업무를 목적으로 개인정보파일을 운용하기 위하여 스스로 또는 다른 사람을 통하여 개인정
보를 처리하는 공공기관, 법인, 단체 및 개인 등을 말한다.
6. “공공기관”이란 다음 각 목의 기관을 말한다.
가. 국회, 법원, 헌법재판소, 중앙선거관리위원회의 행정사무를 처리하는 기관, 중앙행정기관(대통령 소속 기관과
국무총리 소속 기관을 포함한다) 및 그 소속 기관, 지방자치단체
나. 그 밖의 국가기관 및 공공단체 중 대통령령으로 정하는 기관
7. “고정형 영상정보처리기기”란 일정한 공간에 설치되어 지속적 또는 주기적으로 사람 또는 사물의 영상 등을 촬영
하거나 이를 유ㆍ무선망을 통하여 전송하는 장치로서 대통령령으로 정하는 장치를 말한다.
7의2. “이동형 영상정보처리기기”란 사람이 신체에 착용 또는 휴대하거나 이동 가능한 물체에 부착 또는 거치(据置
)하여 사람 또는 사물의 영상 등을 촬영하거나 이를 유ㆍ무선망을 통하여 전송하는 장치로서 대통령령으로 정하
는 장치를 말한다.
8. “과학적 연구”란 기술의 개발과 실증, 기초연구, 응용연구 및 민간 투자 연구 등 과학적 방법을 적용하는 연구를
말한다.

개인정보 보호법",1,2,1356,true,true,false,false,true,false,false,2025-10-02,active,https://www.law.go.kr/법령/개인정보보호법,/Users/munchaerin/Desktop/졸프 data/개인정보 보호법(법률)(제20897호)(20251002).pdf
kr-pipa-active-20251002__0003,kr-pipa-active-20251002,3,제3조,제3조(개인정보 보호 원칙),ARTICLE,"제3조(개인정보 보호 원칙) ① 개인정보처리자는 개인정보의 처리 목적을 명확하게 하여야 하고 그 목적에 필요한 범위
에서 최소한의 개인정보만을 적법하고 정당하게 수집하여야 한다.
② 개인정보처리자는 개인정보의 처리 목적에 필요한 범위에서 적합하게 개인정보를 처리하여야 하며, 그 목적 외
의 용도로 활용하여서는 아니 된다.
③ 개인정보처리자는 개인정보의 처리 목적에 필요한 범위에서 개인정보의 정확성, 완전성 및 최신성이 보장되도록
하여야 한다.
④ 개인정보처리자는 개인정보의 처리 방법 및 종류 등에 따라 정보주체의 권리가 침해받을 가능성과 그 위험 정도
를 고려하여 개인정보를 안전하게 관리하여야 한다.
⑤ 개인정보처리자는 제30조에 따른 개인정보 처리방침 등 개인정보의 처리에 관한 사항을 공개하여야 하며, 열람
청구권 등 정보주체의 권리를 보장하여야 한다.<개정 2023. 3. 14.>
⑥ 개인정보처리자는 정보주체의 사생활 침해를 최소화하는 방법으로 개인정보를 처리하여야 한다.
⑦ 개인정보처리자는 개인정보를 익명 또는 가명으로 처리하여도 개인정보 수집목적을 달성할 수 있는 경우 익명
처리가 가능한 경우에는 익명에 의하여, 익명처리로 목적을 달성할 수 없는 경우에는 가명에 의하여 처리될 수 있도
록 하여야 한다.<개정 2020. 2. 4.>
⑧ 개인정보처리자는 이 법 및 관계 법령에서 규정하고 있는 책임과 의무를 준수하고 실천함으로써 정보주체의 신
뢰를 얻기 위하여 노력하여야 한다.",2,2,726,true,true,false,false,true,false,false,2025-10-02,active,https://www.law.go.kr/법령/개인정보보호법,/Users/munchaerin/Desktop/졸프 data/개인정보 보호법(법률)(제20897호)(20251002).pdf
kr-pipa-active-20251002__0004,kr-pipa-active-20251002,4,제4조,제4조(정보주체의 권리),ARTICLE,"제4조(정보주체의 권리) 정보주체는 자신의 개인정보 처리와 관련하여 다음 각 호의 권리를 가진다. <개정 2023. 3.
14.>
1. 개인정보의 처리에 관한 정보를 제공받을 권리
2. 개인정보의 처리에 관한 동의 여부, 동의 범위 등을 선택하고 결정할 권리
3. 개인정보의 처리 여부를 확인하고 개인정보에 대한 열람(사본의 발급을 포함한다. 이하 같다) 및 전송을 요구할
권리
4. 개인정보의 처리 정지, 정정ㆍ삭제 및 파기를 요구할 권리
5. 개인정보의 처리로 인하여 발생한 피해를 신속하고 공정한 절차에 따라 구제받을 권리
6. 완전히 자동화된 개인정보 처리에 따른 결정을 거부하거나 그에 대한 설명 등을 요구할 권리",2,2,348,true,true,false,false,true,false,false,2025-10-02,active,https://www.law.go.kr/법령/개인정보보호법,/Users/munchaerin/Desktop/졸프 data/개인정보 보호법(법률)(제20897호)(20251002).pdf
kr-pipa-active-20251002__0005,kr-pipa-active-20251002,5,제5조,제5조(국가 등의 책무),ARTICLE,"제5조(국가 등의 책무) ① 국가와 지방자치단체는 개인정보의 목적 외 수집, 오용ㆍ남용 및 무분별한 감시ㆍ추적 등에
따른 폐해를 방지하여 인간의 존엄과 개인의 사생활 보호를 도모하기 위한 시책을 강구하여야 한다.
② 국가와 지방자치단체는 제4조에 따른 정보주체의 권리를 보호하기 위하여 법령의 개선 등 필요한 시책을 마련하
여야 한다.
③ 국가와 지방자치단체는 만 14세 미만 아동이 개인정보 처리가 미치는 영향과 정보주체의 권리 등을 명확하게 알
수 있도록 만 14세 미만 아동의 개인정보 보호에 필요한 시책을 마련하여야 한다.<신설 2023. 3. 14.>
④ 국가와 지방자치단체는 개인정보의 처리에 관한 불합리한 사회적 관행을 개선하기 위하여 개인정보처리자의 자
율적인 개인정보 보호활동을 존중하고 촉진ㆍ지원하여야 한다.<개정 2023. 3. 14.>
⑤ 국가와 지방자치단체는 개인정보의 처리에 관한 법령 또는 조례를 적용할 때에는 정보주체의 권리가 보장될 수
있도록 개인정보 보호 원칙에 맞게 적용하여야 한다.<개정 2023. 3. 14.>",2,2,530,true,true,false,false,true,false,false,2025-10-02,active,https://www.law.go.kr/법령/개인정보보호법,/Users/munchaerin/Desktop/졸프 data/개인정보 보호법(법률)(제20897호)(20251002).pdf
kr-pipa-active-20251002__0006,kr-pipa-active-20251002,6,제6조,제6조(다른 법률과의 관계),ARTICLE,"제6조(다른 법률과의 관계) ① 개인정보의 처리 및 보호에 관하여 다른 법률에 특별한 규정이 있는 경우를 제외하고는
이 법에서 정하는 바에 따른다. <개정 2014. 3. 24., 2023. 3. 14.>
② 개인정보의 처리 및 보호에 관한 다른 법률을 제정하거나 개정하는 경우에는 이 법의 목적과 원칙에 맞도록 하
여야 한다.<신설 2023. 3. 14.>
제2장 개인정보 보호정책의 수립 등

개인정보 보호법",2,3,230,true,true,false,false,true,false,false,2025-10-02,active,https://www.law.go.kr/법령/개인정보보호법,/Users/munchaerin/Desktop/졸프 data/개인정보 보호법(법률)(제20897호)(20251002).pdf
kr-pipa-active-20251002__0007,kr-pipa-active-20251002,7,제7조,제7조(개인정보 보호위원회),ARTICLE,"제7조(개인정보 보호위원회) ① 개인정보 보호에 관한 사무를 독립적으로 수행하기 위하여 국무총리 소속으로 개인정
보 보호위원회(이하 “보호위원회”라 한다)를 둔다. <개정 2020. 2. 4.>
② 보호위원회는 「정부조직법」 제2조에 따른 중앙행정기관으로 본다. 다만, 다음 각 호의 사항에 대하여는 「정부조
직법」 제18조를 적용하지 아니한다.<개정 2020. 2. 4.>
1. 제7조의8제3호 및 제4호의 사무
2. 제7조의9제1항의 심의ㆍ의결 사항 중 제1호에 해당하는 사항
③ 삭제<2020. 2. 4.>
④ 삭제<2020. 2. 4.>
⑤ 삭제<2020. 2. 4.>
⑥ 삭제<2020. 2. 4.>
⑦ 삭제<2020. 2. 4.>
⑧ 삭제<2020. 2. 4.>
⑨ 삭제<2020. 2. 4.>",3,3,394,true,true,false,false,true,false,false,2025-10-02,active,https://www.law.go.kr/법령/개인정보보호법,/Users/munchaerin/Desktop/졸프 data/개인정보 보호법(법률)(제20897호)(20251002).pdf
kr-pipa-active-20251002__0008,kr-pipa-active-20251002,8,제7조의2,제7조의2(보호위원회의 구성 등),ARTICLE,"제7조의2(보호위원회의 구성 등) ① 보호위원회는 상임위원 2명(위원장 1명, 부위원장 1명)을 포함한 9명의 위원으로
구성한다.
② 보호위원회의 위원은 개인정보 보호에 관한 경력과 전문지식이 풍부한 다음 각 호의 사람 중에서 위원장과 부위
원장은 국무총리의 제청으로, 그 외 위원 중 2명은 위원장의 제청으로, 2명은 대통령이 소속되거나 소속되었던 정당
의 교섭단체 추천으로, 3명은 그 외의 교섭단체 추천으로 대통령이 임명 또는 위촉한다.
1. 개인정보 보호 업무를 담당하는 3급 이상 공무원(고위공무원단에 속하는 공무원을 포함한다)의 직에 있거나 있었
던 사람
2. 판사ㆍ검사ㆍ변호사의 직에 10년 이상 있거나 있었던 사람
3. 공공기관 또는 단체(개인정보처리자로 구성된 단체를 포함한다)에 3년 이상 임원으로 재직하였거나 이들 기관 또
는 단체로부터 추천받은 사람으로서 개인정보 보호 업무를 3년 이상 담당하였던 사람
4. 개인정보 관련 분야에 전문지식이 있고 「고등교육법」 제2조제1호에 따른 학교에서 부교수 이상으로 5년 이상 재
직하고 있거나 재직하였던 사람
③ 위원장과 부위원장은 정무직 공무원으로 임명한다.
④ 위원장, 부위원장, 제7조의13에 따른 사무처의 장은 「정부조직법」 제10조에도 불구하고 정부위원이 된다.
[본조신설 2020. 2. 4.]",3,3,653,true,true,false,true,true,false,false,2025-10-02,active,https://www.law.go.kr/법령/개인정보보호법,/Users/munchaerin/Desktop/졸프 data/개인정보 보호법(법률)(제20897호)(20251002).pdf
kr-pipa-active-20251002__0009,kr-pipa-active-20251002,9,제7조의3,제7조의3(위원장),ARTICLE,"제7조의3(위원장) ① 위원장은 보호위원회를 대표하고, 보호위원회의 회의를 주재하며, 소관 사무를 총괄한다.
② 위원장이 부득이한 사유로 직무를 수행할 수 없을 때에는 부위원장이 그 직무를 대행하고, 위원장ㆍ부위원장이
모두 부득이한 사유로 직무를 수행할 수 없을 때에는 위원회가 미리 정하는 위원이 위원장의 직무를 대행한다.
③ 위원장은 국회에 출석하여 보호위원회의 소관 사무에 관하여 의견을 진술할 수 있으며, 국회에서 요구하면 출석
하여 보고하거나 답변하여야 한다.
④ 위원장은 국무회의에 출석하여 발언할 수 있으며, 그 소관 사무에 관하여 국무총리에게 의안 제출을 건의할 수
있다.
[본조신설 2020. 2. 4.]",3,3,347,true,true,false,false,false,false,false,2025-10-02,active,https://www.law.go.kr/법령/개인정보보호법,/Users/munchaerin/Desktop/졸프 data/개인정보 보호법(법률)(제20897호)(20251002).pdf
kr-pipa-active-20251002__0010,kr-pipa-active-20251002,10,제7조의4,제7조의4(위원의 임기),ARTICLE,"제7조의4(위원의 임기) ① 위원의 임기는 3년으로 하되, 한 차례만 연임할 수 있다.
② 위원이 궐위된 때에는 지체 없이 새로운 위원을 임명 또는 위촉하여야 한다. 이 경우 후임으로 임명 또는 위촉된
위원의 임기는 새로이 개시된다.
[본조신설 2020. 2. 4.]

개인정보 보호법",3,4,159,true,true,false,false,true,false,false,2025-10-02,active,https://www.law.go.kr/법령/개인정보보호법,/Users/munchaerin/Desktop/졸프 data/개인정보 보호법(법률)(제20897호)(20251002).pdf
kr-pipa-active-20251002__0011,kr-pipa-active-20251002,11,제7조의5,제7조의5(위원의 신분보장),ARTICLE,"제7조의5(위원의 신분보장) ① 위원은 다음 각 호의 어느 하나에 해당하는 경우를 제외하고는 그 의사에 반하여 면직
또는 해촉되지 아니한다.
1. 장기간 심신장애로 인하여 직무를 수행할 수 없게 된 경우
2. 제7조의7의 결격사유에 해당하는 경우
3. 이 법 또는 그 밖의 다른 법률에 따른 직무상의 의무를 위반한 경우
② 위원은 법률과 양심에 따라 독립적으로 직무를 수행한다.
[본조신설 2020. 2. 4.]",4,4,230,true,true,false,false,false,false,false,2025-10-02,active,https://www.law.go.kr/법령/개인정보보호법,/Users/munchaerin/Desktop/졸프 data/개인정보 보호법(법률)(제20897호)(20251002).pdf
kr-pipa-active-20251002__0012,kr-pipa-active-20251002,12,제7조의6,제7조의6(겸직금지 등),ARTICLE,"제7조의6(겸직금지 등) ① 위원은 재직 중 다음 각 호의 직(職)을 겸하거나 직무와 관련된 영리업무에 종사하여서는 아
니 된다.
1. 국회의원 또는 지방의회의원
2. 국가공무원 또는 지방공무원
3. 그 밖에 대통령령으로 정하는 직
② 제1항에 따른 영리업무에 관한 사항은 대통령령으로 정한다.
③ 위원은 정치활동에 관여할 수 없다.
[본조신설 2020. 2. 4.]",4,4,205,true,true,false,false,false,false,false,2025-10-02,active,https://www.law.go.kr/법령/개인정보보호법,/Users/munchaerin/Desktop/졸프 data/개인정보 보호법(법률)(제20897호)(20251002).pdf
kr-pipa-active-20251002__0013,kr-pipa-active-20251002,13,제7조의7,제7조의7(결격사유),ARTICLE,"제7조의7(결격사유) ① 다음 각 호의 어느 하나에 해당하는 사람은 위원이 될 수 없다.
1. 대한민국 국민이 아닌 사람
2. 「국가공무원법」 제33조 각 호의 어느 하나에 해당하는 사람
3. 「정당법」 제22조에 따른 당원
② 위원이 제1항 각 호의 어느 하나에 해당하게 된 때에는 그 직에서 당연 퇴직한다. 다만, 「국가공무원법」 제33조
제2호는 파산선고를 받은 사람으로서 「채무자 회생 및 파산에 관한 법률」에 따라 신청기한 내에 면책신청을 하지
아니하였거나 면책불허가 결정 또는 면책 취소가 확정된 경우만 해당하고, 같은 법 제33조제5호는 「형법」 제129조
부터 제132조까지, 「성폭력범죄의 처벌 등에 관한 특례법」 제2조, 「아동ㆍ청소년의 성보호에 관한 법률」 제2조제
2호 및 직무와 관련하여 「형법」 제355조 또는 제356조에 규정된 죄를 범한 사람으로서 금고 이상의 형의 선고유예
를 받은 경우만 해당한다.
[본조신설 2020. 2. 4.]",4,4,483,true,true,false,false,false,false,false,2025-10-02,active,https://www.law.go.kr/법령/개인정보보호법,/Users/munchaerin/Desktop/졸프 data/개인정보 보호법(법률)(제20897호)(20251002).pdf
kr-pipa-active-20251002__0014,kr-pipa-active-20251002,14,제7조의8,제7조의8(보호위원회의 소관 사무),ARTICLE,"제7조의8(보호위원회의 소관 사무) 보호위원회는 다음 각 호의 소관 사무를 수행한다. <개정 2023. 3. 14.>
1. 개인정보의 보호와 관련된 법령의 개선에 관한 사항
2. 개인정보 보호와 관련된 정책ㆍ제도ㆍ계획 수립ㆍ집행에 관한 사항
3. 정보주체의 권리침해에 대한 조사 및 이에 따른 처분에 관한 사항
4. 개인정보의 처리와 관련한 고충처리ㆍ권리구제 및 개인정보에 관한 분쟁의 조정
5. 개인정보 보호를 위한 국제기구 및 외국의 개인정보 보호기구와의 교류ㆍ협력
6. 개인정보 보호에 관한 법령ㆍ정책ㆍ제도ㆍ실태 등의 조사ㆍ연구, 교육 및 홍보에 관한 사항
7. 개인정보 보호에 관한 기술개발의 지원ㆍ보급, 기술의 표준화 및 전문인력의 양성에 관한 사항
8. 이 법 및 다른 법령에 따라 보호위원회의 사무로 규정된 사항
[본조신설 2020. 2. 4.]",4,4,424,true,true,false,false,true,false,false,2025-10-02,active,https://www.law.go.kr/법령/개인정보보호법,/Users/munchaerin/Desktop/졸프 data/개인정보 보호법(법률)(제20897호)(20251002).pdf
kr-pipa-active-20251002__0015,kr-pipa-active-20251002,15,제7조의9,제7조의9(보호위원회의 심의ㆍ의결 사항 등),ARTICLE,"제7조의9(보호위원회의 심의ㆍ의결 사항 등) ① 보호위원회는 다음 각 호의 사항을 심의ㆍ의결한다. <개정 2023. 3.
14.>
1. 제8조의2에 따른 개인정보 침해요인 평가에 관한 사항
2. 제9조에 따른 기본계획 및 제10조에 따른 시행계획에 관한 사항

개인정보 보호법
3. 개인정보 보호와 관련된 정책, 제도 및 법령의 개선에 관한 사항
4. 개인정보의 처리에 관한 공공기관 간의 의견조정에 관한 사항
5. 개인정보 보호에 관한 법령의 해석ㆍ운용에 관한 사항
6. 제18조제2항제5호에 따른 개인정보의 이용ㆍ제공에 관한 사항
6의2. 제28조의9에 따른 개인정보의 국외 이전 중지 명령에 관한 사항
7. 제33조제4항에 따른 영향평가 결과에 관한 사항
8. 제64조의2에 따른 과징금 부과에 관한 사항
9. 제61조에 따른 의견제시 및 개선권고에 관한 사항
9의2. 제63조의2제2항에 따른 시정권고에 관한 사항
10. 제64조에 따른 시정조치 등에 관한 사항
11. 제65조에 따른 고발 및 징계권고에 관한 사항
12. 제66조에 따른 처리 결과의 공표 및 공표명령에 관한 사항
13. 제75조에 따른 과태료 부과에 관한 사항
14. 소관 법령 및 보호위원회 규칙의 제정ㆍ개정 및 폐지에 관한 사항
15. 개인정보 보호와 관련하여 보호위원회의 위원장 또는 위원 2명 이상이 회의에 부치는 사항
16. 그 밖에 이 법 또는 다른 법령에 따라 보호위원회가 심의ㆍ의결하는 사항
② 보호위원회는 제1항 각 호의 사항을 심의ㆍ의결하기 위하여 필요한 경우 다음 각 호의 조치를 할 수 있다.
1. 관계 공무원, 개인정보 보호에 관한 전문 지식이 있는 사람이나 시민사회단체 및 관련 사업자로부터의 의견 청취
2. 관계 기관 등에 대한 자료제출이나 사실조회 요구
③ 제2항제2호에 따른 요구를 받은 관계 기관 등은 특별한 사정이 없으면 이에 따라야 한다.
④ 보호위원회는 제1항제3호의 사항을 심의ㆍ의결한 경우에는 관계 기관에 그 개선을 권고할 수 있다.
⑤ 보호위원회는 제4항에 따른 권고 내용의 이행 여부를 점검할 수 있다.
[본조신설 2020. 2. 4.]",4,5,1040,true,true,false,false,true,false,false,2025-10-02,active,https://www.law.go.kr/법령/개인정보보호법,/Users/munchaerin/Desktop/졸프 data/개인정보 보호법(법률)(제20897호)(20251002).pdf
kr-pipa-active-20251002__0016,kr-pipa-active-20251002,16,제7조의10,제7조의10(회의),ARTICLE,"제7조의10(회의) ① 보호위원회의 회의는 위원장이 필요하다고 인정하거나 재적위원 4분의 1 이상의 요구가 있는 경우
에 위원장이 소집한다.
② 위원장 또는 2명 이상의 위원은 보호위원회에 의안을 제의할 수 있다.
③ 보호위원회의 회의는 재적위원 과반수의 출석으로 개의하고, 출석위원 과반수의 찬성으로 의결한다.
[본조신설 2020. 2. 4.]",5,5,193,true,true,false,false,false,false,false,2025-10-02,active,https://www.law.go.kr/법령/개인정보보호법,/Users/munchaerin/Desktop/졸프 data/개인정보 보호법(법률)(제20897호)(20251002).pdf
kr-pipa-active-20251002__0017,kr-pipa-active-20251002,17,제7조의11,제7조의11(위원의 제척ㆍ기피ㆍ회피),ARTICLE,"제7조의11(위원의 제척ㆍ기피ㆍ회피) ① 위원은 다음 각 호의 어느 하나에 해당하는 경우에는 심의ㆍ의결에서 제척된
다.
1. 위원 또는 그 배우자나 배우자였던 자가 해당 사안의 당사자가 되거나 그 사건에 관하여 공동의 권리자 또는 의
무자의 관계에 있는 경우
2. 위원이 해당 사안의 당사자와 친족이거나 친족이었던 경우
3. 위원이 해당 사안에 관하여 증언, 감정, 법률자문을 한 경우
4. 위원이 해당 사안에 관하여 당사자의 대리인으로서 관여하거나 관여하였던 경우
5. 위원이나 위원이 속한 공공기관ㆍ법인 또는 단체 등이 조언 등 지원을 하고 있는 자와 이해관계가 있는 경우
② 위원에게 심의ㆍ의결의 공정을 기대하기 어려운 사정이 있는 경우 당사자는 기피 신청을 할 수 있고, 보호위원회
는 의결로 이를 결정한다.
③ 위원이 제1항 또는 제2항의 사유가 있는 경우에는 해당 사안에 대하여 회피할 수 있다.
[본조신설 2020. 2. 4.]",5,5,470,true,true,false,false,true,false,false,2025-10-02,active,https://www.law.go.kr/법령/개인정보보호법,/Users/munchaerin/Desktop/졸프 data/개인정보 보호법(법률)(제20897호)(20251002).pdf
kr-pipa-active-20251002__0018,kr-pipa-active-20251002,18,제7조의12,제7조의12(소위원회),ARTICLE,"제7조의12(소위원회) ① 보호위원회는 효율적인 업무 수행을 위하여 개인정보 침해 정도가 경미하거나 유사ㆍ반복되
는 사항 등을 심의ㆍ의결할 소위원회를 둘 수 있다.

개인정보 보호법
② 소위원회는 3명의 위원으로 구성한다.
③ 소위원회가 제1항에 따라 심의ㆍ의결한 것은 보호위원회가 심의ㆍ의결한 것으로 본다.
④ 소위원회의 회의는 구성위원 전원의 출석과 출석위원 전원의 찬성으로 의결한다.
[본조신설 2020. 2. 4.]",5,6,236,true,true,false,false,true,false,false,2025-10-02,active,https://www.law.go.kr/법령/개인정보보호법,/Users/munchaerin/Desktop/졸프 data/개인정보 보호법(법률)(제20897호)(20251002).pdf
kr-pipa-active-20251002__0019,kr-pipa-active-20251002,19,제7조의13,제7조의13(사무처),ARTICLE,"제7조의13(사무처) 보호위원회의 사무를 처리하기 위하여 보호위원회에 사무처를 두며, 이 법에 규정된 것 외에 보호위
원회의 조직에 관한 사항은 대통령령으로 정한다.
[본조신설 2020. 2. 4.]",6,6,111,true,true,false,false,false,false,false,2025-10-02,active,https://www.law.go.kr/법령/개인정보보호법,/Users/munchaerin/Desktop/졸프 data/개인정보 보호법(법률)(제20897호)(20251002).pdf
kr-pipa-active-20251002__0020,kr-pipa-active-20251002,20,제7조의14,제7조의14(운영 등),ARTICLE,"제7조의14(운영 등) 이 법과 다른 법령에 규정된 것 외에 보호위원회의 운영 등에 필요한 사항은 보호위원회의 규칙으
로 정한다.
[본조신설 2020. 2. 4.]
제8조 삭제 <2020. 2. 4.>",6,6,112,true,true,false,false,false,false,false,2025-10-02,active,https://www.law.go.kr/법령/개인정보보호법,/Users/munchaerin/Desktop/졸프 data/개인정보 보호법(법률)(제20897호)(20251002).pdf
kr-pipa-active-20251002__0021,kr-pipa-active-20251002,21,제8조의2,제8조의2(개인정보 침해요인 평가),ARTICLE,"제8조의2(개인정보 침해요인 평가) ① 중앙행정기관의 장은 소관 법령의 제정 또는 개정을 통하여 개인정보 처리를 수
반하는 정책이나 제도를 도입ㆍ변경하는 경우에는 보호위원회에 개인정보 침해요인 평가를 요청하여야 한다.
② 보호위원회가 제1항에 따른 요청을 받은 때에는 해당 법령의 개인정보 침해요인을 분석ㆍ검토하여 그 법령의 소
관기관의 장에게 그 개선을 위하여 필요한 사항을 권고할 수 있다.
③ 제1항에 따른 개인정보 침해요인 평가의 절차와 방법에 관하여 필요한 사항은 대통령령으로 정한다.
[본조신설 2015. 7. 24.]",6,6,296,true,true,false,false,true,false,false,2025-10-02,active,https://www.law.go.kr/법령/개인정보보호법,/Users/munchaerin/Desktop/졸프 data/개인정보 보호법(법률)(제20897호)(20251002).pdf
kr-pipa-active-20251002__0022,kr-pipa-active-20251002,22,제9조,제9조(기본계획),ARTICLE,"제9조(기본계획) ① 보호위원회는 개인정보의 보호와 정보주체의 권익 보장을 위하여 3년마다 개인정보 보호 기본계획
(이하 “기본계획”이라 한다)을 관계 중앙행정기관의 장과 협의하여 수립한다. <개정 2013. 3. 23., 2014. 11. 19.,
2015. 7. 24.>
② 기본계획에는 다음 각 호의 사항이 포함되어야 한다.
1. 개인정보 보호의 기본목표와 추진방향
2. 개인정보 보호와 관련된 제도 및 법령의 개선
3. 개인정보 침해 방지를 위한 대책
4. 개인정보 보호 자율규제의 활성화
5. 개인정보 보호 교육ㆍ홍보의 활성화
6. 개인정보 보호를 위한 전문인력의 양성
7. 그 밖에 개인정보 보호를 위하여 필요한 사항
③ 국회, 법원, 헌법재판소, 중앙선거관리위원회는 해당 기관(그 소속 기관을 포함한다)의 개인정보 보호를 위한 기
본계획을 수립ㆍ시행할 수 있다.",6,6,433,true,true,false,false,true,false,false,2025-10-02,active,https://www.law.go.kr/법령/개인정보보호법,/Users/munchaerin/Desktop/졸프 data/개인정보 보호법(법률)(제20897호)(20251002).pdf
kr-pipa-active-20251002__0023,kr-pipa-active-20251002,23,제10조,제10조(시행계획),ARTICLE,"제10조(시행계획) ① 중앙행정기관의 장은 기본계획에 따라 매년 개인정보 보호를 위한 시행계획을 작성하여 보호위원
회에 제출하고, 보호위원회의 심의ㆍ의결을 거쳐 시행하여야 한다.
② 시행계획의 수립ㆍ시행에 필요한 사항은 대통령령으로 정한다.",6,6,134,true,true,false,false,true,false,false,2025-10-02,active,https://www.law.go.kr/법령/개인정보보호법,/Users/munchaerin/Desktop/졸프 data/개인정보 보호법(법률)(제20897호)(20251002).pdf
kr-pipa-active-20251002__0024,kr-pipa-active-20251002,24,제11조,제11조(자료제출 요구 등),ARTICLE,"제11조(자료제출 요구 등) ① 보호위원회는 기본계획을 효율적으로 수립하기 위하여 개인정보처리자, 관계 중앙행정기
관의 장, 지방자치단체의 장 및 관계 기관ㆍ단체 등에 개인정보처리자의 법규 준수 현황과 개인정보 관리 실태 등에
관한 자료의 제출이나 의견의 진술 등을 요구할 수 있다. <개정 2013. 3. 23., 2014. 11. 19., 2015. 7. 24.>
② 보호위원회는 개인정보 보호 정책 추진, 성과평가 등을 위하여 필요한 경우 개인정보처리자, 관계 중앙행정기관
의 장, 지방자치단체의 장 및 관계 기관ㆍ단체 등을 대상으로 개인정보관리 수준 및 실태파악 등을 위한 조사를 실
시할 수 있다.<신설 2015. 7. 24., 2017. 7. 26., 2020. 2. 4.>

개인정보 보호법
③ 중앙행정기관의 장은 시행계획을 효율적으로 수립ㆍ추진하기 위하여 소관 분야의 개인정보처리자에게 제1항에
따른 자료제출 등을 요구할 수 있다.<개정 2015. 7. 24.>
④ 제1항부터 제3항까지에 따른 자료제출 등을 요구받은 자는 특별한 사정이 없으면 이에 따라야 한다.<개정 2015.
7. 24.>
⑤ 제1항부터 제3항까지에 따른 자료제출 등의 범위와 방법 등 필요한 사항은 대통령령으로 정한다.<개정 2015. 7.
24.>",6,7,636,true,true,false,false,true,false,false,2025-10-02,active,https://www.law.go.kr/법령/개인정보보호법,/Users/munchaerin/Desktop/졸프 data/개인정보 보호법(법률)(제20897호)(20251002).pdf
kr-pipa-active-20251002__0025,kr-pipa-active-20251002,25,제11조의2,제11조의2(개인정보 보호수준 평가),ARTICLE,"제11조의2(개인정보 보호수준 평가) ① 보호위원회는 공공기관 중 중앙행정기관 및 그 소속기관, 지방자치단체, 그 밖
에 대통령령으로 정하는 기관을 대상으로 매년 개인정보 보호 정책ㆍ업무의 수행 및 이 법에 따른 의무의 준수 여부
등을 평가(이하 “개인정보 보호수준 평가”라 한다)하여야 한다.
② 보호위원회는 개인정보 보호수준 평가에 필요한 경우 해당 공공기관의 장에게 관련 자료를 제출하게 할 수 있다.
③ 보호위원회는 개인정보 보호수준 평가의 결과를 인터넷 홈페이지 등을 통하여 공개할 수 있다.
④ 보호위원회는 개인정보 보호수준 평가의 결과에 따라 우수기관 및 그 소속 직원에 대하여 포상할 수 있고, 개인
정보 보호를 위하여 필요하다고 인정하면 해당 공공기관의 장에게 개선을 권고할 수 있다. 이 경우 권고를 받은 공
공기관의 장은 이를 이행하기 위하여 성실하게 노력하여야 하며, 그 조치 결과를 보호위원회에 알려야 한다.
⑤ 그 밖에 개인정보 보호수준 평가의 기준ㆍ방법ㆍ절차 및 제2항에 따른 자료 제출의 범위 등에 필요한 사항은 대
통령령으로 정한다.
[본조신설 2023. 3. 14.]",7,7,559,true,true,false,false,true,false,false,2025-10-02,active,https://www.law.go.kr/법령/개인정보보호법,/Users/munchaerin/Desktop/졸프 data/개인정보 보호법(법률)(제20897호)(20251002).pdf
kr-pipa-active-20251002__0026,kr-pipa-active-20251002,26,제12조,제12조(개인정보 보호지침),ARTICLE,"제12조(개인정보 보호지침) ① 보호위원회는 개인정보의 처리에 관한 기준, 개인정보 침해의 유형 및 예방조치 등에 관
한 표준 개인정보 보호지침(이하 “표준지침”이라 한다)을 정하여 개인정보처리자에게 그 준수를 권장할 수 있다. <개
정 2013. 3. 23., 2014. 11. 19., 2017. 7. 26., 2020. 2. 4.>
② 중앙행정기관의 장은 표준지침에 따라 소관 분야의 개인정보 처리와 관련한 개인정보 보호지침을 정하여 개인
정보처리자에게 그 준수를 권장할 수 있다.
③ 국회, 법원, 헌법재판소 및 중앙선거관리위원회는 해당 기관(그 소속 기관을 포함한다)의 개인정보 보호지침을
정하여 시행할 수 있다.",7,7,348,true,true,false,false,true,false,false,2025-10-02,active,https://www.law.go.kr/법령/개인정보보호법,/Users/munchaerin/Desktop/졸프 data/개인정보 보호법(법률)(제20897호)(20251002).pdf
kr-pipa-active-20251002__0027,kr-pipa-active-20251002,27,제13조,제13조(자율규제의 촉진 및 지원),ARTICLE,"제13조(자율규제의 촉진 및 지원) 보호위원회는 개인정보처리자의 자율적인 개인정보 보호활동을 촉진하고 지원하기
위하여 다음 각 호의 필요한 시책을 마련하여야 한다. <개정 2013. 3. 23., 2014. 11. 19., 2017. 7. 26., 2020. 2. 4.>
1. 개인정보 보호에 관한 교육ㆍ홍보
2. 개인정보 보호와 관련된 기관ㆍ단체의 육성 및 지원
3. 개인정보 보호 인증마크의 도입ㆍ시행 지원
4. 개인정보처리자의 자율적인 규약의 제정ㆍ시행 지원
5. 그 밖에 개인정보처리자의 자율적 개인정보 보호활동을 지원하기 위하여 필요한 사항",7,7,307,true,true,false,false,true,false,false,2025-10-02,active,https://www.law.go.kr/법령/개인정보보호법,/Users/munchaerin/Desktop/졸프 data/개인정보 보호법(법률)(제20897호)(20251002).pdf
kr-pipa-active-20251002__0028,kr-pipa-active-20251002,28,제13조의2,제13조의2(개인정보 보호의 날),ARTICLE,"제13조의2(개인정보 보호의 날) ① 개인정보의 보호 및 처리의 중요성을 국민에게 알리기 위하여 매년 9월 30일을 개
인정보 보호의 날로 지정한다.
② 국가와 지방자치단체는 개인정보 보호의 날이 포함된 주간에 개인정보 보호 문화 확산을 위한 각종 행사를 실시
할 수 있다.
[본조신설 2023. 3. 14.]",7,7,173,true,true,false,false,true,false,false,2025-10-02,active,https://www.law.go.kr/법령/개인정보보호법,/Users/munchaerin/Desktop/졸프 data/개인정보 보호법(법률)(제20897호)(20251002).pdf
kr-pipa-active-20251002__0029,kr-pipa-active-20251002,29,제14조,제14조(국제협력),ARTICLE,"제14조(국제협력) ① 정부는 국제적 환경에서의 개인정보 보호 수준을 향상시키기 위하여 필요한 시책을 마련하여야
한다.
② 정부는 개인정보 국외 이전으로 인하여 정보주체의 권리가 침해되지 아니하도록 관련 시책을 마련하여야 한다.

개인정보 보호법
제3장 개인정보의 처리
제1절 개인정보의 수집, 이용, 제공 등",7,8,173,true,true,false,false,true,false,false,2025-10-02,active,https://www.law.go.kr/법령/개인정보보호법,/Users/munchaerin/Desktop/졸프 data/개인정보 보호법(법률)(제20897호)(20251002).pdf
kr-pipa-active-20251002__0030,kr-pipa-active-20251002,30,제15조,제15조(개인정보의 수집ㆍ이용),ARTICLE,"제15조(개인정보의 수집ㆍ이용) ① 개인정보처리자는 다음 각 호의 어느 하나에 해당하는 경우에는 개인정보를 수집할
수 있으며 그 수집 목적의 범위에서 이용할 수 있다. <개정 2023. 3. 14.>
1. 정보주체의 동의를 받은 경우
2. 법률에 특별한 규정이 있거나 법령상 의무를 준수하기 위하여 불가피한 경우
3. 공공기관이 법령 등에서 정하는 소관 업무의 수행을 위하여 불가피한 경우
4. 정보주체와 체결한 계약을 이행하거나 계약을 체결하는 과정에서 정보주체의 요청에 따른 조치를 이행하기 위하
여 필요한 경우
5. 명백히 정보주체 또는 제3자의 급박한 생명, 신체, 재산의 이익을 위하여 필요하다고 인정되는 경우
6. 개인정보처리자의 정당한 이익을 달성하기 위하여 필요한 경우로서 명백하게 정보주체의 권리보다 우선하는 경
우. 이 경우 개인정보처리자의 정당한 이익과 상당한 관련이 있고 합리적인 범위를 초과하지 아니하는 경우에 한
한다.
7. 공중위생 등 공공의 안전과 안녕을 위하여 긴급히 필요한 경우
② 개인정보처리자는 제1항제1호에 따른 동의를 받을 때에는 다음 각 호의 사항을 정보주체에게 알려야 한다. 다음
각 호의 어느 하나의 사항을 변경하는 경우에도 이를 알리고 동의를 받아야 한다.
1. 개인정보의 수집ㆍ이용 목적
2. 수집하려는 개인정보의 항목
3. 개인정보의 보유 및 이용 기간
4. 동의를 거부할 권리가 있다는 사실 및 동의 거부에 따른 불이익이 있는 경우에는 그 불이익의 내용
③ 개인정보처리자는 당초 수집 목적과 합리적으로 관련된 범위에서 정보주체에게 불이익이 발생하는지 여부, 암호
화 등 안전성 확보에 필요한 조치를 하였는지 여부 등을 고려하여 대통령령으로 정하는 바에 따라 정보주체의 동의
없이 개인정보를 이용할 수 있다.<신설 2020. 2. 4.>",8,8,888,true,true,false,false,true,false,false,2025-10-02,active,https://www.law.go.kr/법령/개인정보보호법,/Users/munchaerin/Desktop/졸프 data/개인정보 보호법(법률)(제20897호)(20251002).pdf
kr-pipa-active-20251002__0031,kr-pipa-active-20251002,31,제16조,제16조(개인정보의 수집 제한),ARTICLE,"제16조(개인정보의 수집 제한) ① 개인정보처리자는 제15조제1항 각 호의 어느 하나에 해당하여 개인정보를 수집하는
경우에는 그 목적에 필요한 최소한의 개인정보를 수집하여야 한다. 이 경우 최소한의 개인정보 수집이라는 입증책임
은 개인정보처리자가 부담한다.
② 개인정보처리자는 정보주체의 동의를 받아 개인정보를 수집하는 경우 필요한 최소한의 정보 외의 개인정보 수
집에는 동의하지 아니할 수 있다는 사실을 구체적으로 알리고 개인정보를 수집하여야 한다.<신설 2013. 8. 6.>
③ 개인정보처리자는 정보주체가 필요한 최소한의 정보 외의 개인정보 수집에 동의하지 아니한다는 이유로 정보주
체에게 재화 또는 서비스의 제공을 거부하여서는 아니 된다.<개정 2013. 8. 6.>",8,8,377,true,true,false,false,true,false,false,2025-10-02,active,https://www.law.go.kr/법령/개인정보보호법,/Users/munchaerin/Desktop/졸프 data/개인정보 보호법(법률)(제20897호)(20251002).pdf
kr-pipa-active-20251002__0032,kr-pipa-active-20251002,32,제17조,제17조(개인정보의 제공),ARTICLE,"제17조(개인정보의 제공) ① 개인정보처리자는 다음 각 호의 어느 하나에 해당되는 경우에는 정보주체의 개인정보를
제3자에게 제공(공유를 포함한다. 이하 같다)할 수 있다. <개정 2020. 2. 4., 2023. 3. 14.>
1. 정보주체의 동의를 받은 경우
2. 제15조제1항제2호, 제3호 및 제5호부터 제7호까지에 따라 개인정보를 수집한 목적 범위에서 개인정보를 제공하
는 경우
② 개인정보처리자는 제1항제1호에 따른 동의를 받을 때에는 다음 각 호의 사항을 정보주체에게 알려야 한다. 다음
각 호의 어느 하나의 사항을 변경하는 경우에도 이를 알리고 동의를 받아야 한다.
1. 개인정보를 제공받는 자
2. 개인정보를 제공받는 자의 개인정보 이용 목적
3. 제공하는 개인정보의 항목
4. 개인정보를 제공받는 자의 개인정보 보유 및 이용 기간

개인정보 보호법
5. 동의를 거부할 권리가 있다는 사실 및 동의 거부에 따른 불이익이 있는 경우에는 그 불이익의 내용
③ 삭제<2023. 3. 14.>
④ 개인정보처리자는 당초 수집 목적과 합리적으로 관련된 범위에서 정보주체에게 불이익이 발생하는지 여부, 암호
화 등 안전성 확보에 필요한 조치를 하였는지 여부 등을 고려하여 대통령령으로 정하는 바에 따라 정보주체의 동의
없이 개인정보를 제공할 수 있다.<신설 2020. 2. 4.>",8,9,661,true,true,false,false,true,false,false,2025-10-02,active,https://www.law.go.kr/법령/개인정보보호법,/Users/munchaerin/Desktop/졸프 data/개인정보 보호법(법률)(제20897호)(20251002).pdf
kr-pipa-active-20251002__0033,kr-pipa-active-20251002,33,제18조,제18조(개인정보의 목적 외 이용ㆍ제공 제한),ARTICLE,"제18조(개인정보의 목적 외 이용ㆍ제공 제한) ① 개인정보처리자는 개인정보를 제15조제1항에 따른 범위를 초과하여
이용하거나 제17조제1항 및 제28조의8제1항에 따른 범위를 초과하여 제3자에게 제공하여서는 아니 된다. <개정
2020. 2. 4., 2023. 3. 14.>
② 제1항에도 불구하고 개인정보처리자는 다음 각 호의 어느 하나에 해당하는 경우에는 정보주체 또는 제3자의 이
익을 부당하게 침해할 우려가 있을 때를 제외하고는 개인정보를 목적 외의 용도로 이용하거나 이를 제3자에게 제공
할 수 있다. 다만, 제5호부터 제9호까지에 따른 경우는 공공기관의 경우로 한정한다.<개정 2020. 2. 4., 2023. 3. 14.>
1. 정보주체로부터 별도의 동의를 받은 경우
2. 다른 법률에 특별한 규정이 있는 경우
3. 명백히 정보주체 또는 제3자의 급박한 생명, 신체, 재산의 이익을 위하여 필요하다고 인정되는 경우
4. 삭제<2020. 2. 4.>
5. 개인정보를 목적 외의 용도로 이용하거나 이를 제3자에게 제공하지 아니하면 다른 법률에서 정하는 소관 업무를
수행할 수 없는 경우로서 보호위원회의 심의ㆍ의결을 거친 경우
6. 조약, 그 밖의 국제협정의 이행을 위하여 외국정부 또는 국제기구에 제공하기 위하여 필요한 경우
7. 범죄의 수사와 공소의 제기 및 유지를 위하여 필요한 경우
8. 법원의 재판업무 수행을 위하여 필요한 경우
9. 형(刑) 및 감호, 보호처분의 집행을 위하여 필요한 경우
10. 공중위생 등 공공의 안전과 안녕을 위하여 긴급히 필요한 경우
③ 개인정보처리자는 제2항제1호에 따른 동의를 받을 때에는 다음 각 호의 사항을 정보주체에게 알려야 한다. 다음
각 호의 어느 하나의 사항을 변경하는 경우에도 이를 알리고 동의를 받아야 한다.
1. 개인정보를 제공받는 자
2. 개인정보의 이용 목적(제공 시에는 제공받는 자의 이용 목적을 말한다)
3. 이용 또는 제공하는 개인정보의 항목
4. 개인정보의 보유 및 이용 기간(제공 시에는 제공받는 자의 보유 및 이용 기간을 말한다)
5. 동의를 거부할 권리가 있다는 사실 및 동의 거부에 따른 불이익이 있는 경우에는 그 불이익의 내용
④ 공공기관은 제2항제2호부터 제6호까지, 제8호부터 제10호까지에 따라 개인정보를 목적 외의 용도로 이용하거나
이를 제3자에게 제공하는 경우에는 그 이용 또는 제공의 법적 근거, 목적 및 범위 등에 관하여 필요한 사항을 보호
위원회가 고시로 정하는 바에 따라 관보 또는 인터넷 홈페이지 등에 게재하여야 한다.<개정 2013. 3. 23., 2014. 11.
19., 2017. 7. 26., 2020. 2. 4., 2023. 3. 14.>
⑤ 개인정보처리자는 제2항 각 호의 어느 하나의 경우에 해당하여 개인정보를 목적 외의 용도로 제3자에게 제공하
는 경우에는 개인정보를 제공받는 자에게 이용 목적, 이용 방법, 그 밖에 필요한 사항에 대하여 제한을 하거나, 개인
정보의 안전성 확보를 위하여 필요한 조치를 마련하도록 요청하여야 한다. 이 경우 요청을 받은 자는 개인정보의 안
전성 확보를 위하여 필요한 조치를 하여야 한다.
[제목개정 2013. 8. 6.]",9,9,1550,true,true,false,false,true,false,false,2025-10-02,active,https://www.law.go.kr/법령/개인정보보호법,/Users/munchaerin/Desktop/졸프 data/개인정보 보호법(법률)(제20897호)(20251002).pdf
kr-pipa-active-20251002__0034,kr-pipa-active-20251002,34,제19조,제19조(개인정보를 제공받은 자의 이용ㆍ제공 제한),ARTICLE,"제19조(개인정보를 제공받은 자의 이용ㆍ제공 제한) 개인정보처리자로부터 개인정보를 제공받은 자는 다음 각 호의 어
느 하나에 해당하는 경우를 제외하고는 개인정보를 제공받은 목적 외의 용도로 이용하거나 이를 제3자에게 제공하
여서는 아니 된다.
1. 정보주체로부터 별도의 동의를 받은 경우

개인정보 보호법
2. 다른 법률에 특별한 규정이 있는 경우",9,10,194,true,true,false,false,true,false,false,2025-10-02,active,https://www.law.go.kr/법령/개인정보보호법,/Users/munchaerin/Desktop/졸프 data/개인정보 보호법(법률)(제20897호)(20251002).pdf
kr-pipa-active-20251002__0035,kr-pipa-active-20251002,35,제20조,제20조(정보주체 이외로부터 수집한 개인정보의 수집 출처 등 통지),ARTICLE,"제20조(정보주체 이외로부터 수집한 개인정보의 수집 출처 등 통지) ① 개인정보처리자가 정보주체 이외로부터 수집한
개인정보를 처리하는 때에는 정보주체의 요구가 있으면 즉시 다음 각 호의 모든 사항을 정보주체에게 알려야 한다.
<개정 2023. 3. 14.>
1. 개인정보의 수집 출처
2. 개인정보의 처리 목적
3. 제37조에 따른 개인정보 처리의 정지를 요구하거나 동의를 철회할 권리가 있다는 사실
② 제1항에도 불구하고 처리하는 개인정보의 종류ㆍ규모, 종업원 수 및 매출액 규모 등을 고려하여 대통령령으로
정하는 기준에 해당하는 개인정보처리자가 제17조제1항제1호에 따라 정보주체 이외로부터 개인정보를 수집하여
처리하는 때에는 제1항 각 호의 모든 사항을 정보주체에게 알려야 한다. 다만, 개인정보처리자가 수집한 정보에 연
락처 등 정보주체에게 알릴 수 있는 개인정보가 포함되지 아니한 경우에는 그러하지 아니하다.<신설 2016. 3. 29.>
③ 제2항 본문에 따라 알리는 경우 정보주체에게 알리는 시기ㆍ방법 및 절차 등 필요한 사항은 대통령령으로 정한
다.<신설 2016. 3. 29.>
④ 제1항과 제2항 본문은 다음 각 호의 어느 하나에 해당하는 경우에는 적용하지 아니한다. 다만, 이 법에 따른 정
보주체의 권리보다 명백히 우선하는 경우에 한한다.<개정 2016. 3. 29., 2023. 3. 14.>
1. 통지를 요구하는 대상이 되는 개인정보가 제32조제2항 각 호의 어느 하나에 해당하는 개인정보파일에 포함되어
있는 경우
2. 통지로 인하여 다른 사람의 생명ㆍ신체를 해할 우려가 있거나 다른 사람의 재산과 그 밖의 이익을 부당하게 침해
할 우려가 있는 경우
[제목개정 2023. 3. 14.]",10,10,845,true,true,false,false,true,false,false,2025-10-02,active,https://www.law.go.kr/법령/개인정보보호법,/Users/munchaerin/Desktop/졸프 data/개인정보 보호법(법률)(제20897호)(20251002).pdf
kr-pipa-active-20251002__0036,kr-pipa-active-20251002,36,제20조의2,제20조의2(개인정보 이용ㆍ제공 내역의 통지),ARTICLE,"제20조의2(개인정보 이용ㆍ제공 내역의 통지) ① 대통령령으로 정하는 기준에 해당하는 개인정보처리자는 이 법에 따
라 수집한 개인정보의 이용ㆍ제공 내역이나 이용ㆍ제공 내역을 확인할 수 있는 정보시스템에 접속하는 방법을 주기
적으로 정보주체에게 통지하여야 한다. 다만, 연락처 등 정보주체에게 통지할 수 있는 개인정보를 수집ㆍ보유하지
아니한 경우에는 통지하지 아니할 수 있다.
② 제1항에 따른 통지의 대상이 되는 정보주체의 범위, 통지 대상 정보, 통지 주기 및 방법 등에 필요한 사항은 대통
령령으로 정한다.
[본조신설 2023. 3. 14.]",10,10,305,true,true,false,false,true,false,false,2025-10-02,active,https://www.law.go.kr/법령/개인정보보호법,/Users/munchaerin/Desktop/졸프 data/개인정보 보호법(법률)(제20897호)(20251002).pdf
kr-pipa-active-20251002__0037,kr-pipa-active-20251002,37,제21조,제21조(개인정보의 파기),ARTICLE,"제21조(개인정보의 파기) ① 개인정보처리자는 보유기간의 경과, 개인정보의 처리 목적 달성, 가명정보의 처리 기간 경
과 등 그 개인정보가 불필요하게 되었을 때에는 지체 없이 그 개인정보를 파기하여야 한다. 다만, 다른 법령에 따라
보존하여야 하는 경우에는 그러하지 아니하다. <개정 2023. 3. 14.>
② 개인정보처리자가 제1항에 따라 개인정보를 파기할 때에는 복구 또는 재생되지 아니하도록 조치하여야 한다.
③ 개인정보처리자가 제1항 단서에 따라 개인정보를 파기하지 아니하고 보존하여야 하는 경우에는 해당 개인정보
또는 개인정보파일을 다른 개인정보와 분리하여서 저장ㆍ관리하여야 한다.
④ 개인정보의 파기방법 및 절차 등에 필요한 사항은 대통령령으로 정한다.",10,10,372,true,true,false,false,true,false,false,2025-10-02,active,https://www.law.go.kr/법령/개인정보보호법,/Users/munchaerin/Desktop/졸프 data/개인정보 보호법(법률)(제20897호)(20251002).pdf
kr-pipa-active-20251002__0038,kr-pipa-active-20251002,38,제22조,제22조(동의를 받는 방법),ARTICLE,"제22조(동의를 받는 방법) ① 개인정보처리자는 이 법에 따른 개인정보의 처리에 대하여 정보주체(제22조의2제1항에
따른 법정대리인을 포함한다. 이하 이 조에서 같다)의 동의를 받을 때에는 각각의 동의 사항을 구분하여 정보주체가
이를 명확하게 인지할 수 있도록 알리고 동의를 받아야 한다. 이 경우 다음 각 호의 경우에는 동의 사항을 구분하여
각각 동의를 받아야 한다. <개정 2017. 4. 18., 2023. 3. 14.>
1. 제15조제1항제1호에 따라 동의를 받는 경우
2. 제17조제1항제1호에 따라 동의를 받는 경우

개인정보 보호법
3. 제18조제2항제1호에 따라 동의를 받는 경우
4. 제19조제1호에 따라 동의를 받는 경우
5. 제23조제1항제1호에 따라 동의를 받는 경우
6. 제24조제1항제1호에 따라 동의를 받는 경우
7. 재화나 서비스를 홍보하거나 판매를 권유하기 위하여 개인정보의 처리에 대한 동의를 받으려는 경우
8. 그 밖에 정보주체를 보호하기 위하여 동의 사항을 구분하여 동의를 받아야 할 필요가 있는 경우로서 대통령령으
로 정하는 경우
② 개인정보처리자는 제1항의 동의를 서면(「전자문서 및 전자거래 기본법」 제2조제1호에 따른 전자문서를 포함한
다)으로 받을 때에는 개인정보의 수집ㆍ이용 목적, 수집ㆍ이용하려는 개인정보의 항목 등 대통령령으로 정하는 중
요한 내용을 보호위원회가 고시로 정하는 방법에 따라 명확히 표시하여 알아보기 쉽게 하여야 한다.<신설 2017. 4.
18., 2017. 7. 26., 2020. 2. 4.>
③ 개인정보처리자는 정보주체의 동의 없이 처리할 수 있는 개인정보에 대해서는 그 항목과 처리의 법적 근거를 정
보주체의 동의를 받아 처리하는 개인정보와 구분하여 제30조제2항에 따라 공개하거나 전자우편 등 대통령령으로
정하는 방법에 따라 정보주체에게 알려야 한다. 이 경우 동의 없이 처리할 수 있는 개인정보라는 입증책임은 개인정
보처리자가 부담한다.<개정 2016. 3. 29., 2017. 4. 18., 2023. 3. 14.>
④ 삭제<2023. 3. 14.>
⑤ 개인정보처리자는 정보주체가 선택적으로 동의할 수 있는 사항을 동의하지 아니하거나 제1항제3호 및 제7호에
따른 동의를 하지 아니한다는 이유로 정보주체에게 재화 또는 서비스의 제공을 거부하여서는 아니 된다.<개정
2017. 4. 18., 2023. 3. 14.>
⑥ 삭제<2023. 3. 14.>
⑦ 제1항부터 제5항까지에서 규정한 사항 외에 정보주체의 동의를 받는 세부적인 방법에 관하여 필요한 사항은 개
인정보의 수집매체 등을 고려하여 대통령령으로 정한다.<개정 2017. 4. 18., 2023. 3. 14.>",10,11,1313,true,true,false,true,true,false,false,2025-10-02,active,https://www.law.go.kr/법령/개인정보보호법,/Users/munchaerin/Desktop/졸프 data/개인정보 보호법(법률)(제20897호)(20251002).pdf
kr-pipa-active-20251002__0039,kr-pipa-active-20251002,39,제22조의2,제22조의2(아동의 개인정보 보호),ARTICLE,"제22조의2(아동의 개인정보 보호) ① 개인정보처리자는 만 14세 미만 아동의 개인정보를 처리하기 위하여 이 법에 따
른 동의를 받아야 할 때에는 그 법정대리인의 동의를 받아야 하며, 법정대리인이 동의하였는지를 확인하여야 한다.
② 제1항에도 불구하고 법정대리인의 동의를 받기 위하여 필요한 최소한의 정보로서 대통령령으로 정하는 정보는
법정대리인의 동의 없이 해당 아동으로부터 직접 수집할 수 있다.
③ 개인정보처리자는 만 14세 미만의 아동에게 개인정보 처리와 관련한 사항의 고지 등을 할 때에는 이해하기 쉬운
양식과 명확하고 알기 쉬운 언어를 사용하여야 한다.
④ 제1항부터 제3항까지에서 규정한 사항 외에 동의 및 동의 확인 방법 등에 필요한 사항은 대통령령으로 정한다.
[본조신설 2023. 3. 14.]
제2절 개인정보의 처리 제한",11,11,414,true,true,false,false,true,false,false,2025-10-02,active,https://www.law.go.kr/법령/개인정보보호법,/Users/munchaerin/Desktop/졸프 data/개인정보 보호법(법률)(제20897호)(20251002).pdf
kr-pipa-active-20251002__0040,kr-pipa-active-20251002,40,제23조,제23조(민감정보의 처리 제한),ARTICLE,"제23조(민감정보의 처리 제한) ①개인정보처리자는 사상ㆍ신념, 노동조합ㆍ정당의 가입ㆍ탈퇴, 정치적 견해, 건강, 성생
활 등에 관한 정보, 그 밖에 정보주체의 사생활을 현저히 침해할 우려가 있는 개인정보로서 대통령령으로 정하는 정
보(이하 “민감정보”라 한다)를 처리하여서는 아니 된다. 다만, 다음 각 호의 어느 하나에 해당하는 경우에는 그러하
지 아니하다. <개정 2016. 3. 29.>
1. 정보주체에게 제15조제2항 각 호 또는 제17조제2항 각 호의 사항을 알리고 다른 개인정보의 처리에 대한 동의와
별도로 동의를 받은 경우
2. 법령에서 민감정보의 처리를 요구하거나 허용하는 경우
② 개인정보처리자가 제1항 각 호에 따라 민감정보를 처리하는 경우에는 그 민감정보가 분실ㆍ도난ㆍ유출ㆍ위조ㆍ
변조 또는 훼손되지 아니하도록 제29조에 따른 안전성 확보에 필요한 조치를 하여야 한다.<신설 2016. 3. 29.>

개인정보 보호법
③ 개인정보처리자는 재화 또는 서비스를 제공하는 과정에서 공개되는 정보에 정보주체의 민감정보가 포함됨으로
써 사생활 침해의 위험성이 있다고 판단하는 때에는 재화 또는 서비스의 제공 전에 민감정보의 공개 가능성 및 비
공개를 선택하는 방법을 정보주체가 알아보기 쉽게 알려야 한다.<신설 2023. 3. 14.>",11,12,641,true,true,false,false,true,false,false,2025-10-02,active,https://www.law.go.kr/법령/개인정보보호법,/Users/munchaerin/Desktop/졸프 data/개인정보 보호법(법률)(제20897호)(20251002).pdf
kr-pipa-active-20251002__0041,kr-pipa-active-20251002,41,제23조,제23조(민감정보의 처리 제한),ARTICLE,"제23조(민감정보의 처리 제한) ①개인정보처리자는 사상ㆍ신념, 노동조합ㆍ정당의 가입ㆍ탈퇴, 정치적 견해, 건강, 성생
활 등에 관한 정보, 그 밖에 정보주체의 사생활을 현저히 침해할 우려가 있는 개인정보로서 대통령령으로 정하는 정
보(이하 “민감정보”라 한다)를 처리하여서는 아니 된다. 다만, 다음 각 호의 어느 하나에 해당하는 경우에는 그러하
지 아니하다. <개정 2016. 3. 29.>
1. 정보주체에게 제15조제2항 각 호 또는 제17조제2항 각 호의 사항을 알리고 다른 개인정보의 처리에 대한 동의와
별도로 동의를 받은 경우
2. 법령에서 민감정보의 처리를 요구하거나 허용하는 경우
② 개인정보처리자가 제1항 각 호에 따라 민감정보를 처리하는 경우에는 그 민감정보가 분실ㆍ도난ㆍ유출ㆍ위조ㆍ
변조 또는 훼손(이하 “유출등”이라 한다)이 되지 아니하도록 제29조에 따른 안전성 확보에 필요한 조치를 하여야 한
다.<신설 2016. 3. 29., 2026. 3. 10.>
③ 개인정보처리자는 재화 또는 서비스를 제공하는 과정에서 공개되는 정보에 정보주체의 민감정보가 포함됨으로
써 사생활 침해의 위험성이 있다고 판단하는 때에는 재화 또는 서비스의 제공 전에 민감정보의 공개 가능성 및 비
공개를 선택하는 방법을 정보주체가 알아보기 쉽게 알려야 한다.<신설 2023. 3. 14.>
[시행일: 2026. 9. 11.] 제23조",12,12,688,true,true,false,false,true,false,false,2025-10-02,active,https://www.law.go.kr/법령/개인정보보호법,/Users/munchaerin/Desktop/졸프 data/개인정보 보호법(법률)(제20897호)(20251002).pdf
kr-pipa-active-20251002__0042,kr-pipa-active-20251002,42,제24조,제24조(고유식별정보의 처리 제한),ARTICLE,"제24조(고유식별정보의 처리 제한) ① 개인정보처리자는 다음 각 호의 경우를 제외하고는 법령에 따라 개인을 고유하
게 구별하기 위하여 부여된 식별정보로서 대통령령으로 정하는 정보(이하 “고유식별정보”라 한다)를 처리할 수 없다.
1. 정보주체에게 제15조제2항 각 호 또는 제17조제2항 각 호의 사항을 알리고 다른 개인정보의 처리에 대한 동의와
별도로 동의를 받은 경우
2. 법령에서 구체적으로 고유식별정보의 처리를 요구하거나 허용하는 경우
② 삭제<2013. 8. 6.>
③ 개인정보처리자가 제1항 각 호에 따라 고유식별정보를 처리하는 경우에는 그 고유식별정보가 분실ㆍ도난ㆍ유출
ㆍ위조ㆍ변조 또는 훼손되지 아니하도록 대통령령으로 정하는 바에 따라 암호화 등 안전성 확보에 필요한 조치를
하여야 한다.<개정 2015. 7. 24.>
④ 보호위원회는 처리하는 개인정보의 종류ㆍ규모, 종업원 수 및 매출액 규모 등을 고려하여 대통령령으로 정하는
기준에 해당하는 개인정보처리자가 제3항에 따라 안전성 확보에 필요한 조치를 하였는지에 관하여 대통령령으로
정하는 바에 따라 정기적으로 조사하여야 한다.<신설 2016. 3. 29., 2017. 7. 26., 2020. 2. 4.>
⑤ 보호위원회는 대통령령으로 정하는 전문기관으로 하여금 제4항에 따른 조사를 수행하게 할 수 있다.<신설 2016.
3. 29., 2017. 7. 26., 2020. 2. 4.>",12,12,700,true,true,false,false,true,false,false,2025-10-02,active,https://www.law.go.kr/법령/개인정보보호법,/Users/munchaerin/Desktop/졸프 data/개인정보 보호법(법률)(제20897호)(20251002).pdf
kr-pipa-active-20251002__0043,kr-pipa-active-20251002,43,제24조,제24조(고유식별정보의 처리 제한),ARTICLE,"제24조(고유식별정보의 처리 제한) ① 개인정보처리자는 다음 각 호의 경우를 제외하고는 법령에 따라 개인을 고유하
게 구별하기 위하여 부여된 식별정보로서 대통령령으로 정하는 정보(이하 “고유식별정보”라 한다)를 처리할 수 없다.
1. 정보주체에게 제15조제2항 각 호 또는 제17조제2항 각 호의 사항을 알리고 다른 개인정보의 처리에 대한 동의와
별도로 동의를 받은 경우
2. 법령에서 구체적으로 고유식별정보의 처리를 요구하거나 허용하는 경우
② 삭제<2013. 8. 6.>
③ 개인정보처리자가 제1항 각 호에 따라 고유식별정보를 처리하는 경우에는 그 고유식별정보가 유출등이 되지 아
니하도록 대통령령으로 정하는 바에 따라 암호화 등 안전성 확보에 필요한 조치를 하여야 한다.<개정 2015. 7. 24.,
2026. 3. 10.>
④ 보호위원회는 처리하는 개인정보의 종류ㆍ규모, 종업원 수 및 매출액 규모 등을 고려하여 대통령령으로 정하는
기준에 해당하는 개인정보처리자가 제3항에 따라 안전성 확보에 필요한 조치를 하였는지에 관하여 대통령령으로

개인정보 보호법
정하는 바에 따라 정기적으로 조사하여야 한다.<신설 2016. 3. 29., 2017. 7. 26., 2020. 2. 4.>
⑤ 보호위원회는 대통령령으로 정하는 전문기관으로 하여금 제4항에 따른 조사를 수행하게 할 수 있다.<신설 2016.
3. 29., 2017. 7. 26., 2020. 2. 4.>
[시행일: 2026. 9. 11.] 제24조",12,13,734,true,true,false,false,true,false,false,2025-10-02,active,https://www.law.go.kr/법령/개인정보보호법,/Users/munchaerin/Desktop/졸프 data/개인정보 보호법(법률)(제20897호)(20251002).pdf
kr-pipa-active-20251002__0044,kr-pipa-active-20251002,44,제24조의2,제24조의2(주민등록번호 처리의 제한),ARTICLE,"제24조의2(주민등록번호 처리의 제한) ① 제24조제1항에도 불구하고 개인정보처리자는 다음 각 호의 어느 하나에 해
당하는 경우를 제외하고는 주민등록번호를 처리할 수 없다. <개정 2014. 11. 19., 2016. 3. 29., 2017. 7. 26., 2020. 2.
4.>
1. 법률ㆍ대통령령ㆍ국회규칙ㆍ대법원규칙ㆍ헌법재판소규칙ㆍ중앙선거관리위원회규칙 및 감사원규칙에서 구체적
으로 주민등록번호의 처리를 요구하거나 허용한 경우
2. 정보주체 또는 제3자의 급박한 생명, 신체, 재산의 이익을 위하여 명백히 필요하다고 인정되는 경우
3. 제1호 및 제2호에 준하여 주민등록번호 처리가 불가피한 경우로서 보호위원회가 고시로 정하는 경우
② 개인정보처리자는 제24조제3항에도 불구하고 주민등록번호가 분실ㆍ도난ㆍ유출ㆍ위조ㆍ변조 또는 훼손되지 아
니하도록 암호화 조치를 통하여 안전하게 보관하여야 한다. 이 경우 암호화 적용 대상 및 대상별 적용 시기 등에 관
하여 필요한 사항은 개인정보의 처리 규모와 유출 시 영향 등을 고려하여 대통령령으로 정한다.<신설 2014. 3. 24.,
2015. 7. 24.>
③ 개인정보처리자는 제1항 각 호에 따라 주민등록번호를 처리하는 경우에도 정보주체가 인터넷 홈페이지를 통하
여 회원으로 가입하는 단계에서는 주민등록번호를 사용하지 아니하고도 회원으로 가입할 수 있는 방법을 제공하여
야 한다.<개정 2014. 3. 24.>
④ 보호위원회는 개인정보처리자가 제3항에 따른 방법을 제공할 수 있도록 관계 법령의 정비, 계획의 수립, 필요한
시설 및 시스템의 구축 등 제반 조치를 마련ㆍ지원할 수 있다.<개정 2014. 3. 24., 2017. 7. 26., 2020. 2. 4.>
[본조신설 2013. 8. 6.]",13,13,865,true,true,false,false,true,false,false,2025-10-02,active,https://www.law.go.kr/법령/개인정보보호법,/Users/munchaerin/Desktop/졸프 data/개인정보 보호법(법률)(제20897호)(20251002).pdf
kr-pipa-active-20251002__0045,kr-pipa-active-20251002,45,제24조의2,제24조의2(주민등록번호 처리의 제한),ARTICLE,"제24조의2(주민등록번호 처리의 제한) ① 제24조제1항에도 불구하고 개인정보처리자는 다음 각 호의 어느 하나에 해
당하는 경우를 제외하고는 주민등록번호를 처리할 수 없다. <개정 2014. 11. 19., 2016. 3. 29., 2017. 7. 26., 2020. 2.
4.>
1. 법률ㆍ대통령령ㆍ국회규칙ㆍ대법원규칙ㆍ헌법재판소규칙ㆍ중앙선거관리위원회규칙 및 감사원규칙에서 구체적
으로 주민등록번호의 처리를 요구하거나 허용한 경우
2. 정보주체 또는 제3자의 급박한 생명, 신체, 재산의 이익을 위하여 명백히 필요하다고 인정되는 경우
3. 제1호 및 제2호에 준하여 주민등록번호 처리가 불가피한 경우로서 보호위원회가 고시로 정하는 경우
② 개인정보처리자는 제24조제3항에도 불구하고 주민등록번호가 유출등이 되지 아니하도록 암호화 조치를 통하여
안전하게 보관하여야 한다. 이 경우 암호화 적용 대상 및 대상별 적용 시기 등에 관하여 필요한 사항은 개인정보의
처리 규모와 유출 시 영향 등을 고려하여 대통령령으로 정한다.<신설 2014. 3. 24., 2015. 7. 24., 2026. 3. 10.>
③ 개인정보처리자는 제1항 각 호에 따라 주민등록번호를 처리하는 경우에도 정보주체가 인터넷 홈페이지를 통하
여 회원으로 가입하는 단계에서는 주민등록번호를 사용하지 아니하고도 회원으로 가입할 수 있는 방법을 제공하여
야 한다.<개정 2014. 3. 24.>
④ 보호위원회는 개인정보처리자가 제3항에 따른 방법을 제공할 수 있도록 관계 법령의 정비, 계획의 수립, 필요한
시설 및 시스템의 구축 등 제반 조치를 마련ㆍ지원할 수 있다.<개정 2014. 3. 24., 2017. 7. 26., 2020. 2. 4.>
[본조신설 2013. 8. 6.]
[시행일: 2026. 9. 11.] 제24조의2",13,13,889,true,true,false,false,true,false,false,2025-10-02,active,https://www.law.go.kr/법령/개인정보보호법,/Users/munchaerin/Desktop/졸프 data/개인정보 보호법(법률)(제20897호)(20251002).pdf
kr-pipa-active-20251002__0046,kr-pipa-active-20251002,46,제25조,제25조(고정형 영상정보처리기기의 설치ㆍ운영 제한),ARTICLE,"제25조(고정형 영상정보처리기기의 설치ㆍ운영 제한) ① 누구든지 다음 각 호의 경우를 제외하고는 공개된 장소에 고
정형 영상정보처리기기를 설치ㆍ운영하여서는 아니 된다. <개정 2023. 3. 14.>
1. 법령에서 구체적으로 허용하고 있는 경우

개인정보 보호법
2. 범죄의 예방 및 수사를 위하여 필요한 경우
3. 시설의 안전 및 관리, 화재 예방을 위하여 정당한 권한을 가진 자가 설치ㆍ운영하는 경우
4. 교통단속을 위하여 정당한 권한을 가진 자가 설치ㆍ운영하는 경우
5. 교통정보의 수집ㆍ분석 및 제공을 위하여 정당한 권한을 가진 자가 설치ㆍ운영하는 경우
6. 촬영된 영상정보를 저장하지 아니하는 경우로서 대통령령으로 정하는 경우
② 누구든지 불특정 다수가 이용하는 목욕실, 화장실, 발한실(發汗室), 탈의실 등 개인의 사생활을 현저히 침해할 우
려가 있는 장소의 내부를 볼 수 있도록 고정형 영상정보처리기기를 설치ㆍ운영하여서는 아니 된다. 다만, 교도소,
정신보건 시설 등 법령에 근거하여 사람을 구금하거나 보호하는 시설로서 대통령령으로 정하는 시설에 대하여는
그러하지 아니하다.<개정 2023. 3. 14.>
③ 제1항 각 호에 따라 고정형 영상정보처리기기를 설치ㆍ운영하려는 공공기관의 장과 제2항 단서에 따라 고정형
영상정보처리기기를 설치ㆍ운영하려는 자는 공청회ㆍ설명회의 개최 등 대통령령으로 정하는 절차를 거쳐 관계 전
문가 및 이해관계인의 의견을 수렴하여야 한다.<개정 2023. 3. 14.>
④ 제1항 각 호에 따라 고정형 영상정보처리기기를 설치ㆍ운영하는 자(이하 “고정형영상정보처리기기운영자”라 한
다)는 정보주체가 쉽게 인식할 수 있도록 다음 각 호의 사항이 포함된 안내판을 설치하는 등 필요한 조치를 하여야
한다. 다만, 「군사기지 및 군사시설 보호법」 제2조제2호에 따른 군사시설, 「통합방위법」 제2조제13호에 따른 국가
중요시설, 그 밖에 대통령령으로 정하는 시설의 경우에는 그러하지 아니하다.<개정 2016. 3. 29., 2023. 3. 14.>
1. 설치 목적 및 장소
2. 촬영 범위 및 시간
3. 관리책임자의 연락처
4. 그 밖에 대통령령으로 정하는 사항
⑤ 고정형영상정보처리기기운영자는 고정형 영상정보처리기기의 설치 목적과 다른 목적으로 고정형 영상정보처리
기기를 임의로 조작하거나 다른 곳을 비춰서는 아니 되며, 녹음기능은 사용할 수 없다.<개정 2023. 3. 14.>
⑥ 고정형영상정보처리기기운영자는 개인정보가 분실ㆍ도난ㆍ유출ㆍ위조ㆍ변조 또는 훼손되지 아니하도록 제
29조에 따라 안전성 확보에 필요한 조치를 하여야 한다.<개정 2015. 7. 24., 2023. 3. 14.>
⑦ 고정형영상정보처리기기운영자는 대통령령으로 정하는 바에 따라 고정형 영상정보처리기기 운영ㆍ관리 방침을
마련하여야 한다. 다만, 제30조에 따른 개인정보 처리방침을 정할 때 고정형 영상정보처리기기 운영ㆍ관리에 관한
사항을 포함시킨 경우에는 고정형 영상정보처리기기 운영ㆍ관리 방침을 마련하지 아니할 수 있다.<개정 2023. 3.
14.>
⑧ 고정형영상정보처리기기운영자는 고정형 영상정보처리기기의 설치ㆍ운영에 관한 사무를 위탁할 수 있다. 다만,
공공기관이 고정형 영상정보처리기기 설치ㆍ운영에 관한 사무를 위탁하는 경우에는 대통령령으로 정하는 절차 및
요건에 따라야 한다.<개정 2023. 3. 14.>
[제목개정 2023. 3. 14.]",13,14,1657,true,true,false,false,true,false,false,2025-10-02,active,https://www.law.go.kr/법령/개인정보보호법,/Users/munchaerin/Desktop/졸프 data/개인정보 보호법(법률)(제20897호)(20251002).pdf
kr-pipa-active-20251002__0047,kr-pipa-active-20251002,47,제25조,제25조(고정형 영상정보처리기기의 설치ㆍ운영 제한),ARTICLE,"제25조(고정형 영상정보처리기기의 설치ㆍ운영 제한) ① 누구든지 다음 각 호의 경우를 제외하고는 공개된 장소에 고
정형 영상정보처리기기를 설치ㆍ운영하여서는 아니 된다. <개정 2023. 3. 14.>
1. 법령에서 구체적으로 허용하고 있는 경우
2. 범죄의 예방 및 수사를 위하여 필요한 경우
3. 시설의 안전 및 관리, 화재 예방을 위하여 정당한 권한을 가진 자가 설치ㆍ운영하는 경우
4. 교통단속을 위하여 정당한 권한을 가진 자가 설치ㆍ운영하는 경우
5. 교통정보의 수집ㆍ분석 및 제공을 위하여 정당한 권한을 가진 자가 설치ㆍ운영하는 경우
6. 촬영된 영상정보를 저장하지 아니하는 경우로서 대통령령으로 정하는 경우
② 누구든지 불특정 다수가 이용하는 목욕실, 화장실, 발한실(發汗室), 탈의실 등 개인의 사생활을 현저히 침해할 우
려가 있는 장소의 내부를 볼 수 있도록 고정형 영상정보처리기기를 설치ㆍ운영하여서는 아니 된다. 다만, 교도소,
정신보건 시설 등 법령에 근거하여 사람을 구금하거나 보호하는 시설로서 대통령령으로 정하는 시설에 대하여는

개인정보 보호법
그러하지 아니하다.<개정 2023. 3. 14.>
③ 제1항 각 호에 따라 고정형 영상정보처리기기를 설치ㆍ운영하려는 공공기관의 장과 제2항 단서에 따라 고정형
영상정보처리기기를 설치ㆍ운영하려는 자는 공청회ㆍ설명회의 개최 등 대통령령으로 정하는 절차를 거쳐 관계 전
문가 및 이해관계인의 의견을 수렴하여야 한다.<개정 2023. 3. 14.>
④ 제1항 각 호에 따라 고정형 영상정보처리기기를 설치ㆍ운영하는 자(이하 “고정형영상정보처리기기운영자”라 한
다)는 정보주체가 쉽게 인식할 수 있도록 다음 각 호의 사항이 포함된 안내판을 설치하는 등 필요한 조치를 하여야
한다. 다만, 「군사기지 및 군사시설 보호법」 제2조제2호에 따른 군사시설, 「통합방위법」 제2조제13호에 따른 국가
중요시설, 그 밖에 대통령령으로 정하는 시설의 경우에는 그러하지 아니하다.<개정 2016. 3. 29., 2023. 3. 14.>
1. 설치 목적 및 장소
2. 촬영 범위 및 시간
3. 관리책임자의 연락처
4. 그 밖에 대통령령으로 정하는 사항
⑤ 고정형영상정보처리기기운영자는 고정형 영상정보처리기기의 설치 목적과 다른 목적으로 고정형 영상정보처리
기기를 임의로 조작하거나 다른 곳을 비춰서는 아니 되며, 녹음기능은 사용할 수 없다.<개정 2023. 3. 14.>
⑥ 고정형영상정보처리기기운영자는 개인정보가 유출등이 되지 아니하도록 제29조에 따라 안전성 확보에 필요한
조치를 하여야 한다.<개정 2015. 7. 24., 2023. 3. 14., 2026. 3. 10.>
⑦ 고정형영상정보처리기기운영자는 대통령령으로 정하는 바에 따라 고정형 영상정보처리기기 운영ㆍ관리 방침을
마련하여야 한다. 다만, 제30조에 따른 개인정보 처리방침을 정할 때 고정형 영상정보처리기기 운영ㆍ관리에 관한
사항을 포함시킨 경우에는 고정형 영상정보처리기기 운영ㆍ관리 방침을 마련하지 아니할 수 있다.<개정 2023. 3.
14.>
⑧ 고정형영상정보처리기기운영자는 고정형 영상정보처리기기의 설치ㆍ운영에 관한 사무를 위탁할 수 있다. 다만,
공공기관이 고정형 영상정보처리기기 설치ㆍ운영에 관한 사무를 위탁하는 경우에는 대통령령으로 정하는 절차 및
요건에 따라야 한다.<개정 2023. 3. 14.>
[제목개정 2023. 3. 14.]
[시행일: 2026. 9. 11.] 제25조",14,15,1680,true,true,false,false,true,false,false,2025-10-02,active,https://www.law.go.kr/법령/개인정보보호법,/Users/munchaerin/Desktop/졸프 data/개인정보 보호법(법률)(제20897호)(20251002).pdf
kr-pipa-active-20251002__0048,kr-pipa-active-20251002,48,제25조의2,제25조의2(이동형 영상정보처리기기의 운영 제한),ARTICLE,"제25조의2(이동형 영상정보처리기기의 운영 제한) ① 업무를 목적으로 이동형 영상정보처리기기를 운영하려는 자는
다음 각 호의 경우를 제외하고는 공개된 장소에서 이동형 영상정보처리기기로 사람 또는 그 사람과 관련된 사물의
영상(개인정보에 해당하는 경우로 한정한다. 이하 같다)을 촬영하여서는 아니 된다.
1. 제15조제1항 각 호의 어느 하나에 해당하는 경우
2. 촬영 사실을 명확히 표시하여 정보주체가 촬영 사실을 알 수 있도록 하였음에도 불구하고 촬영 거부 의사를 밝히
지 아니한 경우. 이 경우 정보주체의 권리를 부당하게 침해할 우려가 없고 합리적인 범위를 초과하지 아니하는 경
우로 한정한다.
3. 그 밖에 제1호 및 제2호에 준하는 경우로서 대통령령으로 정하는 경우
② 누구든지 불특정 다수가 이용하는 목욕실, 화장실, 발한실, 탈의실 등 개인의 사생활을 현저히 침해할 우려가 있
는 장소의 내부를 볼 수 있는 곳에서 이동형 영상정보처리기기로 사람 또는 그 사람과 관련된 사물의 영상을 촬영
하여서는 아니 된다. 다만, 인명의 구조ㆍ구급 등을 위하여 필요한 경우로서 대통령령으로 정하는 경우에는 그러하
지 아니하다.
③ 제1항 각 호에 해당하여 이동형 영상정보처리기기로 사람 또는 그 사람과 관련된 사물의 영상을 촬영하는 경우
에는 불빛, 소리, 안내판 등 대통령령으로 정하는 바에 따라 촬영 사실을 표시하고 알려야 한다.
④ 제1항부터 제3항까지에서 규정한 사항 외에 이동형 영상정보처리기기의 운영에 관하여는 제25조제6항부터 제
8항까지의 규정을 준용한다.
[본조신설 2023. 3. 14.]

개인정보 보호법",15,16,795,true,true,false,true,true,false,false,2025-10-02,active,https://www.law.go.kr/법령/개인정보보호법,/Users/munchaerin/Desktop/졸프 data/개인정보 보호법(법률)(제20897호)(20251002).pdf
kr-pipa-active-20251002__0049,kr-pipa-active-20251002,49,제26조,제26조(업무위탁에 따른 개인정보의 처리 제한),ARTICLE,"제26조(업무위탁에 따른 개인정보의 처리 제한) ① 개인정보처리자가 제3자에게 개인정보의 처리 업무를 위탁하는 경
우에는 다음 각 호의 내용이 포함된 문서로 하여야 한다. <개정 2023. 3. 14.>
1. 위탁업무 수행 목적 외 개인정보의 처리 금지에 관한 사항
2. 개인정보의 기술적ㆍ관리적 보호조치에 관한 사항
3. 그 밖에 개인정보의 안전한 관리를 위하여 대통령령으로 정한 사항
② 제1항에 따라 개인정보의 처리 업무를 위탁하는 개인정보처리자(이하 “위탁자”라 한다)는 위탁하는 업무의 내용
과 개인정보 처리 업무를 위탁받아 처리하는 자(개인정보 처리 업무를 위탁받아 처리하는 자로부터 위탁받은 업무
를 다시 위탁받은 제3자를 포함하며, 이하 “수탁자”라 한다)를 정보주체가 언제든지 쉽게 확인할 수 있도록 대통령
령으로 정하는 방법에 따라 공개하여야 한다.<개정 2023. 3. 14.>
③ 위탁자가 재화 또는 서비스를 홍보하거나 판매를 권유하는 업무를 위탁하는 경우에는 대통령령으로 정하는 방
법에 따라 위탁하는 업무의 내용과 수탁자를 정보주체에게 알려야 한다. 위탁하는 업무의 내용이나 수탁자가 변경
된 경우에도 또한 같다.
④ 위탁자는 업무 위탁으로 인하여 정보주체의 개인정보가 분실ㆍ도난ㆍ유출ㆍ위조ㆍ변조 또는 훼손되지 아니하
도록 수탁자를 교육하고, 처리 현황 점검 등 대통령령으로 정하는 바에 따라 수탁자가 개인정보를 안전하게 처리하
는지를 감독하여야 한다.<개정 2015. 7. 24.>
⑤ 수탁자는 개인정보처리자로부터 위탁받은 해당 업무 범위를 초과하여 개인정보를 이용하거나 제3자에게 제공하
여서는 아니 된다.
⑥ 수탁자는 위탁받은 개인정보의 처리 업무를 제3자에게 다시 위탁하려는 경우에는 위탁자의 동의를 받아야 한다.
<신설 2023. 3. 14.>
⑦ 수탁자가 위탁받은 업무와 관련하여 개인정보를 처리하는 과정에서 이 법을 위반하여 발생한 손해배상책임에
대하여는 수탁자를 개인정보처리자의 소속 직원으로 본다.<개정 2023. 3. 14.>
⑧ 수탁자에 관하여는 제15조부터 제18조까지, 제21조, 제22조, 제22조의2, 제23조, 제24조, 제24조의2, 제25조, 제
25조의2, 제27조, 제28조, 제28조의2부터 제28조의5까지, 제28조의7부터 제28조의11까지, 제29조, 제30조, 제30조
의2, 제31조, 제33조, 제34조, 제34조의2, 제35조, 제35조의2, 제36조, 제37조, 제37조의2, 제38조, 제59조, 제63조,
제63조의2 및 제64조의2를 준용한다. 이 경우 “개인정보처리자”는 “수탁자”로 본다.<개정 2023. 3. 14.>",16,16,1289,true,true,false,false,true,false,false,2025-10-02,active,https://www.law.go.kr/법령/개인정보보호법,/Users/munchaerin/Desktop/졸프 data/개인정보 보호법(법률)(제20897호)(20251002).pdf
kr-pipa-active-20251002__0050,kr-pipa-active-20251002,50,제26조,제26조(업무위탁에 따른 개인정보의 처리 제한),ARTICLE,"제26조(업무위탁에 따른 개인정보의 처리 제한) ① 개인정보처리자가 제3자에게 개인정보의 처리 업무를 위탁하는 경
우에는 다음 각 호의 내용이 포함된 문서로 하여야 한다. <개정 2023. 3. 14.>
1. 위탁업무 수행 목적 외 개인정보의 처리 금지에 관한 사항
2. 개인정보의 기술적ㆍ관리적 보호조치에 관한 사항
3. 그 밖에 개인정보의 안전한 관리를 위하여 대통령령으로 정한 사항
② 제1항에 따라 개인정보의 처리 업무를 위탁하는 개인정보처리자(이하 “위탁자”라 한다)는 위탁하는 업무의 내용
과 개인정보 처리 업무를 위탁받아 처리하는 자(개인정보 처리 업무를 위탁받아 처리하는 자로부터 위탁받은 업무
를 다시 위탁받은 제3자를 포함하며, 이하 “수탁자”라 한다)를 정보주체가 언제든지 쉽게 확인할 수 있도록 대통령
령으로 정하는 방법에 따라 공개하여야 한다.<개정 2023. 3. 14.>
③ 위탁자가 재화 또는 서비스를 홍보하거나 판매를 권유하는 업무를 위탁하는 경우에는 대통령령으로 정하는 방
법에 따라 위탁하는 업무의 내용과 수탁자를 정보주체에게 알려야 한다. 위탁하는 업무의 내용이나 수탁자가 변경
된 경우에도 또한 같다.
④ 위탁자는 업무 위탁으로 인하여 정보주체의 개인정보가 유출등이 되지 아니하도록 수탁자를 교육하고, 처리 현
황 점검 등 대통령령으로 정하는 바에 따라 수탁자가 개인정보를 안전하게 처리하는지를 감독하여야 한다.<개정
2015. 7. 24., 2026. 3. 10.>
⑤ 수탁자는 개인정보처리자로부터 위탁받은 해당 업무 범위를 초과하여 개인정보를 이용하거나 제3자에게 제공하
여서는 아니 된다.

개인정보 보호법
⑥ 수탁자는 위탁받은 개인정보의 처리 업무를 제3자에게 다시 위탁하려는 경우에는 위탁자의 동의를 받아야 한다.
<신설 2023. 3. 14.>
⑦ 수탁자가 위탁받은 업무와 관련하여 개인정보를 처리하는 과정에서 이 법을 위반하여 발생한 손해배상책임에
대하여는 수탁자를 개인정보처리자의 소속 직원으로 본다.<개정 2023. 3. 14.>
⑧ 수탁자에 관하여는 제15조부터 제18조까지, 제21조, 제22조, 제22조의2, 제23조, 제24조, 제24조의2, 제25조, 제
25조의2, 제27조, 제28조, 제28조의2부터 제28조의5까지, 제28조의7부터 제28조의11까지, 제29조, 제30조, 제30조
의2, 제30조의3, 제31조, 제33조, 제34조, 제34조의2, 제35조, 제35조의2, 제36조, 제37조, 제37조의2, 제38조, 제
59조, 제63조, 제63조의2 및 제64조의2를 준용한다. 이 경우 “개인정보처리자”는 “수탁자”로 본다.<개정 2023. 3.
14., 2026. 3. 10.>
[시행일: 2026. 9. 11.] 제26조",16,17,1345,true,true,false,false,true,false,false,2025-10-02,active,https://www.law.go.kr/법령/개인정보보호법,/Users/munchaerin/Desktop/졸프 data/개인정보 보호법(법률)(제20897호)(20251002).pdf
kr-pipa-active-20251002__0051,kr-pipa-active-20251002,51,제27조,제27조(영업양도 등에 따른 개인정보의 이전 제한),ARTICLE,"제27조(영업양도 등에 따른 개인정보의 이전 제한) ① 개인정보처리자는 영업의 전부 또는 일부의 양도ㆍ합병 등으로
개인정보를 다른 사람에게 이전하는 경우에는 미리 다음 각 호의 사항을 대통령령으로 정하는 방법에 따라 해당 정
보주체에게 알려야 한다.
1. 개인정보를 이전하려는 사실
2. 개인정보를 이전받는 자(이하 “영업양수자등”이라 한다)의 성명(법인의 경우에는 법인의 명칭을 말한다), 주소, 전
화번호 및 그 밖의 연락처
3. 정보주체가 개인정보의 이전을 원하지 아니하는 경우 조치할 수 있는 방법 및 절차
② 영업양수자등은 개인정보를 이전받았을 때에는 지체 없이 그 사실을 대통령령으로 정하는 방법에 따라 정보주
체에게 알려야 한다. 다만, 개인정보처리자가 제1항에 따라 그 이전 사실을 이미 알린 경우에는 그러하지 아니하다.
③ 영업양수자등은 영업의 양도ㆍ합병 등으로 개인정보를 이전받은 경우에는 이전 당시의 본래 목적으로만 개인정
보를 이용하거나 제3자에게 제공할 수 있다. 이 경우 영업양수자등은 개인정보처리자로 본다.",17,17,522,true,true,false,false,true,false,false,2025-10-02,active,https://www.law.go.kr/법령/개인정보보호법,/Users/munchaerin/Desktop/졸프 data/개인정보 보호법(법률)(제20897호)(20251002).pdf
kr-pipa-active-20251002__0052,kr-pipa-active-20251002,52,제28조,제28조(개인정보취급자에 대한 감독),ARTICLE,"제28조(개인정보취급자에 대한 감독) ① 개인정보처리자는 개인정보를 처리함에 있어서 개인정보가 안전하게 관리될
수 있도록 임직원, 파견근로자, 시간제근로자 등 개인정보처리자의 지휘ㆍ감독을 받아 개인정보를 처리하는 자(이하
“개인정보취급자”라 한다)의 범위를 최소한으로 제한하고, 개인정보취급자에 대하여 적절한 관리ㆍ감독을 하여야 한
다. <개정 2023. 3. 14.>
② 개인정보처리자는 개인정보의 적정한 취급을 보장하기 위하여 개인정보취급자에게 정기적으로 필요한 교육을
실시하여야 한다.
제3절 가명정보의 처리에 관한 특례 <신설 2020. 2. 4.>",17,17,311,true,true,false,false,true,false,false,2025-10-02,active,https://www.law.go.kr/법령/개인정보보호법,/Users/munchaerin/Desktop/졸프 data/개인정보 보호법(법률)(제20897호)(20251002).pdf
kr-pipa-active-20251002__0053,kr-pipa-active-20251002,53,제28조의2,제28조의2(가명정보의 처리 등),ARTICLE,"제28조의2(가명정보의 처리 등) ① 개인정보처리자는 통계작성, 과학적 연구, 공익적 기록보존 등을 위하여 정보주체의
동의 없이 가명정보를 처리할 수 있다.
② 개인정보처리자는 제1항에 따라 가명정보를 제3자에게 제공하는 경우에는 특정 개인을 알아보기 위하여 사용될
수 있는 정보를 포함해서는 아니 된다.
[본조신설 2020. 2. 4.]",17,17,189,true,true,false,false,true,false,false,2025-10-02,active,https://www.law.go.kr/법령/개인정보보호법,/Users/munchaerin/Desktop/졸프 data/개인정보 보호법(법률)(제20897호)(20251002).pdf
kr-pipa-active-20251002__0054,kr-pipa-active-20251002,54,제28조의3,제28조의3(가명정보의 결합 제한),ARTICLE,"제28조의3(가명정보의 결합 제한) ① 제28조의2에도 불구하고 통계작성, 과학적 연구, 공익적 기록보존 등을 위한 서로
다른 개인정보처리자 간의 가명정보의 결합은 보호위원회 또는 관계 중앙행정기관의 장이 지정하는 전문기관이 수
행한다.
② 결합을 수행한 기관 외부로 결합된 정보를 반출하려는 개인정보처리자는 가명정보 또는 제58조의2에 해당하는
정보로 처리한 뒤 전문기관의 장의 승인을 받아야 한다.
③ 제1항에 따른 결합 절차와 방법, 전문기관의 지정과 지정 취소 기준ㆍ절차, 관리ㆍ감독, 제2항에 따른 반출 및 승
인 기준ㆍ절차 등 필요한 사항은 대통령령으로 정한다.

개인정보 보호법
[본조신설 2020. 2. 4.]",17,18,349,true,true,false,false,true,false,false,2025-10-02,active,https://www.law.go.kr/법령/개인정보보호법,/Users/munchaerin/Desktop/졸프 data/개인정보 보호법(법률)(제20897호)(20251002).pdf
kr-pipa-active-20251002__0055,kr-pipa-active-20251002,55,제28조의4,제28조의4(가명정보에 대한 안전조치의무 등),ARTICLE,"제28조의4(가명정보에 대한 안전조치의무 등) ① 개인정보처리자는 제28조의2 또는 제28조의3에 따라 가명정보를 처
리하는 경우에는 원래의 상태로 복원하기 위한 추가 정보를 별도로 분리하여 보관ㆍ관리하는 등 해당 정보가 분실
ㆍ도난ㆍ유출ㆍ위조ㆍ변조 또는 훼손되지 않도록 대통령령으로 정하는 바에 따라 안전성 확보에 필요한 기술적ㆍ관
리적 및 물리적 조치를 하여야 한다. <개정 2023. 3. 14.>
② 개인정보처리자는 제28조의2 또는 제28조의3에 따라 가명정보를 처리하는 경우 처리목적 등을 고려하여 가명
정보의 처리 기간을 별도로 정할 수 있다.<신설 2023. 3. 14.>
③ 개인정보처리자는 제28조의2 또는 제28조의3에 따라 가명정보를 처리하고자 하는 경우에는 가명정보의 처리
목적, 제3자 제공 시 제공받는 자, 가명정보의 처리 기간(제2항에 따라 처리 기간을 별도로 정한 경우에 한한다) 등
가명정보의 처리 내용을 관리하기 위하여 대통령령으로 정하는 사항에 대한 관련 기록을 작성하여 보관하여야 하
며, 가명정보를 파기한 경우에는 파기한 날부터 3년 이상 보관하여야 한다.<개정 2023. 3. 14.>
[본조신설 2020. 2. 4.]",18,18,593,true,true,false,false,true,false,false,2025-10-02,active,https://www.law.go.kr/법령/개인정보보호법,/Users/munchaerin/Desktop/졸프 data/개인정보 보호법(법률)(제20897호)(20251002).pdf
kr-pipa-active-20251002__0056,kr-pipa-active-20251002,56,제28조의4,제28조의4(가명정보에 대한 안전조치의무 등),ARTICLE,"제28조의4(가명정보에 대한 안전조치의무 등) ① 개인정보처리자는 제28조의2 또는 제28조의3에 따라 가명정보를 처
리하는 경우에는 원래의 상태로 복원하기 위한 추가 정보를 별도로 분리하여 보관ㆍ관리하는 등 해당 정보가 유출
등이 되지 아니하도록 대통령령으로 정하는 바에 따라 안전성 확보에 필요한 기술적ㆍ관리적 및 물리적 조치를 하
여야 한다. <개정 2023. 3. 14., 2026. 3. 10.>
② 개인정보처리자는 제28조의2 또는 제28조의3에 따라 가명정보를 처리하는 경우 처리목적 등을 고려하여 가명
정보의 처리 기간을 별도로 정할 수 있다.<신설 2023. 3. 14.>
③ 개인정보처리자는 제28조의2 또는 제28조의3에 따라 가명정보를 처리하고자 하는 경우에는 가명정보의 처리
목적, 제3자 제공 시 제공받는 자, 가명정보의 처리 기간(제2항에 따라 처리 기간을 별도로 정한 경우에 한한다) 등
가명정보의 처리 내용을 관리하기 위하여 대통령령으로 정하는 사항에 대한 관련 기록을 작성하여 보관하여야 하
며, 가명정보를 파기한 경우에는 파기한 날부터 3년 이상 보관하여야 한다.<개정 2023. 3. 14.>
[본조신설 2020. 2. 4.]
[시행일: 2026. 9. 11.] 제28조의4",18,18,621,true,true,false,false,true,false,false,2025-10-02,active,https://www.law.go.kr/법령/개인정보보호법,/Users/munchaerin/Desktop/졸프 data/개인정보 보호법(법률)(제20897호)(20251002).pdf
kr-pipa-active-20251002__0057,kr-pipa-active-20251002,57,제28조의5,제28조의5(가명정보 처리 시 금지의무 등),ARTICLE,"제28조의5(가명정보 처리 시 금지의무 등) ① 제28조의2 또는 제28조의3에 따라 가명정보를 처리하는 자는 특정 개인
을 알아보기 위한 목적으로 가명정보를 처리해서는 아니 된다. <개정 2023. 3. 14.>
② 개인정보처리자는 제28조의2 또는 제28조의3에 따라 가명정보를 처리하는 과정에서 특정 개인을 알아볼 수 있
는 정보가 생성된 경우에는 즉시 해당 정보의 처리를 중지하고, 지체 없이 회수ㆍ파기하여야 한다.<개정 2023. 3.
14.>
[본조신설 2020. 2. 4.]
제28조의6 삭제 <2023. 3. 14.>",18,18,297,true,true,false,false,true,false,false,2025-10-02,active,https://www.law.go.kr/법령/개인정보보호법,/Users/munchaerin/Desktop/졸프 data/개인정보 보호법(법률)(제20897호)(20251002).pdf
kr-pipa-active-20251002__0058,kr-pipa-active-20251002,58,제28조의7,제28조의7(적용범위),ARTICLE,"제28조의7(적용범위) 제28조의2 또는 제28조의3에 따라 처리된 가명정보는 제20조, 제20조의2, 제27조, 제34조제1항,
제35조, 제35조의2, 제36조 및 제37조를 적용하지 아니한다. <개정 2023. 3. 14.>
[본조신설 2020. 2. 4.]",18,18,147,true,true,false,false,true,false,false,2025-10-02,active,https://www.law.go.kr/법령/개인정보보호법,/Users/munchaerin/Desktop/졸프 data/개인정보 보호법(법률)(제20897호)(20251002).pdf
kr-pipa-active-20251002__0059,kr-pipa-active-20251002,59,제28조의7,제28조의7(적용범위),ARTICLE,"제28조의7(적용범위) 제28조의2 또는 제28조의3에 따라 처리된 가명정보는 제20조, 제20조의2, 제27조, 제34조제1항
ㆍ제2항, 제35조, 제35조의2, 제36조 및 제37조를 적용하지 아니한다. <개정 2023. 3. 14., 2026. 3. 10.>
[본조신설 2020. 2. 4.]
[시행일: 2026. 9. 11.] 제28조의7

개인정보 보호법
제4절 개인정보의 국외 이전 <신설 2023. 3. 14.>",18,19,237,true,true,false,false,true,false,false,2025-10-02,active,https://www.law.go.kr/법령/개인정보보호법,/Users/munchaerin/Desktop/졸프 data/개인정보 보호법(법률)(제20897호)(20251002).pdf
kr-pipa-active-20251002__0060,kr-pipa-active-20251002,60,제28조의8,제28조의8(개인정보의 국외 이전),ARTICLE,"제28조의8(개인정보의 국외 이전) ① 개인정보처리자는 개인정보를 국외로 제공(조회되는 경우를 포함한다)ㆍ처리위탁
ㆍ보관(이하 이 절에서 “이전”이라 한다)하여서는 아니 된다. 다만, 다음 각 호의 어느 하나에 해당하는 경우에는 개
인정보를 국외로 이전할 수 있다.
1. 정보주체로부터 국외 이전에 관한 별도의 동의를 받은 경우
2. 법률, 대한민국을 당사자로 하는 조약 또는 그 밖의 국제협정에 개인정보의 국외 이전에 관한 특별한 규정이 있
는 경우
3. 정보주체와의 계약의 체결 및 이행을 위하여 개인정보의 처리위탁ㆍ보관이 필요한 경우로서 다음 각 목의 어느
하나에 해당하는 경우
가. 제2항 각 호의 사항을 제30조에 따른 개인정보 처리방침에 공개한 경우
나. 전자우편 등 대통령령으로 정하는 방법에 따라 제2항 각 호의 사항을 정보주체에게 알린 경우
4. 개인정보를 이전받는 자가 제32조의2에 따른 개인정보 보호 인증 등 보호위원회가 정하여 고시하는 인증을 받은
경우로서 다음 각 목의 조치를 모두 한 경우
가. 개인정보 보호에 필요한 안전조치 및 정보주체 권리보장에 필요한 조치
나. 인증받은 사항을 개인정보가 이전되는 국가에서 이행하기 위하여 필요한 조치
5. 개인정보가 이전되는 국가 또는 국제기구의 개인정보 보호체계, 정보주체 권리보장 범위, 피해구제 절차 등이 이
법에 따른 개인정보 보호 수준과 실질적으로 동등한 수준을 갖추었다고 보호위원회가 인정하는 경우
② 개인정보처리자는 제1항제1호에 따른 동의를 받을 때에는 미리 다음 각 호의 사항을 정보주체에게 알려야 한다.
1. 이전되는 개인정보 항목
2. 개인정보가 이전되는 국가, 시기 및 방법
3. 개인정보를 이전받는 자의 성명(법인인 경우에는 그 명칭과 연락처를 말한다)
4. 개인정보를 이전받는 자의 개인정보 이용목적 및 보유ㆍ이용 기간
5. 개인정보의 이전을 거부하는 방법, 절차 및 거부의 효과
③ 개인정보처리자는 제2항 각 호의 어느 하나에 해당하는 사항을 변경하는 경우에는 정보주체에게 알리고 동의를
받아야 한다.
④ 개인정보처리자는 제1항 각 호 외의 부분 단서에 따라 개인정보를 국외로 이전하는 경우 국외 이전과 관련한 이
법의 다른 규정, 제17조부터 제19조까지의 규정 및 제5장의 규정을 준수하여야 하고, 대통령령으로 정하는 보호조
치를 하여야 한다.
⑤ 개인정보처리자는 이 법을 위반하는 사항을 내용으로 하는 개인정보의 국외 이전에 관한 계약을 체결하여서는
아니 된다.
⑥ 제1항부터 제5항까지에서 규정한 사항 외에 개인정보 국외 이전의 기준 및 절차 등에 필요한 사항은 대통령령으
로 정한다.
[본조신설 2023. 3. 14.]",19,19,1300,true,true,false,true,true,false,false,2025-10-02,active,https://www.law.go.kr/법령/개인정보보호법,/Users/munchaerin/Desktop/졸프 data/개인정보 보호법(법률)(제20897호)(20251002).pdf
kr-pipa-active-20251002__0061,kr-pipa-active-20251002,61,제28조의9,제28조의9(개인정보의 국외 이전 중지 명령),ARTICLE,"제28조의9(개인정보의 국외 이전 중지 명령) ① 보호위원회는 개인정보의 국외 이전이 계속되고 있거나 추가적인 국외
이전이 예상되는 경우로서 다음 각 호의 어느 하나에 해당하는 경우에는 개인정보처리자에게 개인정보의 국외 이전
을 중지할 것을 명할 수 있다.
1. 제28조의8제1항, 제4항 또는 제5항을 위반한 경우
2. 개인정보를 이전받는 자나 개인정보가 이전되는 국가 또는 국제기구가 이 법에 따른 개인정보 보호 수준에 비하
여 개인정보를 적정하게 보호하지 아니하여 정보주체에게 피해가 발생하거나 발생할 우려가 현저한 경우
② 개인정보처리자는 제1항에 따른 국외 이전 중지 명령을 받은 경우에는 명령을 받은 날부터 7일 이내에 보호위원
회에 이의를 제기할 수 있다.

개인정보 보호법
③ 제1항에 따른 개인정보 국외 이전 중지 명령의 기준, 제2항에 따른 불복 절차 등에 필요한 사항은 대통령령으로
정한다.
[본조신설 2023. 3. 14.]",19,20,473,true,true,false,false,true,false,false,2025-10-02,active,https://www.law.go.kr/법령/개인정보보호법,/Users/munchaerin/Desktop/졸프 data/개인정보 보호법(법률)(제20897호)(20251002).pdf
kr-pipa-active-20251002__0062,kr-pipa-active-20251002,62,제28조의10,제28조의10(상호주의),ARTICLE,"제28조의10(상호주의) 제28조의8에도 불구하고 개인정보의 국외 이전을 제한하는 국가의 개인정보처리자에 대해서는
해당 국가의 수준에 상응하는 제한을 할 수 있다. 다만, 조약 또는 그 밖의 국제협정의 이행에 필요한 경우에는 그러
하지 아니하다.
[본조신설 2023. 3. 14.]",20,20,157,true,true,false,false,true,false,false,2025-10-02,active,https://www.law.go.kr/법령/개인정보보호법,/Users/munchaerin/Desktop/졸프 data/개인정보 보호법(법률)(제20897호)(20251002).pdf
kr-pipa-active-20251002__0063,kr-pipa-active-20251002,63,제28조의11,제28조의11(준용규정),ARTICLE,"제28조의11(준용규정) 제28조의8제1항 각 호 외의 부분 단서에 따라 개인정보를 이전받은 자가 해당 개인정보를 제
3국으로 이전하는 경우에 관하여는 제28조의8 및 제28조의9를 준용한다. 이 경우 “개인정보처리자”는 “개인정보를
이전받은 자”로, “개인정보를 이전받는 자”는 “제3국에서 개인정보를 이전받는 자”로 본다.
[본조신설 2023. 3. 14.]
제4장 개인정보의 안전한 관리",20,20,219,true,true,false,false,true,false,false,2025-10-02,active,https://www.law.go.kr/법령/개인정보보호법,/Users/munchaerin/Desktop/졸프 data/개인정보 보호법(법률)(제20897호)(20251002).pdf
kr-pipa-active-20251002__0064,kr-pipa-active-20251002,64,제29조,제29조(안전조치의무),ARTICLE,"제29조(안전조치의무) 개인정보처리자는 개인정보가 분실ㆍ도난ㆍ유출ㆍ위조ㆍ변조 또는 훼손되지 아니하도록 내부
관리계획 수립, 접속기록 보관 등 대통령령으로 정하는 바에 따라 안전성 확보에 필요한 기술적ㆍ관리적 및 물리적
조치를 하여야 한다. <개정 2015. 7. 24.>",20,20,151,true,true,false,false,true,false,false,2025-10-02,active,https://www.law.go.kr/법령/개인정보보호법,/Users/munchaerin/Desktop/졸프 data/개인정보 보호법(법률)(제20897호)(20251002).pdf
kr-pipa-active-20251002__0065,kr-pipa-active-20251002,65,제29조,제29조(안전조치의무),ARTICLE,"제29조(안전조치의무) 개인정보처리자는 개인정보가 유출등이 되지 아니하도록 내부 관리계획 수립, 접속기록 보관 등
대통령령으로 정하는 바에 따라 안전성 확보에 필요한 기술적ㆍ관리적 및 물리적 조치를 하여야 한다. <개정 2015.
7. 24., 2026. 3. 10.>
[시행일: 2026. 9. 11.] 제29조",20,20,175,true,true,false,false,true,false,false,2025-10-02,active,https://www.law.go.kr/법령/개인정보보호법,/Users/munchaerin/Desktop/졸프 data/개인정보 보호법(법률)(제20897호)(20251002).pdf
kr-pipa-active-20251002__0066,kr-pipa-active-20251002,66,제30조,제30조(개인정보 처리방침의 수립 및 공개),ARTICLE,"제30조(개인정보 처리방침의 수립 및 공개) ① 개인정보처리자는 다음 각 호의 사항이 포함된 개인정보의 처리 방침(이
하 “개인정보 처리방침”이라 한다)을 정하여야 한다. 이 경우 공공기관은 제32조에 따라 등록대상이 되는 개인정보
파일에 대하여 개인정보 처리방침을 정한다. <개정 2016. 3. 29., 2020. 2. 4., 2023. 3. 14.>
1. 개인정보의 처리 목적
2. 개인정보의 처리 및 보유 기간
3. 개인정보의 제3자 제공에 관한 사항(해당되는 경우에만 정한다)
3의2. 개인정보의 파기절차 및 파기방법(제21조제1항 단서에 따라 개인정보를 보존하여야 하는 경우에는 그 보존근
거와 보존하는 개인정보 항목을 포함한다)
3의3. 제23조제3항에 따른 민감정보의 공개 가능성 및 비공개를 선택하는 방법(해당되는 경우에만 정한다)
4. 개인정보처리의 위탁에 관한 사항(해당되는 경우에만 정한다)
4의2. 제28조의2 및 제28조의3에 따른 가명정보의 처리 등에 관한 사항(해당되는 경우에만 정한다)
5. 정보주체와 법정대리인의 권리ㆍ의무 및 그 행사방법에 관한 사항
6. 제31조에 따른 개인정보 보호책임자의 성명 또는 개인정보 보호업무 및 관련 고충사항을 처리하는 부서의 명칭
과 전화번호 등 연락처
7. 인터넷 접속정보파일 등 개인정보를 자동으로 수집하는 장치의 설치ㆍ운영 및 그 거부에 관한 사항(해당하는 경
우에만 정한다)
8. 그 밖에 개인정보의 처리에 관하여 대통령령으로 정한 사항
② 개인정보처리자가 개인정보 처리방침을 수립하거나 변경하는 경우에는 정보주체가 쉽게 확인할 수 있도록 대통
령령으로 정하는 방법에 따라 공개하여야 한다.
③ 개인정보 처리방침의 내용과 개인정보처리자와 정보주체 간에 체결한 계약의 내용이 다른 경우에는 정보주체에
게 유리한 것을 적용한다.

개인정보 보호법
④ 보호위원회는 개인정보 처리방침의 작성지침을 정하여 개인정보처리자에게 그 준수를 권장할 수 있다.<개정
2013. 3. 23., 2014. 11. 19., 2017. 7. 26., 2020. 2. 4.>",20,21,1019,true,true,false,false,true,false,false,2025-10-02,active,https://www.law.go.kr/법령/개인정보보호법,/Users/munchaerin/Desktop/졸프 data/개인정보 보호법(법률)(제20897호)(20251002).pdf
kr-pipa-active-20251002__0067,kr-pipa-active-20251002,67,제30조의2,제30조의2(개인정보 처리방침의 평가 및 개선권고),ARTICLE,"제30조의2(개인정보 처리방침의 평가 및 개선권고) ① 보호위원회는 개인정보 처리방침에 관하여 다음 각 호의 사항을
평가하고, 평가 결과 개선이 필요하다고 인정하는 경우에는 개인정보처리자에게 제61조제2항에 따라 개선을 권고할
수 있다.
1. 이 법에 따라 개인정보 처리방침에 포함하여야 할 사항을 적정하게 정하고 있는지 여부
2. 개인정보 처리방침을 알기 쉽게 작성하였는지 여부
3. 개인정보 처리방침을 정보주체가 쉽게 확인할 수 있는 방법으로 공개하고 있는지 여부
② 개인정보 처리방침의 평가 대상, 기준 및 절차 등에 필요한 사항은 대통령령으로 정한다.
[본조신설 2023. 3. 14.]",21,21,332,true,true,false,false,true,false,false,2025-10-02,active,https://www.law.go.kr/법령/개인정보보호법,/Users/munchaerin/Desktop/졸프 data/개인정보 보호법(법률)(제20897호)(20251002).pdf
kr-pipa-active-20251002__0068,kr-pipa-active-20251002,68,제30조의3,제30조의3(사업주 또는 대표자의 책임),ARTICLE,"제30조의3(사업주 또는 대표자의 책임) 개인정보처리자의 사업주 또는 대표자는 개인정보의 안전한 처리 및 정보주체
의 권리 보호에 대한 최종적인 책임자로서 개인정보 보호에 필요한 전문 인력과 충분한 예산의 지원 등 총괄적인 관
리 조치를 실효성 있게 하여야 한다.
[본조신설 2026. 3. 10.]
[시행일: 2026. 9. 11.] 제30조의3",21,21,194,true,true,false,false,true,false,false,2025-10-02,active,https://www.law.go.kr/법령/개인정보보호법,/Users/munchaerin/Desktop/졸프 data/개인정보 보호법(법률)(제20897호)(20251002).pdf
kr-pipa-active-20251002__0069,kr-pipa-active-20251002,69,제31조,제31조(개인정보 보호책임자의 지정 등),ARTICLE,"제31조(개인정보 보호책임자의 지정 등) ① 개인정보처리자는 개인정보의 처리에 관한 업무를 총괄해서 책임질 개인정
보 보호책임자를 지정하여야 한다. 다만, 종업원 수, 매출액 등이 대통령령으로 정하는 기준에 해당하는 개인정보처
리자의 경우에는 지정하지 아니할 수 있다. <개정 2023. 3. 14.>
② 제1항 단서에 따라 개인정보 보호책임자를 지정하지 아니하는 경우에는 개인정보처리자의 사업주 또는 대표자
가 개인정보 보호책임자가 된다.<신설 2023. 3. 14.>
③ 개인정보 보호책임자는 다음 각 호의 업무를 수행한다.<개정 2023. 3. 14.>
1. 개인정보 보호 계획의 수립 및 시행
2. 개인정보 처리 실태 및 관행의 정기적인 조사 및 개선
3. 개인정보 처리와 관련한 불만의 처리 및 피해 구제
4. 개인정보 유출 및 오용ㆍ남용 방지를 위한 내부통제시스템의 구축
5. 개인정보 보호 교육 계획의 수립 및 시행
6. 개인정보파일의 보호 및 관리ㆍ감독
7. 그 밖에 개인정보의 적절한 처리를 위하여 대통령령으로 정한 업무
④ 개인정보 보호책임자는 제3항 각 호의 업무를 수행함에 있어서 필요한 경우 개인정보의 처리 현황, 처리 체계 등
에 대하여 수시로 조사하거나 관계 당사자로부터 보고를 받을 수 있다.<개정 2023. 3. 14.>
⑤ 개인정보 보호책임자는 개인정보 보호와 관련하여 이 법 및 다른 관계 법령의 위반 사실을 알게 된 경우에는 즉
시 개선조치를 하여야 하며, 필요하면 소속 기관 또는 단체의 장에게 개선조치를 보고하여야 한다.<개정 2023. 3.
14.>
⑥ 개인정보처리자는 개인정보 보호책임자가 제3항 각 호의 업무를 수행함에 있어서 정당한 이유 없이 불이익을 주
거나 받게 하여서는 아니 되며, 개인정보 보호책임자가 업무를 독립적으로 수행할 수 있도록 보장하여야 한다.<개
정 2023. 3. 14.>
⑦ 개인정보처리자는 개인정보의 안전한 처리 및 보호, 정보의 교류, 그 밖에 대통령령으로 정하는 공동의 사업을
수행하기 위하여 제1항에 따른 개인정보 보호책임자를 구성원으로 하는 개인정보 보호책임자 협의회를 구성ㆍ운영
할 수 있다.<신설 2023. 3. 14.>
⑧ 보호위원회는 제7항에 따른 개인정보 보호책임자 협의회의 활동에 필요한 지원을 할 수 있다.<신설 2023. 3.
14.>

개인정보 보호법
⑨ 제1항에 따른 개인정보 보호책임자의 자격요건, 제3항에 따른 업무 및 제6항에 따른 독립성 보장 등에 필요한 사
항은 매출액, 개인정보의 보유 규모 등을 고려하여 대통령령으로 정한다.<개정 2023. 3. 14.>
[제목개정 2023. 3. 14.]",21,22,1287,true,true,false,false,true,false,false,2025-10-02,active,https://www.law.go.kr/법령/개인정보보호법,/Users/munchaerin/Desktop/졸프 data/개인정보 보호법(법률)(제20897호)(20251002).pdf
kr-pipa-active-20251002__0070,kr-pipa-active-20251002,70,제31조,제31조(개인정보 보호책임자의 지정 등),ARTICLE,"제31조(개인정보 보호책임자의 지정 등) ① 개인정보처리자는 개인정보의 처리 및 보호에 관한 업무를 총괄해서 담당
할 개인정보 보호책임자를 지정하여야 한다. 다만, 종업원 수, 매출액 등이 대통령령으로 정하는 기준에 해당하는 개
인정보처리자의 경우에는 지정하지 아니할 수 있다. <개정 2023. 3. 14., 2026. 3. 10.>
② 제1항 단서에 따라 개인정보 보호책임자를 지정하지 아니하는 경우에는 개인정보처리자의 사업주 또는 대표자
가 개인정보 보호책임자가 된다.<신설 2023. 3. 14.>
③ 매출액, 개인정보의 보유 규모 등을 고려하여 대통령령으로 정하는 기준에 해당하는 개인정보처리자는 다음 각
호의 사항을 준수하여야 한다.<신설 2026. 3. 10.>
1. 개인정보 보호책임자를 지정하거나 그 지정을 변경 또는 해제할 때에는 이사회(법인인 경우로 한정한다. 이하 같
다)의 의결을 거칠 것
2. 보호위원회에 대통령령으로 정하는 바에 따라 개인정보 보호책임자 지정ㆍ변경 또는 해제에 관한 사항을 신고할
것
④ 개인정보 보호책임자는 다음 각 호의 업무를 수행한다.<개정 2023. 3. 14., 2026. 3. 10.>
1. 개인정보 보호 계획의 수립 및 시행
2. 개인정보 보호에 필요한 전문 인력의 관리 및 예산의 확보
3. 사업주 또는 대표자 및 이사회에 대한 개인정보 보호 현황 및 주요 사항의 보고
4. 개인정보 처리 및 보호의 실태와 관행에 대한 정기적인 조사 및 개선
5. 개인정보 처리와 관련한 불만의 처리 및 피해 구제
6. 개인정보 유출 및 오용ㆍ남용 방지를 위한 내부통제시스템의 구축
7. 개인정보 보호 교육 계획의 수립 및 시행
8. 개인정보파일의 보호 및 관리ㆍ감독
9. 그 밖에 개인정보의 적절한 처리 및 보호를 위하여 대통령령으로 정한 업무
⑤ 개인정보 보호책임자는 제4항 각 호의 업무를 수행함에 있어서 필요한 경우 개인정보의 처리 현황, 처리 체계 등
에 대하여 수시로 조사하거나 관계 당사자로부터 보고를 받을 수 있다.<개정 2023. 3. 14., 2026. 3. 10.>
⑥ 개인정보 보호책임자는 개인정보 보호와 관련하여 이 법 및 다른 관계 법령의 위반 사실을 알게 된 경우에는 즉
시 개선조치를 하여야 하며, 필요하면 소속 기관 또는 단체의 장에게 개선조치를 보고하여야 한다.<개정 2023. 3.
14., 2026. 3. 10.>
⑦ 개인정보처리자는 개인정보 보호책임자가 제4항 각 호의 업무를 수행함에 있어서 정당한 이유 없이 불이익을 주
거나 받게 하여서는 아니 되며, 개인정보 보호책임자가 업무를 독립적으로 수행할 수 있도록 보장하여야 한다.<개
정 2023. 3. 14., 2026. 3. 10.>
⑧ 개인정보처리자는 개인정보의 안전한 처리 및 보호, 정보의 교류, 그 밖에 대통령령으로 정하는 공동의 사업을
수행하기 위하여 제1항에 따른 개인정보 보호책임자를 구성원으로 하는 개인정보 보호책임자 협의회를 구성ㆍ운영
할 수 있다.<신설 2023. 3. 14., 2026. 3. 10.>
⑨ 보호위원회는 제8항에 따른 개인정보 보호책임자 협의회의 활동에 필요한 지원을 할 수 있다.<신설 2023. 3. 14.,
2026. 3. 10.>
⑩ 제1항에 따른 개인정보 보호책임자의 자격요건, 제3항제2호에 따른 신고의 방법 및 절차, 제4항에 따른 업무 및
제7항에 따른 독립성 보장 등에 필요한 사항은 매출액, 개인정보의 보유 규모 등을 고려하여 대통령령으로 정한다.
<개정 2023. 3. 14., 2026. 3. 10.>
[제목개정 2023. 3. 14.]
[시행일: 2026. 9. 11.] 제31조

개인정보 보호법",22,23,1784,true,true,false,false,true,false,false,2025-10-02,active,https://www.law.go.kr/법령/개인정보보호법,/Users/munchaerin/Desktop/졸프 data/개인정보 보호법(법률)(제20897호)(20251002).pdf
kr-pipa-active-20251002__0071,kr-pipa-active-20251002,71,제31조의2,제31조의2(국내대리인의 지정),ARTICLE,"제31조의2(국내대리인의 지정) ① 국내에 주소 또는 영업소가 없는 개인정보처리자로서 매출액, 개인정보의 보유 규모
등을 고려하여 대통령령으로 정하는 자는 다음 각 호의 사항을 대리하는 자(이하 “국내대리인”이라 한다)를 지정하
여야 한다. 이 경우 국내대리인의 지정은 문서로 하여야 한다. <개정 2023. 3. 14., 2025. 4. 1.>
1. 제31조제3항제3호에 따른 개인정보 처리와 관련한 불만의 처리 및 피해 구제 업무
2. 제34조제1항 및 제3항에 따른 개인정보 유출 등의 통지 및 신고
3. 제63조제1항에 따른 물품ㆍ서류 등 자료의 제출
② 국내대리인은 국내에 주소 또는 영업소가 있어야 한다. 이 경우 다음 각 호의 어느 하나에 해당하는 법인이 있는
개인정보처리자는 그 법인 중에서 국내대리인을 지정하여야 한다.<개정 2023. 3. 14., 2025. 4. 1.>
1. 해당 개인정보처리자가 설립한 국내 법인
2. 해당 개인정보처리자가 임원 구성, 사업 운영 등에 지배적인 영향력을 행사하는 국내 법인으로서 대통령령으로
정하는 법인
③ 제1항에 따라 국내대리인을 지정한 개인정보처리자는 국내대리인이 업무를 충실히 수행하도록 대통령령으로 정
하는 바에 따라 교육하고 업무현황을 점검하는 등의 관리ㆍ감독을 하여야 한다.<신설 2025. 4. 1.>
④ 개인정보처리자는 제1항에 따라 국내대리인을 지정하는 경우에는 다음 각 호의 사항을 개인정보 처리방침에 포
함하여야 한다.<개정 2023. 3. 14., 2025. 4. 1.>
1. 국내대리인의 성명(법인의 경우에는 그 명칭 및 대표자의 성명을 말한다)
2. 국내대리인의 주소(법인의 경우에는 영업소의 소재지를 말한다), 전화번호 및 전자우편 주소
⑤ 국내대리인이 제1항 각 호와 관련하여 이 법을 위반한 경우에는 개인정보처리자가 그 행위를 한 것으로 본다.
<개정 2023. 3. 14., 2025. 4. 1.>
[본조신설 2020. 2. 4.]
[제39조의11에서 이동 <2023. 3. 14.>]",23,23,992,true,true,false,false,true,false,false,2025-10-02,active,https://www.law.go.kr/법령/개인정보보호법,/Users/munchaerin/Desktop/졸프 data/개인정보 보호법(법률)(제20897호)(20251002).pdf
kr-pipa-active-20251002__0072,kr-pipa-active-20251002,72,제31조의2,제31조의2(국내대리인의 지정),ARTICLE,"제31조의2(국내대리인의 지정) ① 국내에 주소 또는 영업소가 없는 개인정보처리자로서 매출액, 개인정보의 보유 규모
등을 고려하여 대통령령으로 정하는 자는 다음 각 호의 사항을 대리하는 자(이하 “국내대리인”이라 한다)를 지정하
여야 한다. 이 경우 국내대리인의 지정은 문서로 하여야 한다. <개정 2023. 3. 14., 2025. 4. 1., 2026. 3. 10.>
1. 제31조제4항제5호에 따른 개인정보 처리와 관련한 불만의 처리 및 피해 구제 업무
2. 제34조제1항ㆍ제2항에 따른 통지 및 같은 조 제4항에 따른 유출등의 신고
3. 제63조제1항에 따른 물품ㆍ서류 등 자료의 제출
② 국내대리인은 국내에 주소 또는 영업소가 있어야 한다. 이 경우 다음 각 호의 어느 하나에 해당하는 법인이 있는
개인정보처리자는 그 법인 중에서 국내대리인을 지정하여야 한다.<개정 2023. 3. 14., 2025. 4. 1.>
1. 해당 개인정보처리자가 설립한 국내 법인
2. 해당 개인정보처리자가 임원 구성, 사업 운영 등에 지배적인 영향력을 행사하는 국내 법인으로서 대통령령으로
정하는 법인
③ 제1항에 따라 국내대리인을 지정한 개인정보처리자는 국내대리인이 업무를 충실히 수행하도록 대통령령으로 정
하는 바에 따라 교육하고 업무현황을 점검하는 등의 관리ㆍ감독을 하여야 한다.<신설 2025. 4. 1.>
④ 개인정보처리자는 제1항에 따라 국내대리인을 지정하는 경우에는 다음 각 호의 사항을 개인정보 처리방침에 포
함하여야 한다.<개정 2023. 3. 14., 2025. 4. 1.>
1. 국내대리인의 성명(법인의 경우에는 그 명칭 및 대표자의 성명을 말한다)
2. 국내대리인의 주소(법인의 경우에는 영업소의 소재지를 말한다), 전화번호 및 전자우편 주소
⑤ 국내대리인이 제1항 각 호와 관련하여 이 법을 위반한 경우에는 개인정보처리자가 그 행위를 한 것으로 본다.
<개정 2023. 3. 14., 2025. 4. 1.>
[본조신설 2020. 2. 4.]
[제39조의11에서 이동 <2023. 3. 14.>]

개인정보 보호법
[시행일: 2026. 9. 11.] 제31조의2",23,24,1048,true,true,false,false,true,false,false,2025-10-02,active,https://www.law.go.kr/법령/개인정보보호법,/Users/munchaerin/Desktop/졸프 data/개인정보 보호법(법률)(제20897호)(20251002).pdf
kr-pipa-active-20251002__0073,kr-pipa-active-20251002,73,제32조,제32조(개인정보파일의 등록 및 공개),ARTICLE,"제32조(개인정보파일의 등록 및 공개) ① 공공기관의 장이 개인정보파일을 운용하는 경우에는 다음 각 호의 사항을 보
호위원회에 등록하여야 한다. 등록한 사항이 변경된 경우에도 또한 같다. <개정 2013. 3. 23., 2014. 11. 19., 2017. 7.
26., 2020. 2. 4.>
1. 개인정보파일의 명칭
2. 개인정보파일의 운영 근거 및 목적
3. 개인정보파일에 기록되는 개인정보의 항목
4. 개인정보의 처리방법
5. 개인정보의 보유기간
6. 개인정보를 통상적 또는 반복적으로 제공하는 경우에는 그 제공받는 자
7. 그 밖에 대통령령으로 정하는 사항
② 다음 각 호의 어느 하나에 해당하는 개인정보파일에 대하여는 제1항을 적용하지 아니한다.<개정 2023. 3. 14.>
1. 국가 안전, 외교상 비밀, 그 밖에 국가의 중대한 이익에 관한 사항을 기록한 개인정보파일
2. 범죄의 수사, 공소의 제기 및 유지, 형 및 감호의 집행, 교정처분, 보호처분, 보안관찰처분과 출입국관리에 관한 사
항을 기록한 개인정보파일
3. 「조세범처벌법」에 따른 범칙행위 조사 및 「관세법」에 따른 범칙행위 조사에 관한 사항을 기록한 개인정보파일
4. 일회적으로 운영되는 파일 등 지속적으로 관리할 필요성이 낮다고 인정되어 대통령령으로 정하는 개인정보파일
5. 다른 법령에 따라 비밀로 분류된 개인정보파일
③ 보호위원회는 필요하면 제1항에 따른 개인정보파일의 등록여부와 그 내용을 검토하여 해당 공공기관의 장에게
개선을 권고할 수 있다.<개정 2013. 3. 23., 2014. 11. 19., 2017. 7. 26., 2020. 2. 4., 2023. 3. 14.>
④ 보호위원회는 정보주체의 권리 보장 등을 위하여 필요한 경우 제1항에 따른 개인정보파일의 등록 현황을 누구든
지 쉽게 열람할 수 있도록 공개할 수 있다.<개정 2013. 3. 23., 2014. 11. 19., 2017. 7. 26., 2020. 2. 4., 2023. 3. 14.>
⑤ 제1항에 따른 등록과 제4항에 따른 공개의 방법, 범위 및 절차에 관하여 필요한 사항은 대통령령으로 정한다.
⑥ 국회, 법원, 헌법재판소, 중앙선거관리위원회(그 소속 기관을 포함한다)의 개인정보파일 등록 및 공개에 관하여는
국회규칙, 대법원규칙, 헌법재판소규칙 및 중앙선거관리위원회규칙으로 정한다.",24,24,1147,true,true,false,false,true,false,false,2025-10-02,active,https://www.law.go.kr/법령/개인정보보호법,/Users/munchaerin/Desktop/졸프 data/개인정보 보호법(법률)(제20897호)(20251002).pdf
kr-pipa-active-20251002__0074,kr-pipa-active-20251002,74,제32조의2,제32조의2(개인정보 보호 인증),ARTICLE,"제32조의2(개인정보 보호 인증) ① 보호위원회는 개인정보처리자의 개인정보 처리 및 보호와 관련한 일련의 조치가 이
법에 부합하는지 등에 관하여 인증할 수 있다. <개정 2017. 7. 26., 2020. 2. 4.>
② 제1항에 따른 인증의 유효기간은 3년으로 한다.
③ 보호위원회는 다음 각 호의 어느 하나에 해당하는 경우에는 대통령령으로 정하는 바에 따라 제1항에 따른 인증
을 취소할 수 있다. 다만, 제1호에 해당하는 경우에는 취소하여야 한다.<개정 2017. 7. 26., 2020. 2. 4.>
1. 거짓이나 그 밖의 부정한 방법으로 개인정보 보호 인증을 받은 경우
2. 제4항에 따른 사후관리를 거부 또는 방해한 경우
3. 제8항에 따른 인증기준에 미달하게 된 경우
4. 개인정보 보호 관련 법령을 위반하고 그 위반사유가 중대한 경우
④ 보호위원회는 개인정보 보호 인증의 실효성 유지를 위하여 연 1회 이상 사후관리를 실시하여야 한다.<개정
2017. 7. 26., 2020. 2. 4.>
⑤ 보호위원회는 대통령령으로 정하는 전문기관으로 하여금 제1항에 따른 인증, 제3항에 따른 인증 취소, 제4항에
따른 사후관리 및 제7항에 따른 인증 심사원 관리 업무를 수행하게 할 수 있다.<개정 2017. 7. 26., 2020. 2. 4.>
⑥ 제1항에 따른 인증을 받은 자는 대통령령으로 정하는 바에 따라 인증의 내용을 표시하거나 홍보할 수 있다.
⑦ 제1항에 따른 인증을 위하여 필요한 심사를 수행할 심사원의 자격 및 자격 취소 요건 등에 관하여는 전문성과
경력 및 그 밖에 필요한 사항을 고려하여 대통령령으로 정한다.
⑧ 그 밖에 개인정보 관리체계, 정보주체 권리보장, 안전성 확보조치가 이 법에 부합하는지 여부 등 제1항에 따른
인증의 기준ㆍ방법ㆍ절차 등 필요한 사항은 대통령령으로 정한다.

개인정보 보호법
[본조신설 2015. 7. 24.]",24,25,929,true,true,false,true,true,false,false,2025-10-02,active,https://www.law.go.kr/법령/개인정보보호법,/Users/munchaerin/Desktop/졸프 data/개인정보 보호법(법률)(제20897호)(20251002).pdf
kr-pipa-active-20251002__0075,kr-pipa-active-20251002,75,제32조의2,제32조의2(개인정보 보호 인증),ARTICLE,"제32조의2(개인정보 보호 인증) ① 보호위원회는 개인정보처리자의 개인정보 처리 및 보호와 관련한 일련의 조치가 이
법에 부합하는지 등에 관하여 인증할 수 있다. 다만, 매출액, 개인정보의 처리 규모 등을 고려하여 대통령령으로 정
하는 기준에 해당하는 개인정보처리자는 인증을 받아야 한다. <개정 2017. 7. 26., 2020. 2. 4., 2026. 3. 10.>
② 제1항에 따른 인증의 유효기간은 3년으로 한다.
③ 보호위원회는 다음 각 호의 어느 하나에 해당하는 경우에는 대통령령으로 정하는 바에 따라 제1항에 따른 인증
을 취소할 수 있다. 다만, 제1호에 해당하는 경우에는 취소하여야 한다.<개정 2017. 7. 26., 2020. 2. 4.>
1. 거짓이나 그 밖의 부정한 방법으로 개인정보 보호 인증을 받은 경우
2. 제4항에 따른 사후관리를 거부 또는 방해한 경우
3. 제8항에 따른 인증기준에 미달하게 된 경우
4. 개인정보 보호 관련 법령을 위반하고 그 위반사유가 중대한 경우
④ 보호위원회는 개인정보 보호 인증의 실효성 유지를 위하여 연 1회 이상 사후관리를 실시하여야 한다.<개정
2017. 7. 26., 2020. 2. 4.>
⑤ 보호위원회는 대통령령으로 정하는 전문기관으로 하여금 제1항에 따른 인증, 제3항에 따른 인증 취소, 제4항에
따른 사후관리 및 제7항에 따른 인증 심사원 관리 업무를 수행하게 할 수 있다.<개정 2017. 7. 26., 2020. 2. 4.>
⑥ 제1항에 따른 인증을 받은 자는 대통령령으로 정하는 바에 따라 인증의 내용을 표시하거나 홍보할 수 있다.
⑦ 제1항에 따른 인증을 위하여 필요한 심사를 수행할 심사원의 자격 및 자격 취소 요건 등에 관하여는 전문성과
경력 및 그 밖에 필요한 사항을 고려하여 대통령령으로 정한다.
⑧ 그 밖에 개인정보 관리체계, 정보주체 권리보장, 안전성 확보조치가 이 법에 부합하는지 여부 등 제1항에 따른
인증의 기준ㆍ방법ㆍ절차 등 필요한 사항은 대통령령으로 정한다.
[본조신설 2015. 7. 24.]
[시행일: 2027. 7. 1.] 제32조의2제1항 단서",25,25,1036,true,true,false,true,true,false,false,2025-10-02,active,https://www.law.go.kr/법령/개인정보보호법,/Users/munchaerin/Desktop/졸프 data/개인정보 보호법(법률)(제20897호)(20251002).pdf
kr-pipa-active-20251002__0076,kr-pipa-active-20251002,76,제33조,제33조(개인정보 영향평가),ARTICLE,"제33조(개인정보 영향평가) ① 공공기관의 장은 대통령령으로 정하는 기준에 해당하는 개인정보파일의 운용으로 인하
여 정보주체의 개인정보 침해가 우려되는 경우에는 그 위험요인의 분석과 개선 사항 도출을 위한 평가(이하 “영향평
가”라 한다)를 하고 그 결과를 보호위원회에 제출하여야 한다. <개정 2013. 3. 23., 2014. 11. 19., 2017. 7. 26., 2020.
2. 4., 2023. 3. 14.>
② 보호위원회는 대통령령으로 정하는 인력ㆍ설비 및 그 밖에 필요한 요건을 갖춘 자를 영향평가를 수행하는 기관
(이하 “평가기관”이라 한다)으로 지정할 수 있으며, 공공기관의 장은 영향평가를 평가기관에 의뢰하여야 한다.<신설
2023. 3. 14.>
③ 영향평가를 하는 경우에는 다음 각 호의 사항을 고려하여야 한다.<개정 2023. 3. 14.>
1. 처리하는 개인정보의 수
2. 개인정보의 제3자 제공 여부
3. 정보주체의 권리를 해할 가능성 및 그 위험 정도
4. 그 밖에 대통령령으로 정한 사항
④ 보호위원회는 제1항에 따라 제출받은 영향평가 결과에 대하여 의견을 제시할 수 있다.<개정 2013. 3. 23., 2014.
11. 19., 2017. 7. 26., 2020. 2. 4., 2023. 3. 14.>
⑤ 공공기관의 장은 제1항에 따라 영향평가를 한 개인정보파일을 제32조제1항에 따라 등록할 때에는 영향평가 결
과를 함께 첨부하여야 한다.<개정 2023. 3. 14.>
⑥ 보호위원회는 영향평가의 활성화를 위하여 관계 전문가의 육성, 영향평가 기준의 개발ㆍ보급 등 필요한 조치를
마련하여야 한다.<개정 2013. 3. 23., 2014. 11. 19., 2017. 7. 26., 2020. 2. 4., 2023. 3. 14.>
⑦ 보호위원회는 제2항에 따라 지정된 평가기관이 다음 각 호의 어느 하나에 해당하는 경우에는 평가기관의 지정을
취소할 수 있다. 다만, 제1호 또는 제2호에 해당하는 경우에는 평가기관의 지정을 취소하여야 한다.<신설 2023. 3.
14.>

개인정보 보호법
1. 거짓이나 그 밖의 부정한 방법으로 지정을 받은 경우
2. 지정된 평가기관 스스로 지정취소를 원하거나 폐업한 경우
3. 제2항에 따른 지정요건을 충족하지 못하게 된 경우
4. 고의 또는 중대한 과실로 영향평가업무를 부실하게 수행하여 그 업무를 적정하게 수행할 수 없다고 인정되는 경
우
5. 그 밖에 대통령령으로 정하는 사유에 해당하는 경우
⑧ 보호위원회는 제7항에 따라 지정을 취소하는 경우에는 「행정절차법」에 따른 청문을 실시하여야 한다.<신설
2023. 3. 14.>
⑨ 제1항에 따른 영향평가의 기준ㆍ방법ㆍ절차 등에 관하여 필요한 사항은 대통령령으로 정한다.<개정 2023. 3.
14.>
⑩ 국회, 법원, 헌법재판소, 중앙선거관리위원회(그 소속 기관을 포함한다)의 영향평가에 관한 사항은 국회규칙, 대
법원규칙, 헌법재판소규칙 및 중앙선거관리위원회규칙으로 정하는 바에 따른다.<개정 2023. 3. 14.>
⑪ 공공기관 외의 개인정보처리자는 개인정보파일 운용으로 인하여 정보주체의 개인정보 침해가 우려되는 경우에
는 영향평가를 하기 위하여 적극 노력하여야 한다.<개정 2023. 3. 14.>",25,26,1583,true,true,false,false,true,false,false,2025-10-02,active,https://www.law.go.kr/법령/개인정보보호법,/Users/munchaerin/Desktop/졸프 data/개인정보 보호법(법률)(제20897호)(20251002).pdf
kr-pipa-active-20251002__0077,kr-pipa-active-20251002,77,제34조,제34조(개인정보 유출 등의 통지ㆍ신고),ARTICLE,"제34조(개인정보 유출 등의 통지ㆍ신고) ① 개인정보처리자는 개인정보가 분실ㆍ도난ㆍ유출(이하 이 조에서 “유출등
”이라 한다)되었음을 알게 되었을 때에는 지체 없이 해당 정보주체에게 다음 각 호의 사항을 알려야 한다. 다만, 정보
주체의 연락처를 알 수 없는 경우 등 정당한 사유가 있는 경우에는 대통령령으로 정하는 바에 따라 통지를 갈음하는
조치를 취할 수 있다. <개정 2023. 3. 14.>
1. 유출등이 된 개인정보의 항목
2. 유출등이 된 시점과 그 경위
3. 유출등으로 인하여 발생할 수 있는 피해를 최소화하기 위하여 정보주체가 할 수 있는 방법 등에 관한 정보
4. 개인정보처리자의 대응조치 및 피해 구제절차
5. 정보주체에게 피해가 발생한 경우 신고 등을 접수할 수 있는 담당부서 및 연락처
② 개인정보처리자는 개인정보가 유출등이 된 경우 그 피해를 최소화하기 위한 대책을 마련하고 필요한 조치를 하
여야 한다.<개정 2023. 3. 14.>
③ 개인정보처리자는 개인정보의 유출등이 있음을 알게 되었을 때에는 개인정보의 유형, 유출등의 경로 및 규모 등
을 고려하여 대통령령으로 정하는 바에 따라 제1항 각 호의 사항을 지체 없이 보호위원회 또는 대통령령으로 정하
는 전문기관에 신고하여야 한다. 이 경우 보호위원회 또는 대통령령으로 정하는 전문기관은 피해 확산방지, 피해 복
구 등을 위한 기술을 지원할 수 있다.<개정 2013. 3. 23., 2014. 11. 19., 2017. 7. 26., 2020. 2. 4., 2023. 3. 14.>
④ 제1항에 따른 유출등의 통지 및 제3항에 따른 유출등의 신고의 시기, 방법, 절차 등에 필요한 사항은 대통령령으
로 정한다.<개정 2023. 3. 14.>
[제목개정 2023. 3. 14.]",26,26,871,true,true,false,false,true,false,false,2025-10-02,active,https://www.law.go.kr/법령/개인정보보호법,/Users/munchaerin/Desktop/졸프 data/개인정보 보호법(법률)(제20897호)(20251002).pdf
kr-pipa-active-20251002__0078,kr-pipa-active-20251002,78,제34조,제34조(개인정보 유출등의 통지ㆍ신고),ARTICLE,"제34조(개인정보 유출등의 통지ㆍ신고) ① 개인정보처리자는 개인정보가 유출등이 되었음을 알게 되었을 때에는 지체
없이 해당 정보주체에게 다음 각 호의 사항을 알려야 한다. 다만, 정보주체의 연락처를 알 수 없는 경우 등 정당한 사
유가 있는 경우에는 대통령령으로 정하는 바에 따라 통지를 갈음하는 조치를 취할 수 있다. <개정 2023. 3. 14.,
2026. 3. 10.>
1. 유출등이 된 개인정보의 항목
2. 유출등이 된 시점과 그 경위
3. 유출등으로 인하여 발생할 수 있는 피해를 최소화하기 위하여 정보주체가 할 수 있는 방법 등에 관한 구체적인
정보
4. 개인정보처리자의 대응조치 및 피해 구제절차
5. 정보주체에게 피해가 발생한 경우 신고 등을 접수할 수 있는 담당부서 및 연락처

개인정보 보호법
6. 개인정보 유출등으로 인한 제39조에 따른 손해배상과 제39조의2에 따른 법정손해배상의 청구 및 제43조에 따른
분쟁조정 등 피해를 입은 정보주체의 법적 권리와 그 행사 방법 등에 관한 정보
7. 그 밖에 개인정보가 유출등이 된 정보주체의 보호를 위하여 대통령령으로 정하는 사항
② 제1항에도 불구하고 개인정보의 유형, 정보주체에게 미치는 영향 및 유출등의 위험 정도를 고려하여 대통령령으
로 정하는 유출등의 가능성이 있음을 알게 되었을 때에는 지체 없이 유출등의 가능성이 있는 모든 정보주체에게 피
해를 최소화하기 위한 정보 등 대통령령으로 정하는 사항을 알려야 한다.<신설 2026. 3. 10.>
③ 개인정보처리자는 개인정보가 유출등이 된 경우에는 해당 개인정보의 회수ㆍ삭제 등 피해 확산을 방지하기 위
한 조치를 포함하여 피해를 최소화하기 위한 대책을 마련하고 필요한 조치를 하여야 한다.<개정 2023. 3. 14., 2026.
3. 10.>
④ 개인정보처리자는 개인정보의 유출등이 있음을 알게 되었을 때에는 개인정보의 유형, 유출등의 경로 및 규모 등
을 고려하여 대통령령으로 정하는 바에 따라 제1항 각 호의 사항을 지체 없이 보호위원회 또는 대통령령으로 정하
는 전문기관에 신고하여야 한다. 이 경우 보호위원회 또는 대통령령으로 정하는 전문기관은 피해 확산방지, 피해 복
구 등을 위한 기술을 지원할 수 있다.<개정 2013. 3. 23., 2014. 11. 19., 2017. 7. 26., 2020. 2. 4., 2023. 3. 14., 2026.
3. 10.>
⑤ 제1항ㆍ제2항에 따른 통지 및 제4항에 따른 유출등의 신고의 시기, 방법, 절차 등에 필요한 사항은 대통령령으로
정한다.<개정 2023. 3. 14., 2026. 3. 10.>
[제목개정 2023. 3. 14., 2026. 3. 10.]
[시행일: 2026. 9. 11.] 제34조",26,27,1333,true,true,false,false,true,false,false,2025-10-02,active,https://www.law.go.kr/법령/개인정보보호법,/Users/munchaerin/Desktop/졸프 data/개인정보 보호법(법률)(제20897호)(20251002).pdf
kr-pipa-active-20251002__0079,kr-pipa-active-20251002,79,제34조의2,제34조의2(노출된 개인정보의 삭제ㆍ차단),ARTICLE,"제34조의2(노출된 개인정보의 삭제ㆍ차단) ① 개인정보처리자는 고유식별정보, 계좌정보, 신용카드정보 등 개인정보가
정보통신망을 통하여 공중(公衆)에 노출되지 아니하도록 하여야 한다. <개정 2023. 3. 14.>
② 개인정보처리자는 공중에 노출된 개인정보에 대하여 보호위원회 또는 대통령령으로 지정한 전문기관의 요청이
있는 경우에는 해당 정보를 삭제하거나 차단하는 등 필요한 조치를 하여야 한다.<개정 2023. 3. 14.>
[본조신설 2020. 2. 4.]
[제39조의10에서 이동, 종전 제34조의2는 삭제 <2023. 3. 14.>]
제5장 정보주체의 권리 보장",27,27,319,true,true,false,false,true,false,false,2025-10-02,active,https://www.law.go.kr/법령/개인정보보호법,/Users/munchaerin/Desktop/졸프 data/개인정보 보호법(법률)(제20897호)(20251002).pdf
kr-pipa-active-20251002__0080,kr-pipa-active-20251002,80,제35조,제35조(개인정보의 열람),ARTICLE,"제35조(개인정보의 열람) ① 정보주체는 개인정보처리자가 처리하는 자신의 개인정보에 대한 열람을 해당 개인정보처
리자에게 요구할 수 있다.
② 제1항에도 불구하고 정보주체가 자신의 개인정보에 대한 열람을 공공기관에 요구하고자 할 때에는 공공기관에
직접 열람을 요구하거나 대통령령으로 정하는 바에 따라 보호위원회를 통하여 열람을 요구할 수 있다.<개정 2013.
3. 23., 2014. 11. 19., 2017. 7. 26., 2020. 2. 4.>
③ 개인정보처리자는 제1항 및 제2항에 따른 열람을 요구받았을 때에는 대통령령으로 정하는 기간 내에 정보주체
가 해당 개인정보를 열람할 수 있도록 하여야 한다. 이 경우 해당 기간 내에 열람할 수 없는 정당한 사유가 있을 때
에는 정보주체에게 그 사유를 알리고 열람을 연기할 수 있으며, 그 사유가 소멸하면 지체 없이 열람하게 하여야 한
다.
④ 개인정보처리자는 다음 각 호의 어느 하나에 해당하는 경우에는 정보주체에게 그 사유를 알리고 열람을 제한하
거나 거절할 수 있다.
1. 법률에 따라 열람이 금지되거나 제한되는 경우
2. 다른 사람의 생명ㆍ신체를 해할 우려가 있거나 다른 사람의 재산과 그 밖의 이익을 부당하게 침해할 우려가 있는
경우
3. 공공기관이 다음 각 목의 어느 하나에 해당하는 업무를 수행할 때 중대한 지장을 초래하는 경우

개인정보 보호법
가. 조세의 부과ㆍ징수 또는 환급에 관한 업무
나. 「초ㆍ중등교육법」 및 「고등교육법」에 따른 각급 학교, 「평생교육법」에 따른 평생교육시설, 그 밖의 다른 법
률에 따라 설치된 고등교육기관에서의 성적 평가 또는 입학자 선발에 관한 업무
다. 학력ㆍ기능 및 채용에 관한 시험, 자격 심사에 관한 업무
라. 보상금ㆍ급부금 산정 등에 대하여 진행 중인 평가 또는 판단에 관한 업무
마. 다른 법률에 따라 진행 중인 감사 및 조사에 관한 업무
⑤ 제1항부터 제4항까지의 규정에 따른 열람 요구, 열람 제한, 통지 등의 방법 및 절차에 관하여 필요한 사항은 대
통령령으로 정한다.",27,28,998,true,true,false,false,true,false,false,2025-10-02,active,https://www.law.go.kr/법령/개인정보보호법,/Users/munchaerin/Desktop/졸프 data/개인정보 보호법(법률)(제20897호)(20251002).pdf
kr-pipa-active-20251002__0081,kr-pipa-active-20251002,81,제35조의2,제35조의2(개인정보의 전송 요구),ARTICLE,"제35조의2(개인정보의 전송 요구) ① 정보주체는 개인정보 처리 능력 등을 고려하여 대통령령으로 정하는 기준에 해당
하는 개인정보처리자에 대하여 다음 각 호의 요건을 모두 충족하는 개인정보를 자신에게로 전송할 것을 요구할 수
있다.
1. 정보주체가 전송을 요구하는 개인정보가 정보주체 본인에 관한 개인정보로서 다음 각 목의 어느 하나에 해당하
는 정보일 것
가. 제15조제1항제1호, 제23조제1항제1호 또는 제24조제1항제1호에 따른 동의를 받아 처리되는 개인정보
나. 제15조제1항제4호에 따라 체결한 계약을 이행하거나 계약을 체결하는 과정에서 정보주체의 요청에 따른 조
치를 이행하기 위하여 처리되는 개인정보
다. 제15조제1항제2호ㆍ제3호, 제23조제1항제2호 또는 제24조제1항제2호에 따라 처리되는 개인정보 중 정보주
체의 이익이나 공익적 목적을 위하여 관계 중앙행정기관의 장의 요청에 따라 보호위원회가 심의ㆍ의결하여
전송 요구의 대상으로 지정한 개인정보
2. 전송을 요구하는 개인정보가 개인정보처리자가 수집한 개인정보를 기초로 분석ㆍ가공하여 별도로 생성한 정보
가 아닐 것
3. 전송을 요구하는 개인정보가 컴퓨터 등 정보처리장치로 처리되는 개인정보일 것
② 정보주체는 매출액, 개인정보의 보유 규모, 개인정보 처리 능력, 산업별 특성 등을 고려하여 대통령령으로 정하
는 기준에 해당하는 개인정보처리자에 대하여 제1항에 따른 전송 요구 대상인 개인정보를 기술적으로 허용되는 합
리적인 범위에서 다음 각 호의 자에게 전송할 것을 요구할 수 있다.
1. 제35조의3제1항에 따른 개인정보관리 전문기관
2. 제29조에 따른 안전조치의무를 이행하고 대통령령으로 정하는 시설 및 기술 기준을 충족하는 자
③ 개인정보처리자는 제1항 및 제2항에 따른 전송 요구를 받은 경우에는 시간, 비용, 기술적으로 허용되는 합리적인
범위에서 해당 정보를 컴퓨터 등 정보처리장치로 처리 가능한 형태로 전송하여야 한다.
④ 제1항 및 제2항에 따른 전송 요구를 받은 개인정보처리자는 다음 각 호의 어느 하나에 해당하는 법률의 관련 규
정에도 불구하고 정보주체에 관한 개인정보를 전송하여야 한다.
1. 「국세기본법」 제81조의13
2. 「지방세기본법」 제86조
3. 그 밖에 제1호 및 제2호와 유사한 규정으로서 대통령령으로 정하는 법률의 규정
⑤ 정보주체는 제1항 및 제2항에 따른 전송 요구를 철회할 수 있다.
⑥ 개인정보처리자는 정보주체의 본인 여부가 확인되지 아니하는 경우 등 대통령령으로 정하는 경우에는 제1항 및
제2항에 따른 전송 요구를 거절하거나 전송을 중단할 수 있다.
⑦ 정보주체는 제1항 및 제2항에 따른 전송 요구로 인하여 타인의 권리나 정당한 이익을 침해하여서는 아니 된다.
⑧ 제1항부터 제7항까지에서 규정한 사항 외에 전송 요구의 대상이 되는 정보의 범위, 전송 요구의 방법, 전송의 기
한 및 방법, 전송 요구 철회의 방법, 전송 요구의 거절 및 전송 중단의 방법 등 필요한 사항은 대통령령으로 정한다.
[본조신설 2023. 3. 14.]",28,28,1483,true,true,false,false,true,false,false,2025-10-02,active,https://www.law.go.kr/법령/개인정보보호법,/Users/munchaerin/Desktop/졸프 data/개인정보 보호법(법률)(제20897호)(20251002).pdf
kr-pipa-active-20251002__0082,kr-pipa-active-20251002,82,제35조의3,제35조의3(개인정보관리 전문기관),ARTICLE,"제35조의3(개인정보관리 전문기관) ① 다음 각 호의 업무를 수행하려는 자는 보호위원회 또는 관계 중앙행정기관의 장
으로부터 개인정보관리 전문기관의 지정을 받아야 한다.

개인정보 보호법
1. 제35조의2에 따른 개인정보의 전송 요구권 행사 지원
2. 정보주체의 권리행사를 지원하기 위한 개인정보 전송시스템의 구축 및 표준화
3. 정보주체의 권리행사를 지원하기 위한 개인정보의 관리ㆍ분석
4. 그 밖에 정보주체의 권리행사를 효과적으로 지원하기 위하여 대통령령으로 정하는 업무
② 제1항에 따른 개인정보관리 전문기관의 지정요건은 다음 각 호와 같다.
1. 개인정보를 전송ㆍ관리ㆍ분석할 수 있는 기술수준 및 전문성을 갖추었을 것
2. 개인정보를 안전하게 관리할 수 있는 안전성 확보조치 수준을 갖추었을 것
3. 개인정보관리 전문기관의 안정적인 운영에 필요한 재정능력을 갖추었을 것
③ 개인정보관리 전문기관은 다음 각 호의 어느 하나에 해당하는 행위를 하여서는 아니 된다.
1. 정보주체에게 개인정보의 전송 요구를 강요하거나 부당하게 유도하는 행위
2. 그 밖에 개인정보를 침해하거나 정보주체의 권리를 제한할 우려가 있는 행위로서 대통령령으로 정하는 행위
④ 보호위원회 및 관계 중앙행정기관의 장은 개인정보관리 전문기관이 다음 각 호의 어느 하나에 해당하는 경우에
는 개인정보관리 전문기관의 지정을 취소할 수 있다. 다만, 제1호에 해당하는 경우에는 지정을 취소하여야 한다.
1. 거짓이나 부정한 방법으로 지정을 받은 경우
2. 제2항에 따른 지정요건을 갖추지 못하게 된 경우
⑤ 보호위원회 및 관계 중앙행정기관의 장은 제4항에 따라 지정을 취소하는 경우에는 「행정절차법」에 따른 청문을
실시하여야 한다.
⑥ 보호위원회 및 관계 중앙행정기관의 장은 개인정보관리 전문기관에 대하여 업무 수행에 필요한 지원을 할 수 있
다.
⑦ 개인정보관리 전문기관은 정보주체의 요구에 따라 제1항 각 호의 업무를 수행하는 경우 정보주체로부터 그 업무
수행에 필요한 비용을 받을 수 있다.
⑧ 제1항에 따른 개인정보관리 전문기관의 지정 절차, 제2항에 따른 지정요건의 세부기준, 제4항에 따른 지정취소
의 절차 등에 필요한 사항은 대통령령으로 정한다.
[본조신설 2023. 3. 14.]",28,29,1098,true,true,false,true,true,false,false,2025-10-02,active,https://www.law.go.kr/법령/개인정보보호법,/Users/munchaerin/Desktop/졸프 data/개인정보 보호법(법률)(제20897호)(20251002).pdf
kr-pipa-active-20251002__0083,kr-pipa-active-20251002,83,제35조의4,제35조의4(개인정보 전송 관리 및 지원),ARTICLE,"제35조의4(개인정보 전송 관리 및 지원) ① 보호위원회는 제35조의2제1항 및 제2항에 따른 개인정보처리자 및 제35조
의3제1항에 따른 개인정보관리 전문기관 현황, 활용내역 및 관리실태 등을 체계적으로 관리ㆍ감독하여야 한다.
② 보호위원회는 개인정보가 안전하고 효율적으로 전송될 수 있도록 다음 각 호의 사항을 포함한 개인정보 전송 지
원 플랫폼을 구축ㆍ운영할 수 있다.
1. 개인정보관리 전문기관 현황 및 전송 가능한 개인정보 항목 목록
2. 정보주체의 개인정보 전송 요구ㆍ철회 내역
3. 개인정보의 전송 이력 관리 등 지원 기능
4. 그 밖에 개인정보 전송을 위하여 필요한 사항
③ 보호위원회는 제2항에 따른 개인정보 전송지원 플랫폼의 효율적 운영을 위하여 개인정보관리 전문기관에서 구
축ㆍ운영하고 있는 전송 시스템을 상호 연계하거나 통합할 수 있다. 이 경우 관계 중앙행정기관의 장 및 해당 개인
정보관리 전문기관과 사전에 협의하여야 한다.
④ 제1항부터 제3항까지의 규정에 따른 관리ㆍ감독과 개인정보 전송지원 플랫폼의 구축 및 운영에 필요한 사항은
대통령령으로 정한다.
[본조신설 2023. 3. 14.]",29,29,568,true,true,false,false,true,false,false,2025-10-02,active,https://www.law.go.kr/법령/개인정보보호법,/Users/munchaerin/Desktop/졸프 data/개인정보 보호법(법률)(제20897호)(20251002).pdf
kr-pipa-active-20251002__0084,kr-pipa-active-20251002,84,제36조,제36조(개인정보의 정정ㆍ삭제),ARTICLE,"제36조(개인정보의 정정ㆍ삭제) ① 제35조에 따라 자신의 개인정보를 열람한 정보주체는 개인정보처리자에게 그 개인
정보의 정정 또는 삭제를 요구할 수 있다. 다만, 다른 법령에서 그 개인정보가 수집 대상으로 명시되어 있는 경우에
는 그 삭제를 요구할 수 없다.
② 개인정보처리자는 제1항에 따른 정보주체의 요구를 받았을 때에는 개인정보의 정정 또는 삭제에 관하여 다른 법
령에 특별한 절차가 규정되어 있는 경우를 제외하고는 지체 없이 그 개인정보를 조사하여 정보주체의 요구에 따라

개인정보 보호법
정정ㆍ삭제 등 필요한 조치를 한 후 그 결과를 정보주체에게 알려야 한다.
③ 개인정보처리자가 제2항에 따라 개인정보를 삭제할 때에는 복구 또는 재생되지 아니하도록 조치하여야 한다.
④ 개인정보처리자는 정보주체의 요구가 제1항 단서에 해당될 때에는 지체 없이 그 내용을 정보주체에게 알려야 한
다.
⑤ 개인정보처리자는 제2항에 따른 조사를 할 때 필요하면 해당 정보주체에게 정정ㆍ삭제 요구사항의 확인에 필요
한 증거자료를 제출하게 할 수 있다.
⑥ 제1항ㆍ제2항 및 제4항에 따른 정정 또는 삭제 요구, 통지 방법 및 절차 등에 필요한 사항은 대통령령으로 정한
다.",29,30,594,true,true,false,false,true,false,false,2025-10-02,active,https://www.law.go.kr/법령/개인정보보호법,/Users/munchaerin/Desktop/졸프 data/개인정보 보호법(법률)(제20897호)(20251002).pdf
kr-pipa-active-20251002__0085,kr-pipa-active-20251002,85,제37조,제37조(개인정보의 처리정지 등),ARTICLE,"제37조(개인정보의 처리정지 등) ① 정보주체는 개인정보처리자에 대하여 자신의 개인정보 처리의 정지를 요구하거나
개인정보 처리에 대한 동의를 철회할 수 있다. 이 경우 공공기관에 대해서는 제32조에 따라 등록 대상이 되는 개인
정보파일 중 자신의 개인정보에 대한 처리의 정지를 요구하거나 개인정보 처리에 대한 동의를 철회할 수 있다. <개
정 2023. 3. 14.>
② 개인정보처리자는 제1항에 따른 처리정지 요구를 받았을 때에는 지체 없이 정보주체의 요구에 따라 개인정보 처
리의 전부를 정지하거나 일부를 정지하여야 한다. 다만, 다음 각 호의 어느 하나에 해당하는 경우에는 정보주체의
처리정지 요구를 거절할 수 있다.<개정 2023. 3. 14.>
1. 법률에 특별한 규정이 있거나 법령상 의무를 준수하기 위하여 불가피한 경우
2. 다른 사람의 생명ㆍ신체를 해할 우려가 있거나 다른 사람의 재산과 그 밖의 이익을 부당하게 침해할 우려가 있는
경우
3. 공공기관이 개인정보를 처리하지 아니하면 다른 법률에서 정하는 소관 업무를 수행할 수 없는 경우
4. 개인정보를 처리하지 아니하면 정보주체와 약정한 서비스를 제공하지 못하는 등 계약의 이행이 곤란한 경우로서
정보주체가 그 계약의 해지 의사를 명확하게 밝히지 아니한 경우
③ 개인정보처리자는 정보주체가 제1항에 따라 동의를 철회한 때에는 지체 없이 수집된 개인정보를 복구ㆍ재생할
수 없도록 파기하는 등 필요한 조치를 하여야 한다. 다만, 제2항 각 호의 어느 하나에 해당하는 경우에는 동의 철회
에 따른 조치를 하지 아니할 수 있다.<신설 2023. 3. 14.>
④ 개인정보처리자는 제2항 단서에 따라 처리정지 요구를 거절하거나 제3항 단서에 따라 동의 철회에 따른 조치를
하지 아니하였을 때에는 정보주체에게 지체 없이 그 사유를 알려야 한다.<개정 2023. 3. 14.>
⑤ 개인정보처리자는 정보주체의 요구에 따라 처리가 정지된 개인정보에 대하여 지체 없이 해당 개인정보의 파기
등 필요한 조치를 하여야 한다.<개정 2023. 3. 14.>
⑥ 제1항부터 제5항까지의 규정에 따른 처리정지의 요구, 동의 철회, 처리정지의 거절, 통지 등의 방법 및 절차에 필
요한 사항은 대통령령으로 정한다.<개정 2023. 3. 14.>",30,30,1109,true,true,false,false,true,false,false,2025-10-02,active,https://www.law.go.kr/법령/개인정보보호법,/Users/munchaerin/Desktop/졸프 data/개인정보 보호법(법률)(제20897호)(20251002).pdf
kr-pipa-active-20251002__0086,kr-pipa-active-20251002,86,제37조의2,제37조의2(자동화된 결정에 대한 정보주체의 권리 등),ARTICLE,"제37조의2(자동화된 결정에 대한 정보주체의 권리 등) ① 정보주체는 완전히 자동화된 시스템(인공지능 기술을 적용한
시스템을 포함한다)으로 개인정보를 처리하여 이루어지는 결정(「행정기본법」 제20조에 따른 행정청의 자동적 처분
은 제외하며, 이하 이 조에서 “자동화된 결정”이라 한다)이 자신의 권리 또는 의무에 중대한 영향을 미치는 경우에는
해당 개인정보처리자에 대하여 해당 결정을 거부할 수 있는 권리를 가진다. 다만, 자동화된 결정이 제15조제1항제
1호ㆍ제2호 및 제4호에 따라 이루어지는 경우에는 그러하지 아니하다.
② 정보주체는 개인정보처리자가 자동화된 결정을 한 경우에는 그 결정에 대하여 설명 등을 요구할 수 있다.
③ 개인정보처리자는 제1항 또는 제2항에 따라 정보주체가 자동화된 결정을 거부하거나 이에 대한 설명 등을 요구
한 경우에는 정당한 사유가 없는 한 자동화된 결정을 적용하지 아니하거나 인적 개입에 의한 재처리ㆍ설명 등 필요
한 조치를 하여야 한다.
④ 개인정보처리자는 자동화된 결정의 기준과 절차, 개인정보가 처리되는 방식 등을 정보주체가 쉽게 확인할 수 있
도록 공개하여야 한다.
⑤ 제1항부터 제4항까지에서 규정한 사항 외에 자동화된 결정의 거부ㆍ설명 등을 요구하는 절차 및 방법, 거부ㆍ설
명 등의 요구에 따른 필요한 조치, 자동화된 결정의 기준ㆍ절차 및 개인정보가 처리되는 방식의 공개 등에 필요한

개인정보 보호법
사항은 대통령령으로 정한다.
[본조신설 2023. 3. 14.]",30,31,736,true,true,false,false,true,false,false,2025-10-02,active,https://www.law.go.kr/법령/개인정보보호법,/Users/munchaerin/Desktop/졸프 data/개인정보 보호법(법률)(제20897호)(20251002).pdf
kr-pipa-active-20251002__0087,kr-pipa-active-20251002,87,제38조,제38조(권리행사의 방법 및 절차),ARTICLE,"제38조(권리행사의 방법 및 절차) ① 정보주체는 제35조에 따른 열람, 제35조의2에 따른 전송, 제36조에 따른 정정ㆍ삭
제, 제37조에 따른 처리정지 및 동의 철회, 제37조의2에 따른 거부ㆍ설명 등의 요구(이하 “열람등요구”라 한다)를 문
서 등 대통령령으로 정하는 방법ㆍ절차에 따라 대리인에게 하게 할 수 있다. <개정 2020. 2. 4., 2023. 3. 14.>
② 만 14세 미만 아동의 법정대리인은 개인정보처리자에게 그 아동의 개인정보 열람등요구를 할 수 있다.
③ 개인정보처리자는 열람등요구를 하는 자에게 대통령령으로 정하는 바에 따라 수수료와 우송료(사본의 우송을
청구하는 경우에 한한다)를 청구할 수 있다. 다만, 제35조의2제2항에 따른 전송 요구의 경우에는 전송을 위해 추가
로 필요한 설비 등을 함께 고려하여 수수료를 산정할 수 있다.<개정 2023. 3. 14.>
④ 개인정보처리자는 정보주체가 열람등요구를 할 수 있는 구체적인 방법과 절차를 마련하고, 이를 정보주체가 알
수 있도록 공개하여야 한다. 이 경우 열람등요구의 방법과 절차는 해당 개인정보의 수집 방법과 절차보다 어렵지 아
니하도록 하여야 한다.<개정 2023. 3. 14.>
⑤ 개인정보처리자는 정보주체가 열람등요구에 대한 거절 등 조치에 대하여 불복이 있는 경우 이의를 제기할 수 있
도록 필요한 절차를 마련하고 안내하여야 한다.",31,31,686,true,true,false,false,true,false,false,2025-10-02,active,https://www.law.go.kr/법령/개인정보보호법,/Users/munchaerin/Desktop/졸프 data/개인정보 보호법(법률)(제20897호)(20251002).pdf
kr-pipa-active-20251002__0088,kr-pipa-active-20251002,88,제39조,제39조(손해배상책임),ARTICLE,"제39조(손해배상책임) ① 정보주체는 개인정보처리자가 이 법을 위반한 행위로 손해를 입으면 개인정보처리자에게 손
해배상을 청구할 수 있다. 이 경우 그 개인정보처리자는 고의 또는 과실이 없음을 입증하지 아니하면 책임을 면할 수
없다.
② 삭제<2015. 7. 24.>
③ 개인정보처리자의 고의 또는 중대한 과실로 인하여 개인정보가 분실ㆍ도난ㆍ유출ㆍ위조ㆍ변조 또는 훼손된 경
우로서 정보주체에게 손해가 발생한 때에는 법원은 그 손해액의 5배를 넘지 아니하는 범위에서 손해배상액을 정할
수 있다. 다만, 개인정보처리자가 고의 또는 중대한 과실이 없음을 증명한 경우에는 그러하지 아니하다.<신설 2015.
7. 24., 2023. 3. 14.>
④ 법원은 제3항의 배상액을 정할 때에는 다음 각 호의 사항을 고려하여야 한다.<신설 2015. 7. 24.>
1. 고의 또는 손해 발생의 우려를 인식한 정도
2. 위반행위로 인하여 입은 피해 규모
3. 위법행위로 인하여 개인정보처리자가 취득한 경제적 이익
4. 위반행위에 따른 벌금 및 과징금
5. 위반행위의 기간ㆍ횟수 등
6. 개인정보처리자의 재산상태
7. 개인정보처리자가 정보주체의 개인정보 분실ㆍ도난ㆍ유출 후 해당 개인정보를 회수하기 위하여 노력한 정도
8. 개인정보처리자가 정보주체의 피해구제를 위하여 노력한 정도",31,31,650,true,true,false,false,true,false,false,2025-10-02,active,https://www.law.go.kr/법령/개인정보보호법,/Users/munchaerin/Desktop/졸프 data/개인정보 보호법(법률)(제20897호)(20251002).pdf
kr-pipa-active-20251002__0089,kr-pipa-active-20251002,89,제39조,제39조(손해배상책임),ARTICLE,"제39조(손해배상책임) ① 정보주체는 개인정보처리자가 이 법을 위반한 행위로 손해를 입으면 개인정보처리자에게 손
해배상을 청구할 수 있다. 이 경우 그 개인정보처리자는 고의 또는 과실이 없음을 입증하지 아니하면 책임을 면할 수
없다.
② 삭제<2015. 7. 24.>
③ 개인정보처리자의 고의 또는 중대한 과실로 인하여 개인정보가 유출등이 된 경우로서 정보주체에게 손해가 발
생한 때에는 법원은 그 손해액의 5배를 넘지 아니하는 범위에서 손해배상액을 정할 수 있다. 다만, 개인정보처리자
가 고의 또는 중대한 과실이 없음을 증명한 경우에는 그러하지 아니하다.<신설 2015. 7. 24., 2023. 3. 14., 2026. 3.
10.>
④ 법원은 제3항의 배상액을 정할 때에는 다음 각 호의 사항을 고려하여야 한다.<신설 2015. 7. 24.>
1. 고의 또는 손해 발생의 우려를 인식한 정도

개인정보 보호법
2. 위반행위로 인하여 입은 피해 규모
3. 위법행위로 인하여 개인정보처리자가 취득한 경제적 이익
4. 위반행위에 따른 벌금 및 과징금
5. 위반행위의 기간ㆍ횟수 등
6. 개인정보처리자의 재산상태
7. 개인정보처리자가 정보주체의 개인정보 분실ㆍ도난ㆍ유출 후 해당 개인정보를 회수하기 위하여 노력한 정도
8. 개인정보처리자가 정보주체의 피해구제를 위하여 노력한 정도
[시행일: 2026. 9. 11.] 제39조",31,32,685,true,true,false,false,true,false,false,2025-10-02,active,https://www.law.go.kr/법령/개인정보보호법,/Users/munchaerin/Desktop/졸프 data/개인정보 보호법(법률)(제20897호)(20251002).pdf
kr-pipa-active-20251002__0090,kr-pipa-active-20251002,90,제39조의2,제39조의2(법정손해배상의 청구),ARTICLE,"제39조의2(법정손해배상의 청구) ① 제39조제1항에도 불구하고 정보주체는 개인정보처리자의 고의 또는 과실로 인하
여 개인정보가 분실ㆍ도난ㆍ유출ㆍ위조ㆍ변조 또는 훼손된 경우에는 300만원 이하의 범위에서 상당한 금액을 손해
액으로 하여 배상을 청구할 수 있다. 이 경우 해당 개인정보처리자는 고의 또는 과실이 없음을 입증하지 아니하면 책
임을 면할 수 없다.
② 법원은 제1항에 따른 청구가 있는 경우에 변론 전체의 취지와 증거조사의 결과를 고려하여 제1항의 범위에서 상
당한 손해액을 인정할 수 있다.
③ 제39조에 따라 손해배상을 청구한 정보주체는 사실심(事實審)의 변론이 종결되기 전까지 그 청구를 제1항에 따
른 청구로 변경할 수 있다.
[본조신설 2015. 7. 24.]",32,32,380,true,true,false,false,true,false,false,2025-10-02,active,https://www.law.go.kr/법령/개인정보보호법,/Users/munchaerin/Desktop/졸프 data/개인정보 보호법(법률)(제20897호)(20251002).pdf
kr-pipa-active-20251002__0091,kr-pipa-active-20251002,91,제39조의2,제39조의2(법정손해배상의 청구),ARTICLE,"제39조의2(법정손해배상의 청구) ① 제39조제1항에도 불구하고 정보주체는 개인정보처리자의 고의 또는 과실로 인하
여 개인정보가 유출등이 된 경우에는 300만원 이하의 범위에서 상당한 금액을 손해액으로 하여 배상을 청구할 수
있다. 이 경우 해당 개인정보처리자는 고의 또는 과실이 없음을 입증하지 아니하면 책임을 면할 수 없다. <개정
2026. 3. 10.>
② 법원은 제1항에 따른 청구가 있는 경우에 변론 전체의 취지와 증거조사의 결과를 고려하여 제1항의 범위에서 상
당한 손해액을 인정할 수 있다.
③ 제39조에 따라 손해배상을 청구한 정보주체는 사실심(事實審)의 변론이 종결되기 전까지 그 청구를 제1항에 따
른 청구로 변경할 수 있다.
[본조신설 2015. 7. 24.]
[시행일: 2026. 9. 11.] 제39조의2
제6장 삭제 <2023. 3. 14.>",32,32,430,true,true,false,false,true,false,false,2025-10-02,active,https://www.law.go.kr/법령/개인정보보호법,/Users/munchaerin/Desktop/졸프 data/개인정보 보호법(법률)(제20897호)(20251002).pdf
kr-pipa-active-20251002__0092,kr-pipa-active-20251002,92,제39조의3,제39조의3(자료의 제출),ARTICLE,"제39조의3(자료의 제출) ① 법원은 이 법을 위반한 행위로 인한 손해배상청구소송에서 당사자의 신청에 따라 상대방
당사자에게 해당 손해의 증명 또는 손해액의 산정에 필요한 자료의 제출을 명할 수 있다. 다만, 제출명령을 받은 자
가 그 자료의 제출을 거부할 정당한 이유가 있으면 그러하지 아니하다.
② 법원은 제1항에 따른 제출명령을 받은 자가 그 자료의 제출을 거부할 정당한 이유가 있다고 주장하는 경우에는
그 주장의 당부(當否)를 판단하기 위하여 자료의 제시를 명할 수 있다. 이 경우 법원은 그 자료를 다른 사람이 보게
하여서는 아니 된다.
③ 제1항에 따라 제출되어야 할 자료가 「부정경쟁방지 및 영업비밀보호에 관한 법률」 제2조제2호에 따른 영업비밀
(이하 “영업비밀”이라 한다)에 해당하나 손해의 증명 또는 손해액의 산정에 반드시 필요한 경우에는 제1항 단서에
따른 정당한 이유로 보지 아니한다. 이 경우 법원은 제출명령의 목적 내에서 열람할 수 있는 범위 또는 열람할 수
있는 사람을 지정하여야 한다.
④ 법원은 제1항에 따른 제출명령을 받은 자가 정당한 이유 없이 그 명령에 따르지 아니한 경우에는 자료의 기재에
대한 신청인의 주장을 진실한 것으로 인정할 수 있다.

개인정보 보호법
⑤ 법원은 제4항에 해당하는 경우 신청인이 자료의 기재에 관하여 구체적으로 주장하기에 현저히 곤란한 사정이 있
고 자료로 증명할 사실을 다른 증거로 증명하는 것을 기대하기도 어려운 경우에는 신청인이 자료의 기재로 증명하
려는 사실에 관한 주장을 진실한 것으로 인정할 수 있다.
[전문개정 2023. 3. 14.]",32,33,789,true,true,false,false,true,false,false,2025-10-02,active,https://www.law.go.kr/법령/개인정보보호법,/Users/munchaerin/Desktop/졸프 data/개인정보 보호법(법률)(제20897호)(20251002).pdf
kr-pipa-active-20251002__0093,kr-pipa-active-20251002,93,제39조의4,제39조의4(비밀유지명령),ARTICLE,"제39조의4(비밀유지명령) ① 법원은 이 법을 위반한 행위로 인한 손해배상청구소송에서 당사자의 신청에 따른 결정으
로 다음 각 호의 자에게 그 당사자가 보유한 영업비밀을 해당 소송의 계속적인 수행 외의 목적으로 사용하거나 그
영업비밀에 관계된 이 항에 따른 명령을 받은 자 외의 자에게 공개하지 아니할 것을 명할 수 있다. 다만, 그 신청 시
점까지 다음 각 호의 자가 준비서면의 열람이나 증거조사 외의 방법으로 그 영업비밀을 이미 취득하고 있는 경우에
는 그러하지 아니하다.
1. 다른 당사자(법인인 경우에는 그 대표자를 말한다)
2. 당사자를 위하여 해당 소송을 대리하는 자
3. 그 밖에 해당 소송으로 영업비밀을 알게 된 자
② 제1항에 따른 명령(이하 “비밀유지명령”이라 한다)을 신청하는 자는 다음 각 호의 사유를 모두 소명하여야 한다.
1. 이미 제출하였거나 제출하여야 할 준비서면, 이미 조사하였거나 조사하여야 할 증거 또는 제39조의3제1항에 따
라 제출하였거나 제출하여야 할 자료에 영업비밀이 포함되어 있다는 것
2. 제1호의 영업비밀이 해당 소송 수행 외의 목적으로 사용되거나 공개되면 당사자의 영업에 지장을 줄 우려가 있
어 이를 방지하기 위하여 영업비밀의 사용 또는 공개를 제한할 필요가 있다는 것
③ 비밀유지명령의 신청은 다음 각 호의 사항을 적은 서면으로 하여야 한다.
1. 비밀유지명령을 받을 자
2. 비밀유지명령의 대상이 될 영업비밀을 특정하기에 충분한 사실
3. 제2항 각 호의 사유에 해당하는 사실
④ 법원은 비밀유지명령이 결정된 경우에는 그 결정서를 비밀유지명령을 받을 자에게 송달하여야 한다.
⑤ 비밀유지명령은 제4항의 결정서가 비밀유지명령을 받을 자에게 송달된 때부터 효력이 발생한다.
⑥ 비밀유지명령의 신청을 기각하거나 각하한 재판에 대해서는 즉시항고를 할 수 있다.
[전문개정 2023. 3. 14.]",33,33,919,true,true,false,false,false,false,false,2025-10-02,active,https://www.law.go.kr/법령/개인정보보호법,/Users/munchaerin/Desktop/졸프 data/개인정보 보호법(법률)(제20897호)(20251002).pdf
kr-pipa-active-20251002__0094,kr-pipa-active-20251002,94,제39조의5,제39조의5(비밀유지명령의 취소),ARTICLE,"제39조의5(비밀유지명령의 취소) ① 비밀유지명령을 신청한 자 또는 비밀유지명령을 받은 자는 제39조의4제2항 각 호
의 사유에 부합하지 아니하는 사실이나 사정이 있는 경우 소송기록을 보관하고 있는 법원(소송기록을 보관하고 있는
법원이 없는 경우에는 비밀유지명령을 내린 법원을 말한다)에 비밀유지명령의 취소를 신청할 수 있다.
② 법원은 비밀유지명령의 취소신청에 대한 재판이 있는 경우에는 그 결정서를 그 신청을 한 자 및 상대방에게 송
달하여야 한다.
③ 비밀유지명령의 취소신청에 대한 재판에 대해서는 즉시항고를 할 수 있다.
④ 비밀유지명령을 취소하는 재판은 확정되어야 효력이 발생한다.
⑤ 비밀유지명령을 취소하는 재판을 한 법원은 비밀유지명령의 취소신청을 한 자 또는 상대방 외에 해당 영업비밀
에 관한 비밀유지명령을 받은 자가 있는 경우에는 그 자에게 즉시 비밀유지명령의 취소 재판을 한 사실을 알려야
한다.
[전문개정 2023. 3. 14.]",33,33,476,true,true,false,false,false,false,false,2025-10-02,active,https://www.law.go.kr/법령/개인정보보호법,/Users/munchaerin/Desktop/졸프 data/개인정보 보호법(법률)(제20897호)(20251002).pdf
kr-pipa-active-20251002__0095,kr-pipa-active-20251002,95,제39조의6,제39조의6(소송기록 열람 등의 청구 통지 등),ARTICLE,"제39조의6(소송기록 열람 등의 청구 통지 등) ① 비밀유지명령이 내려진 소송(모든 비밀유지명령이 취소된 소송은 제
외한다)에 관한 소송기록에 대하여 「민사소송법」 제163조제1항에 따라 열람 등의 신청인을 당사자로 제한하는 결정
이 있었던 경우로서 당사자가 같은 항에서 규정하는 비밀 기재부분의 열람 등의 청구를 하였으나 그 청구 절차를 해
당 소송에서 비밀유지명령을 받지 아니한 자가 밟은 경우에는 법원서기관, 법원사무관, 법원주사 또는 법원주사보
(이하 이 조에서 “법원사무관등”이라 한다)는 같은 항의 신청을 한 당사자(그 열람 등의 청구를 한 자는 제외한다. 이
하 제3항에서 같다)에게 그 청구 직후에 그 열람 등의 청구가 있었다는 사실을 알려야 한다.

개인정보 보호법
② 법원사무관등은 제1항의 청구가 있었던 날부터 2주일이 지날 때까지(그 청구 절차를 밟은 자에 대한 비밀유지명
령 신청이 그 기간 내에 이루어진 경우에는 그 신청에 대한 재판이 확정되는 시점까지를 말한다) 그 청구 절차를 밟
은 자에게 제1항의 비밀 기재부분의 열람 등을 하게 하여서는 아니 된다.
③ 제2항은 제1항의 열람 등의 청구를 한 자에게 제1항의 비밀 기재부분의 열람 등을 하게 하는 것에 대하여 「민사
소송법」 제163조제1항의 신청을 한 당사자 모두가 동의하는 경우에는 적용되지 아니한다.
[전문개정 2023. 3. 14.]",33,34,684,true,true,false,false,true,false,false,2025-10-02,active,https://www.law.go.kr/법령/개인정보보호법,/Users/munchaerin/Desktop/졸프 data/개인정보 보호법(법률)(제20897호)(20251002).pdf
kr-pipa-active-20251002__0096,kr-pipa-active-20251002,96,제39조의7,제39조의7(손해배상의 보장),ARTICLE,"제39조의7(손해배상의 보장) ① 개인정보처리자로서 매출액, 개인정보의 보유 규모 등을 고려하여 대통령령으로 정하
는 기준에 해당하는 자는 제39조 및 제39조의2에 따른 손해배상책임의 이행을 위하여 보험 또는 공제에 가입하거나
준비금을 적립하는 등 필요한 조치를 하여야 한다. <개정 2023. 3. 14.>
② 제1항에도 불구하고 다음 각 호의 어느 하나에 해당하는 자는 제1항에 따른 조치를 하지 아니할 수 있다.<개정
2023. 3. 14.>
1. 대통령령으로 정하는 공공기관, 비영리법인 및 단체
2. 「소상공인기본법」 제2조제1항에 따른 소상공인으로서 대통령령으로 정하는 자에게 개인정보 처리를 위탁한 자
3. 다른 법률에 따라 제39조 및 제39조의2에 따른 손해배상책임의 이행을 보장하는 보험 또는 공제에 가입하거나
준비금을 적립한 개인정보처리자
③ 제1항 및 제2항에 따른 개인정보처리자의 손해배상책임 이행 기준 등에 필요한 사항은 대통령령으로 정한다.
<신설 2023. 3. 14.>
[본조신설 2020. 2. 4.]
[제39조의9에서 이동, 종전 제39조의7은 삭제 <2023. 3. 14.>]
제7장 개인정보 분쟁조정위원회 <개정 2020. 2. 4.>",34,34,601,true,true,false,false,true,false,false,2025-10-02,active,https://www.law.go.kr/법령/개인정보보호법,/Users/munchaerin/Desktop/졸프 data/개인정보 보호법(법률)(제20897호)(20251002).pdf
kr-pipa-active-20251002__0097,kr-pipa-active-20251002,97,제40조,제40조(설치 및 구성),ARTICLE,"제40조(설치 및 구성) ① 개인정보에 관한 분쟁의 조정(調停)을 위하여 개인정보 분쟁조정위원회(이하 “분쟁조정위원회
”라 한다)를 둔다.
② 분쟁조정위원회는 위원장 1명을 포함한 30명 이내의 위원으로 구성하며, 위원은 당연직위원과 위촉위원으로 구
성한다.<개정 2015. 7. 24., 2023. 3. 14.>
③ 위촉위원은 다음 각 호의 어느 하나에 해당하는 사람 중에서 보호위원회 위원장이 위촉하고, 대통령령으로 정하
는 국가기관 소속 공무원은 당연직위원이 된다.<개정 2013. 3. 23., 2014. 11. 19., 2015. 7. 24.>
1. 개인정보 보호업무를 관장하는 중앙행정기관의 고위공무원단에 속하는 공무원으로 재직하였던 사람 또는 이에
상당하는 공공부문 및 관련 단체의 직에 재직하고 있거나 재직하였던 사람으로서 개인정보 보호업무의 경험이
있는 사람
2. 대학이나 공인된 연구기관에서 부교수 이상 또는 이에 상당하는 직에 재직하고 있거나 재직하였던 사람
3. 판사ㆍ검사 또는 변호사로 재직하고 있거나 재직하였던 사람
4. 개인정보 보호와 관련된 시민사회단체 또는 소비자단체로부터 추천을 받은 사람
5. 개인정보처리자로 구성된 사업자단체의 임원으로 재직하고 있거나 재직하였던 사람
④ 위원장은 위원 중에서 공무원이 아닌 사람으로 보호위원회 위원장이 위촉한다.<개정 2013. 3. 23., 2014. 11. 19.,
2015. 7. 24.>
⑤ 위원장과 위촉위원의 임기는 2년으로 하되, 1차에 한하여 연임할 수 있다.<개정 2015. 7. 24.>
⑥ 분쟁조정위원회는 분쟁조정 업무를 효율적으로 수행하기 위하여 필요하면 대통령령으로 정하는 바에 따라 조정
사건의 분야별로 5명 이내의 위원으로 구성되는 조정부를 둘 수 있다. 이 경우 조정부가 분쟁조정위원회에서 위임
받아 의결한 사항은 분쟁조정위원회에서 의결한 것으로 본다.
⑦ 분쟁조정위원회 또는 조정부는 재적위원 과반수의 출석으로 개의하며 출석위원 과반수의 찬성으로 의결한다.

개인정보 보호법
⑧ 보호위원회는 분쟁조정 접수, 사실 확인 등 분쟁조정에 필요한 사무를 처리할 수 있다.<개정 2015. 7. 24.>
⑨ 이 법에서 정한 사항 외에 분쟁조정위원회 운영에 필요한 사항은 대통령령으로 정한다.",34,35,1108,true,true,false,true,true,false,false,2025-10-02,active,https://www.law.go.kr/법령/개인정보보호법,/Users/munchaerin/Desktop/졸프 data/개인정보 보호법(법률)(제20897호)(20251002).pdf
kr-pipa-active-20251002__0098,kr-pipa-active-20251002,98,제41조,제41조(위원의 신분보장),ARTICLE,"제41조(위원의 신분보장) 위원은 자격정지 이상의 형을 선고받거나 심신상의 장애로 직무를 수행할 수 없는 경우를 제
외하고는 그의 의사에 반하여 면직되거나 해촉되지 아니한다.",35,35,97,true,true,false,false,false,false,false,2025-10-02,active,https://www.law.go.kr/법령/개인정보보호법,/Users/munchaerin/Desktop/졸프 data/개인정보 보호법(법률)(제20897호)(20251002).pdf
kr-pipa-active-20251002__0099,kr-pipa-active-20251002,99,제42조,제42조(위원의 제척ㆍ기피ㆍ회피),ARTICLE,"제42조(위원의 제척ㆍ기피ㆍ회피) ① 분쟁조정위원회의 위원은 다음 각 호의 어느 하나에 해당하는 경우에는 제43조제
1항에 따라 분쟁조정위원회에 신청된 분쟁조정사건(이하 이 조에서 “사건”이라 한다)의 심의ㆍ의결에서 제척(除斥
)된다.
1. 위원 또는 그 배우자나 배우자였던 자가 그 사건의 당사자가 되거나 그 사건에 관하여 공동의 권리자 또는 의무
자의 관계에 있는 경우
2. 위원이 그 사건의 당사자와 친족이거나 친족이었던 경우
3. 위원이 그 사건에 관하여 증언, 감정, 법률자문을 한 경우
4. 위원이 그 사건에 관하여 당사자의 대리인으로서 관여하거나 관여하였던 경우
② 당사자는 위원에게 공정한 심의ㆍ의결을 기대하기 어려운 사정이 있으면 위원장에게 기피신청을 할 수 있다. 이
경우 위원장은 기피신청에 대하여 분쟁조정위원회의 의결을 거치지 아니하고 결정한다.
③ 위원이 제1항 또는 제2항의 사유에 해당하는 경우에는 스스로 그 사건의 심의ㆍ의결에서 회피할 수 있다.",35,35,489,true,true,false,false,true,false,false,2025-10-02,active,https://www.law.go.kr/법령/개인정보보호법,/Users/munchaerin/Desktop/졸프 data/개인정보 보호법(법률)(제20897호)(20251002).pdf
kr-pipa-active-20251002__0100,kr-pipa-active-20251002,100,제43조,제43조(조정의 신청 등),ARTICLE,"제43조(조정의 신청 등) ① 개인정보와 관련한 분쟁의 조정을 원하는 자는 분쟁조정위원회에 분쟁조정을 신청할 수 있
다.
② 분쟁조정위원회는 당사자 일방으로부터 분쟁조정 신청을 받았을 때에는 그 신청내용을 상대방에게 알려야 한다.
③ 개인정보처리자가 제2항에 따른 분쟁조정의 통지를 받은 경우에는 특별한 사유가 없으면 분쟁조정에 응하여야
한다.<개정 2023. 3. 14.>",35,35,209,true,true,false,false,true,false,false,2025-10-02,active,https://www.law.go.kr/법령/개인정보보호법,/Users/munchaerin/Desktop/졸프 data/개인정보 보호법(법률)(제20897호)(20251002).pdf
kr-pipa-active-20251002__0101,kr-pipa-active-20251002,101,제44조,제44조(처리기간),ARTICLE,"제44조(처리기간) ① 분쟁조정위원회는 제43조제1항에 따른 분쟁조정 신청을 받은 날부터 60일 이내에 이를 심사하여
조정안을 작성하여야 한다. 다만, 부득이한 사정이 있는 경우에는 분쟁조정위원회의 의결로 처리기간을 연장할 수
있다.
② 분쟁조정위원회는 제1항 단서에 따라 처리기간을 연장한 경우에는 기간연장의 사유와 그 밖의 기간연장에 관한
사항을 신청인에게 알려야 한다.",35,35,209,true,true,false,false,false,false,false,2025-10-02,active,https://www.law.go.kr/법령/개인정보보호법,/Users/munchaerin/Desktop/졸프 data/개인정보 보호법(법률)(제20897호)(20251002).pdf
kr-pipa-active-20251002__0102,kr-pipa-active-20251002,102,제45조,제45조(자료의 요청 및 사실조사 등),ARTICLE,"제45조(자료의 요청 및 사실조사 등) ① 분쟁조정위원회는 제43조제1항에 따라 분쟁조정 신청을 받았을 때에는 해당
분쟁의 조정을 위하여 필요한 자료를 분쟁당사자에게 요청할 수 있다. 이 경우 분쟁당사자는 정당한 사유가 없으면
요청에 따라야 한다.
② 분쟁조정위원회는 분쟁의 조정을 위하여 사실 확인이 필요한 경우에는 분쟁조정위원회의 위원 또는 대통령령으
로 정하는 사무기구의 소속 공무원으로 하여금 사건과 관련된 장소에 출입하여 관련 자료를 조사하거나 열람하게
할 수 있다. 이 경우 분쟁당사자는 해당 조사ㆍ열람을 거부할 정당한 사유가 있을 때에는 그 사유를 소명하고 조사
ㆍ열람에 따르지 아니할 수 있다.<신설 2023. 3. 14.>
③ 제2항에 따른 조사ㆍ열람을 하는 위원 또는 공무원은 그 권한을 표시하는 증표를 지니고 이를 관계인에게 내보
여야 한다.<신설 2023. 3. 14.>
④ 분쟁조정위원회는 분쟁의 조정을 위하여 필요하다고 인정하면 관계 기관 등에 자료 또는 의견의 제출 등 필요한
협조를 요청할 수 있다.<신설 2023. 3. 14.>
⑤ 분쟁조정위원회는 필요하다고 인정하면 분쟁당사자나 참고인을 위원회에 출석하도록 하여 그 의견을 들을 수
있다.<개정 2023. 3. 14.>
[제목개정 2023. 3. 14.]

개인정보 보호법",35,36,646,true,true,false,true,true,false,false,2025-10-02,active,https://www.law.go.kr/법령/개인정보보호법,/Users/munchaerin/Desktop/졸프 data/개인정보 보호법(법률)(제20897호)(20251002).pdf
kr-pipa-active-20251002__0103,kr-pipa-active-20251002,103,제45조의2,제45조의2(진술의 원용 제한),ARTICLE,"제45조의2(진술의 원용 제한) 조정절차에서의 의견과 진술은 소송(해당 조정에 대한 준재심은 제외한다)에서 원용(援用
)하지 못한다.
[본조신설 2023. 3. 14.]",36,36,94,true,true,false,false,false,false,false,2025-10-02,active,https://www.law.go.kr/법령/개인정보보호법,/Users/munchaerin/Desktop/졸프 data/개인정보 보호법(법률)(제20897호)(20251002).pdf
kr-pipa-active-20251002__0104,kr-pipa-active-20251002,104,제46조,제46조(조정 전 합의 권고),ARTICLE,"제46조(조정 전 합의 권고) 분쟁조정위원회는 제43조제1항에 따라 분쟁조정 신청을 받았을 때에는 당사자에게 그 내용
을 제시하고 조정 전 합의를 권고할 수 있다.",36,36,91,true,true,false,false,false,false,false,2025-10-02,active,https://www.law.go.kr/법령/개인정보보호법,/Users/munchaerin/Desktop/졸프 data/개인정보 보호법(법률)(제20897호)(20251002).pdf
kr-pipa-active-20251002__0105,kr-pipa-active-20251002,105,제47조,제47조(분쟁의 조정),ARTICLE,"제47조(분쟁의 조정) ① 분쟁조정위원회는 다음 각 호의 어느 하나의 사항을 포함하여 조정안을 작성할 수 있다.
1. 조사 대상 침해행위의 중지
2. 원상회복, 손해배상, 그 밖에 필요한 구제조치
3. 같거나 비슷한 침해의 재발을 방지하기 위하여 필요한 조치
② 분쟁조정위원회는 제1항에 따라 조정안을 작성하면 지체 없이 각 당사자에게 제시하여야 한다.
③ 제2항에 따라 조정안을 제시받은 당사자가 제시받은 날부터 15일 이내에 수락 여부를 알리지 아니하면 조정을
수락한 것으로 본다.<개정 2023. 3. 14.>
④ 당사자가 조정내용을 수락한 경우(제3항에 따라 수락한 것으로 보는 경우를 포함한다) 분쟁조정위원회는 조정서
를 작성하고, 분쟁조정위원회의 위원장과 각 당사자가 기명날인 또는 서명을 한 후 조정서 정본을 지체 없이 각 당
사자 또는 그 대리인에게 송달하여야 한다. 다만, 제3항에 따라 수락한 것으로 보는 경우에는 각 당사자의 기명날인
및 서명을 생략할 수 있다.<개정 2023. 3. 14.>
⑤ 제4항에 따른 조정의 내용은 재판상 화해와 동일한 효력을 갖는다.",36,36,549,true,true,false,false,false,false,false,2025-10-02,active,https://www.law.go.kr/법령/개인정보보호법,/Users/munchaerin/Desktop/졸프 data/개인정보 보호법(법률)(제20897호)(20251002).pdf
kr-pipa-active-20251002__0106,kr-pipa-active-20251002,106,제48조,제48조(조정의 거부 및 중지),ARTICLE,"제48조(조정의 거부 및 중지) ① 분쟁조정위원회는 분쟁의 성질상 분쟁조정위원회에서 조정하는 것이 적합하지 아니하
다고 인정하거나 부정한 목적으로 조정이 신청되었다고 인정하는 경우에는 그 조정을 거부할 수 있다. 이 경우 조정
거부의 사유 등을 신청인에게 알려야 한다.
② 분쟁조정위원회는 신청된 조정사건에 대한 처리절차를 진행하던 중에 한 쪽 당사자가 소를 제기하면 그 조정의
처리를 중지하고 이를 당사자에게 알려야 한다.",36,36,237,true,true,false,false,false,false,false,2025-10-02,active,https://www.law.go.kr/법령/개인정보보호법,/Users/munchaerin/Desktop/졸프 data/개인정보 보호법(법률)(제20897호)(20251002).pdf
kr-pipa-active-20251002__0107,kr-pipa-active-20251002,107,제49조,제49조(집단분쟁조정),ARTICLE,"제49조(집단분쟁조정) ① 국가 및 지방자치단체, 개인정보 보호단체 및 기관, 정보주체, 개인정보처리자는 정보주체의
피해 또는 권리침해가 다수의 정보주체에게 같거나 비슷한 유형으로 발생하는 경우로서 대통령령으로 정하는 사건
에 대하여는 분쟁조정위원회에 일괄적인 분쟁조정(이하 “집단분쟁조정”이라 한다)을 의뢰 또는 신청할 수 있다.
② 제1항에 따라 집단분쟁조정을 의뢰받거나 신청받은 분쟁조정위원회는 그 의결로써 제3항부터 제7항까지의 규
정에 따른 집단분쟁조정의 절차를 개시할 수 있다. 이 경우 분쟁조정위원회는 대통령령으로 정하는 기간 동안 그 절
차의 개시를 공고하여야 한다.
③ 분쟁조정위원회는 집단분쟁조정의 당사자가 아닌 정보주체 또는 개인정보처리자로부터 그 분쟁조정의 당사자
에 추가로 포함될 수 있도록 하는 신청을 받을 수 있다.
④ 분쟁조정위원회는 그 의결로써 제1항 및 제3항에 따른 집단분쟁조정의 당사자 중에서 공동의 이익을 대표하기
에 가장 적합한 1인 또는 수인을 대표당사자로 선임할 수 있다.
⑤ 분쟁조정위원회는 개인정보처리자가 분쟁조정위원회의 집단분쟁조정의 내용을 수락한 경우에는 집단분쟁조정
의 당사자가 아닌 자로서 피해를 입은 정보주체에 대한 보상계획서를 작성하여 분쟁조정위원회에 제출하도록 권고
할 수 있다.
⑥ 제48조제2항에도 불구하고 분쟁조정위원회는 집단분쟁조정의 당사자인 다수의 정보주체 중 일부의 정보주체가
법원에 소를 제기한 경우에는 그 절차를 중지하지 아니하고, 소를 제기한 일부의 정보주체를 그 절차에서 제외한다.
⑦ 집단분쟁조정의 기간은 제2항에 따른 공고가 종료된 날의 다음 날부터 60일 이내로 한다. 다만, 부득이한 사정이
있는 경우에는 분쟁조정위원회의 의결로 처리기간을 연장할 수 있다.
⑧ 집단분쟁조정의 절차 등에 관하여 필요한 사항은 대통령령으로 정한다.

개인정보 보호법",36,37,912,true,true,false,false,true,false,false,2025-10-02,active,https://www.law.go.kr/법령/개인정보보호법,/Users/munchaerin/Desktop/졸프 data/개인정보 보호법(법률)(제20897호)(20251002).pdf
kr-pipa-active-20251002__0108,kr-pipa-active-20251002,108,제50조,제50조(조정절차 등),ARTICLE,"제50조(조정절차 등) ① 제43조부터 제49조까지의 규정에서 정한 것 외에 분쟁의 조정방법, 조정절차 및 조정업무의 처
리 등에 필요한 사항은 대통령령으로 정한다.
② 분쟁조정위원회의 운영 및 분쟁조정 절차에 관하여 이 법에서 규정하지 아니한 사항에 대하여는 「민사조정법」
을 준용한다.",37,37,161,true,true,false,false,false,false,false,2025-10-02,active,https://www.law.go.kr/법령/개인정보보호법,/Users/munchaerin/Desktop/졸프 data/개인정보 보호법(법률)(제20897호)(20251002).pdf
kr-pipa-active-20251002__0109,kr-pipa-active-20251002,109,제50조의2,제50조의2(개선의견의 통보),ARTICLE,"제50조의2(개선의견의 통보) 분쟁조정위원회는 소관 업무 수행과 관련하여 개인정보 보호 및 정보주체의 권리 보호를
위한 개선의견을 보호위원회 및 관계 중앙행정기관의 장에게 통보할 수 있다.
[본조신설 2023. 3. 14.]
제8장 개인정보 단체소송 <개정 2020. 2. 4.>",37,37,156,true,true,false,false,true,false,false,2025-10-02,active,https://www.law.go.kr/법령/개인정보보호법,/Users/munchaerin/Desktop/졸프 data/개인정보 보호법(법률)(제20897호)(20251002).pdf
kr-pipa-active-20251002__0110,kr-pipa-active-20251002,110,제51조,제51조(단체소송의 대상 등),ARTICLE,"제51조(단체소송의 대상 등) 다음 각 호의 어느 하나에 해당하는 단체는 개인정보처리자가 제49조에 따른 집단분쟁조
정을 거부하거나 집단분쟁조정의 결과를 수락하지 아니한 경우에는 법원에 권리침해 행위의 금지ㆍ중지를 구하는
소송(이하 “단체소송”이라 한다)을 제기할 수 있다.
1. 「소비자기본법」 제29조에 따라 공정거래위원회에 등록한 소비자단체로서 다음 각 목의 요건을 모두 갖춘 단체
가. 정관에 따라 상시적으로 정보주체의 권익증진을 주된 목적으로 하는 단체일 것
나. 단체의 정회원수가 1천명 이상일 것
다. 「소비자기본법」 제29조에 따른 등록 후 3년이 경과하였을 것
2. 「비영리민간단체 지원법」 제2조에 따른 비영리민간단체로서 다음 각 목의 요건을 모두 갖춘 단체
가. 법률상 또는 사실상 동일한 침해를 입은 100명 이상의 정보주체로부터 단체소송의 제기를 요청받을 것
나. 정관에 개인정보 보호를 단체의 목적으로 명시한 후 최근 3년 이상 이를 위한 활동실적이 있을 것
다. 단체의 상시 구성원수가 5천명 이상일 것
라. 중앙행정기관에 등록되어 있을 것",37,37,541,true,true,false,false,true,false,false,2025-10-02,active,https://www.law.go.kr/법령/개인정보보호법,/Users/munchaerin/Desktop/졸프 data/개인정보 보호법(법률)(제20897호)(20251002).pdf
kr-pipa-active-20251002__0111,kr-pipa-active-20251002,111,제52조,제52조(전속관할),ARTICLE,"제52조(전속관할) ① 단체소송의 소는 피고의 주된 사무소 또는 영업소가 있는 곳, 주된 사무소나 영업소가 없는 경우
에는 주된 업무담당자의 주소가 있는 곳의 지방법원 본원 합의부의 관할에 전속한다.
② 제1항을 외국사업자에 적용하는 경우 대한민국에 있는 이들의 주된 사무소ㆍ영업소 또는 업무담당자의 주소에
따라 정한다.",37,37,179,true,true,false,false,false,false,false,2025-10-02,active,https://www.law.go.kr/법령/개인정보보호법,/Users/munchaerin/Desktop/졸프 data/개인정보 보호법(법률)(제20897호)(20251002).pdf
kr-pipa-active-20251002__0112,kr-pipa-active-20251002,112,제53조,제53조(소송대리인의 선임),ARTICLE,제53조(소송대리인의 선임) 단체소송의 원고는 변호사를 소송대리인으로 선임하여야 한다.,37,37,48,true,true,false,false,false,false,false,2025-10-02,active,https://www.law.go.kr/법령/개인정보보호법,/Users/munchaerin/Desktop/졸프 data/개인정보 보호법(법률)(제20897호)(20251002).pdf
kr-pipa-active-20251002__0113,kr-pipa-active-20251002,113,제54조,제54조(소송허가신청),ARTICLE,"제54조(소송허가신청) ① 단체소송을 제기하는 단체는 소장과 함께 다음 각 호의 사항을 기재한 소송허가신청서를 법
원에 제출하여야 한다.
1. 원고 및 그 소송대리인
2. 피고
3. 정보주체의 침해된 권리의 내용
② 제1항에 따른 소송허가신청서에는 다음 각 호의 자료를 첨부하여야 한다.
1. 소제기단체가 제51조 각 호의 어느 하나에 해당하는 요건을 갖추고 있음을 소명하는 자료
2. 개인정보처리자가 조정을 거부하였거나 조정결과를 수락하지 아니하였음을 증명하는 서류",37,37,261,true,true,false,false,true,false,false,2025-10-02,active,https://www.law.go.kr/법령/개인정보보호법,/Users/munchaerin/Desktop/졸프 data/개인정보 보호법(법률)(제20897호)(20251002).pdf
kr-pipa-active-20251002__0114,kr-pipa-active-20251002,114,제55조,제55조(소송허가요건 등),ARTICLE,"제55조(소송허가요건 등) ① 법원은 다음 각 호의 요건을 모두 갖춘 경우에 한하여 결정으로 단체소송을 허가한다.
1. 개인정보처리자가 분쟁조정위원회의 조정을 거부하거나 조정결과를 수락하지 아니하였을 것
2. 제54조에 따른 소송허가신청서의 기재사항에 흠결이 없을 것
② 단체소송을 허가하거나 불허가하는 결정에 대하여는 즉시항고할 수 있다.

개인정보 보호법",37,38,200,true,true,false,false,true,false,false,2025-10-02,active,https://www.law.go.kr/법령/개인정보보호법,/Users/munchaerin/Desktop/졸프 data/개인정보 보호법(법률)(제20897호)(20251002).pdf
kr-pipa-active-20251002__0115,kr-pipa-active-20251002,115,제56조,제56조(확정판결의 효력),ARTICLE,"제56조(확정판결의 효력) 원고의 청구를 기각하는 판결이 확정된 경우 이와 동일한 사안에 관하여는 제51조에 따른 다
른 단체는 단체소송을 제기할 수 없다. 다만, 다음 각 호의 어느 하나에 해당하는 경우에는 그러하지 아니하다.
1. 판결이 확정된 후 그 사안과 관련하여 국가ㆍ지방자치단체 또는 국가ㆍ지방자치단체가 설립한 기관에 의하여 새
로운 증거가 나타난 경우
2. 기각판결이 원고의 고의로 인한 것임이 밝혀진 경우",38,38,234,true,true,false,false,false,false,false,2025-10-02,active,https://www.law.go.kr/법령/개인정보보호법,/Users/munchaerin/Desktop/졸프 data/개인정보 보호법(법률)(제20897호)(20251002).pdf
kr-pipa-active-20251002__0116,kr-pipa-active-20251002,116,제57조,제57조(「민사소송법」의 적용 등),ARTICLE,"제57조(「민사소송법」의 적용 등) ① 단체소송에 관하여 이 법에 특별한 규정이 없는 경우에는 「민사소송법」을 적용한
다.
② 제55조에 따른 단체소송의 허가결정이 있는 경우에는 「민사집행법」 제4편에 따른 보전처분을 할 수 있다.
③ 단체소송의 절차에 관하여 필요한 사항은 대법원규칙으로 정한다.
제9장 보칙 <개정 2020. 2. 4.>",38,38,190,true,true,false,false,false,false,false,2025-10-02,active,https://www.law.go.kr/법령/개인정보보호법,/Users/munchaerin/Desktop/졸프 data/개인정보 보호법(법률)(제20897호)(20251002).pdf
kr-pipa-active-20251002__0117,kr-pipa-active-20251002,117,제58조,제58조(적용의 일부 제외),ARTICLE,"제58조(적용의 일부 제외) ① 다음 각 호의 어느 하나에 해당하는 개인정보에 관하여는 제3장부터 제8장까지를 적용하
지 아니한다. <개정 2023. 3. 14.>
1. 삭제<2023. 3. 14.>
2. 국가안전보장과 관련된 정보 분석을 목적으로 수집 또는 제공 요청되는 개인정보
3. 삭제<2023. 3. 14.>
4. 언론, 종교단체, 정당이 각각 취재ㆍ보도, 선교, 선거 입후보자 추천 등 고유 목적을 달성하기 위하여 수집ㆍ이용
하는 개인정보
② 제25조제1항 각 호에 따라 공개된 장소에 고정형 영상정보처리기기를 설치ㆍ운영하여 처리되는 개인정보에 대
해서는 제15조, 제22조, 제22조의2, 제27조제1항ㆍ제2항, 제34조 및 제37조를 적용하지 아니한다.<개정 2023. 3.
14.>
③ 개인정보처리자가 동창회, 동호회 등 친목 도모를 위한 단체를 운영하기 위하여 개인정보를 처리하는 경우에는
제15조, 제30조 및 제31조를 적용하지 아니한다.
④ 개인정보처리자는 제1항 각 호에 따라 개인정보를 처리하는 경우에도 그 목적을 위하여 필요한 범위에서 최소한
의 기간에 최소한의 개인정보만을 처리하여야 하며, 개인정보의 안전한 관리를 위하여 필요한 기술적ㆍ관리적 및
물리적 보호조치, 개인정보의 처리에 관한 고충처리, 그 밖에 개인정보의 적절한 처리를 위하여 필요한 조치를 마련
하여야 한다.",38,38,674,true,true,false,true,true,false,false,2025-10-02,active,https://www.law.go.kr/법령/개인정보보호법,/Users/munchaerin/Desktop/졸프 data/개인정보 보호법(법률)(제20897호)(20251002).pdf
kr-pipa-active-20251002__0118,kr-pipa-active-20251002,118,제58조,제58조(적용의 일부 제외),ARTICLE,"제58조(적용의 일부 제외) ① 다음 각 호의 어느 하나에 해당하는 개인정보에 관하여는 제3장부터 제8장까지를 적용하
지 아니한다. <개정 2023. 3. 14.>
1. 삭제<2023. 3. 14.>
2. 국가안전보장과 관련된 정보 분석을 목적으로 수집 또는 제공 요청되는 개인정보
3. 삭제<2023. 3. 14.>
4. 언론, 종교단체, 정당이 각각 취재ㆍ보도, 선교, 선거 입후보자 추천 등 고유 목적을 달성하기 위하여 수집ㆍ이용
하는 개인정보
② 제25조제1항 각 호에 따라 공개된 장소에 고정형 영상정보처리기기를 설치ㆍ운영하여 처리되는 개인정보에 대
해서는 제15조, 제22조, 제22조의2, 제27조제1항ㆍ제2항, 제34조 및 제37조를 적용하지 아니한다.<개정 2023. 3.
14.>
③ 개인정보처리자가 동창회, 동호회 등 친목 도모를 위한 단체를 운영하기 위하여 개인정보를 처리하는 경우에는
제15조, 제30조, 제30조의3 및 제31조를 적용하지 아니한다.<개정 2026. 3. 10.>
④ 개인정보처리자는 제1항 각 호에 따라 개인정보를 처리하는 경우에도 그 목적을 위하여 필요한 범위에서 최소한
의 기간에 최소한의 개인정보만을 처리하여야 하며, 개인정보의 안전한 관리를 위하여 필요한 기술적ㆍ관리적 및
물리적 보호조치, 개인정보의 처리에 관한 고충처리, 그 밖에 개인정보의 적절한 처리를 위하여 필요한 조치를 마련

개인정보 보호법
하여야 한다.
[시행일: 2026. 9. 11.] 제58조",38,39,734,true,true,false,true,true,false,false,2025-10-02,active,https://www.law.go.kr/법령/개인정보보호법,/Users/munchaerin/Desktop/졸프 data/개인정보 보호법(법률)(제20897호)(20251002).pdf
kr-pipa-active-20251002__0119,kr-pipa-active-20251002,119,제58조의2,제58조의2(적용제외),ARTICLE,"제58조의2(적용제외) 이 법은 시간ㆍ비용ㆍ기술 등을 합리적으로 고려할 때 다른 정보를 사용하여도 더 이상 개인을
알아볼 수 없는 정보에는 적용하지 아니한다.
[본조신설 2020. 2. 4.]",39,39,107,true,true,false,false,false,false,false,2025-10-02,active,https://www.law.go.kr/법령/개인정보보호법,/Users/munchaerin/Desktop/졸프 data/개인정보 보호법(법률)(제20897호)(20251002).pdf
kr-pipa-active-20251002__0120,kr-pipa-active-20251002,120,제59조,제59조(금지행위),ARTICLE,"제59조(금지행위) 개인정보를 처리하거나 처리하였던 자는 다음 각 호의 어느 하나에 해당하는 행위를 하여서는 아니
된다. <개정 2023. 3. 14.>
1. 거짓이나 그 밖의 부정한 수단이나 방법으로 개인정보를 취득하거나 처리에 관한 동의를 받는 행위
2. 업무상 알게 된 개인정보를 누설하거나 권한 없이 다른 사람이 이용하도록 제공하는 행위
3. 정당한 권한 없이 또는 허용된 권한을 초과하여 다른 사람의 개인정보를 이용, 훼손, 멸실, 변경, 위조 또는 유출
하는 행위",39,39,265,true,true,false,false,true,false,false,2025-10-02,active,https://www.law.go.kr/법령/개인정보보호법,/Users/munchaerin/Desktop/졸프 data/개인정보 보호법(법률)(제20897호)(20251002).pdf
kr-pipa-active-20251002__0121,kr-pipa-active-20251002,121,제60조,제60조(비밀유지 등),ARTICLE,"제60조(비밀유지 등) 다음 각 호의 업무에 종사하거나 종사하였던 자는 직무상 알게 된 비밀을 다른 사람에게 누설하거
나 직무상 목적 외의 용도로 이용하여서는 아니 된다. 다만, 다른 법률에 특별한 규정이 있는 경우에는 그러하지 아
니하다. <개정 2020. 2. 4., 2023. 3. 14.>
1. 제7조의8 및 제7조의9에 따른 보호위원회의 업무
2. 제28조의3에 따른 전문기관의 지정 업무 및 전문기관의 업무
3. 제32조의2에 따른 개인정보 보호 인증 업무
4. 제33조에 따른 영향평가 업무
5. 제35조의3에 따른 개인정보관리 전문기관의 지정 업무 및 개인정보관리 전문기관의 업무
6. 제40조에 따른 분쟁조정위원회의 분쟁조정 업무",39,39,361,true,true,false,false,true,false,false,2025-10-02,active,https://www.law.go.kr/법령/개인정보보호법,/Users/munchaerin/Desktop/졸프 data/개인정보 보호법(법률)(제20897호)(20251002).pdf
kr-pipa-active-20251002__0122,kr-pipa-active-20251002,122,제61조,제61조(의견제시 및 개선권고),ARTICLE,"제61조(의견제시 및 개선권고) ① 보호위원회는 개인정보 보호에 영향을 미치는 내용이 포함된 법령이나 조례에 대하
여 필요하다고 인정하면 심의ㆍ의결을 거쳐 관계 기관에 의견을 제시할 수 있다. <개정 2013. 3. 23., 2014. 11. 19.,
2017. 7. 26., 2020. 2. 4.>
② 보호위원회는 개인정보 보호를 위하여 필요하다고 인정하면 개인정보처리자에게 개인정보 처리 실태의 개선을
권고할 수 있다. 이 경우 권고를 받은 개인정보처리자는 이를 이행하기 위하여 성실하게 노력하여야 하며, 그 조치
결과를 보호위원회에 알려야 한다.<개정 2013. 3. 23., 2014. 11. 19., 2017. 7. 26., 2020. 2. 4.>
③ 관계 중앙행정기관의 장은 개인정보 보호를 위하여 필요하다고 인정하면 소관 법률에 따라 개인정보처리자에게
개인정보 처리 실태의 개선을 권고할 수 있다. 이 경우 권고를 받은 개인정보처리자는 이를 이행하기 위하여 성실하
게 노력하여야 하며, 그 조치 결과를 관계 중앙행정기관의 장에게 알려야 한다.
④ 중앙행정기관, 지방자치단체, 국회, 법원, 헌법재판소, 중앙선거관리위원회는 그 소속 기관 및 소관 공공기관에
대하여 개인정보 보호에 관한 의견을 제시하거나 지도ㆍ점검을 할 수 있다.",39,39,638,true,true,false,false,true,false,false,2025-10-02,active,https://www.law.go.kr/법령/개인정보보호법,/Users/munchaerin/Desktop/졸프 data/개인정보 보호법(법률)(제20897호)(20251002).pdf
kr-pipa-active-20251002__0123,kr-pipa-active-20251002,123,제62조,제62조(침해 사실의 신고 등),ARTICLE,"제62조(침해 사실의 신고 등) ① 개인정보처리자가 개인정보를 처리할 때 개인정보에 관한 권리 또는 이익을 침해받은
사람은 보호위원회에 그 침해 사실을 신고할 수 있다. <개정 2013. 3. 23., 2014. 11. 19., 2017. 7. 26., 2020. 2. 4.>
② 보호위원회는 제1항에 따른 신고의 접수ㆍ처리 등에 관한 업무를 효율적으로 수행하기 위하여 대통령령으로 정
하는 바에 따라 전문기관을 지정할 수 있다. 이 경우 전문기관은 개인정보침해 신고센터(이하 “신고센터”라 한다)를
설치ㆍ운영하여야 한다.<개정 2013. 3. 23., 2014. 11. 19., 2017. 7. 26., 2020. 2. 4.>
③ 신고센터는 다음 각 호의 업무를 수행한다.
1. 개인정보 처리와 관련한 신고의 접수ㆍ상담
2. 사실의 조사ㆍ확인 및 관계자의 의견 청취
3. 제1호 및 제2호에 따른 업무에 딸린 업무

개인정보 보호법
④ 보호위원회는 제3항제2호의 사실 조사ㆍ확인 등의 업무를 효율적으로 하기 위하여 필요하면 「국가공무원법」 제
32조의4에 따라 소속 공무원을 제2항에 따른 전문기관에 파견할 수 있다.<개정 2013. 3. 23., 2014. 11. 19., 2017. 7.
26., 2020. 2. 4.>",39,40,629,true,true,false,false,true,false,false,2025-10-02,active,https://www.law.go.kr/법령/개인정보보호법,/Users/munchaerin/Desktop/졸프 data/개인정보 보호법(법률)(제20897호)(20251002).pdf
kr-pipa-active-20251002__0124,kr-pipa-active-20251002,124,제63조,제63조(자료제출 요구 및 검사),ARTICLE,"제63조(자료제출 요구 및 검사) ① 보호위원회는 다음 각 호의 어느 하나에 해당하는 경우에는 개인정보처리자에게 관
계 물품ㆍ서류 등 자료를 제출하게 할 수 있다. <개정 2013. 3. 23., 2014. 11. 19., 2017. 7. 26., 2020. 2. 4.>
1. 이 법을 위반하는 사항을 발견하거나 혐의가 있음을 알게 된 경우
2. 이 법 위반에 대한 신고를 받거나 민원이 접수된 경우
3. 그 밖에 정보주체의 개인정보 보호를 위하여 필요한 경우로서 대통령령으로 정하는 경우
② 보호위원회는 개인정보처리자가 제1항에 따른 자료를 제출하지 아니하거나 이 법을 위반한 사실이 있다고 인정
되면 소속 공무원으로 하여금 개인정보처리자 및 해당 법 위반사실과 관련한 관계인의 사무소나 사업장에 출입하
여 업무 상황, 장부 또는 서류 등을 검사하게 할 수 있다. 이 경우 검사를 하는 공무원은 그 권한을 나타내는 증표를
지니고 이를 관계인에게 내보여야 한다.<개정 2013. 3. 23., 2014. 11. 19., 2015. 7. 24., 2017. 7. 26., 2020. 2. 4.>
③ 보호위원회는 이 법 등 개인정보 보호와 관련된 법규의 위반행위로 인하여 중대한 개인정보 침해사고가 발생한
경우 신속하고 효과적인 대응을 위하여 다음 각 호의 어느 하나에 해당하는 관계 기관의 장에게 협조를 요청할 수
있다.<개정 2023. 3. 14.>
1. 중앙행정기관
2. 지방자치단체
3. 그 밖에 법령 또는 자치법규에 따라 행정권한을 가지고 있거나 위임 또는 위탁받은 공공기관
④ 제3항에 따라 협조를 요청받은 관계 기관의 장은 특별한 사정이 없으면 이에 따라야 한다.<개정 2023. 3. 14.>
⑤ 제1항 및 제2항에 따른 자료제출 요구, 검사 절차 및 방법 등에 관하여 필요한 사항은 보호위원회가 정하여 고시
할 수 있다.<개정 2023. 3. 14.>
⑥ 보호위원회는 제1항 및 제2항에 따라 제출받거나 수집한 서류ㆍ자료 등을 이 법에 따른 경우를 제외하고는 제
3자에게 제공하거나 일반에 공개해서는 아니 된다.<신설 2020. 2. 4., 2023. 3. 14.>
⑦ 보호위원회는 정보통신망을 통하여 자료의 제출 등을 받은 경우나 수집한 자료 등을 전자화한 경우에는 개인정
보ㆍ영업비밀 등이 유출되지 아니하도록 제도적ㆍ기술적 보완조치를 하여야 한다.<신설 2020. 2. 4., 2023. 3. 14.>",40,40,1185,true,true,false,true,true,false,false,2025-10-02,active,https://www.law.go.kr/법령/개인정보보호법,/Users/munchaerin/Desktop/졸프 data/개인정보 보호법(법률)(제20897호)(20251002).pdf
kr-pipa-active-20251002__0125,kr-pipa-active-20251002,125,제63조의2,제63조의2(사전 실태점검),ARTICLE,"제63조의2(사전 실태점검) ① 보호위원회는 제63조제1항 각 호에 해당하지 아니하는 경우로서 개인정보 침해사고 발
생의 위험성이 높고 개인정보 보호의 취약점을 사전에 점검할 필요성이 인정되는 개인정보처리자에 대하여 개인정
보 보호실태를 점검할 수 있다.
② 보호위원회는 제1항에 따른 실태점검을 실시하여 이 법을 위반하는 사항을 발견한 경우 해당 개인정보처리자에
대하여 시정방안을 정하여 이에 따를 것을 권고할 수 있다.
③ 제2항에 따른 시정권고를 받은 개인정보처리자는 이를 통보받은 날부터 10일 이내에 해당 권고를 수락하는지
여부에 관하여 보호위원회에 통지하여야 하며, 그 이행 결과를 보호위원회가 고시로 정하는 바에 따라 보호위원회
에 알려야 한다.
④ 제2항에 따른 시정권고를 받은 자가 해당 권고를 수락한 때에는 제64조제1항에 따른 시정조치 명령(중앙행정기
관, 지방자치단체, 국회, 법원, 헌법재판소, 중앙선거관리위원회의 경우에는 제64조제3항에 따른 권고를 말한다)을
받은 것으로 본다.
⑤ 보호위원회는 제2항에 따른 시정권고를 받은 자가 해당 권고를 수락하지 아니하거나 이행하지 아니한 경우 제
63조제2항에 따른 검사를 할 수 있다.
⑥ 보호위원회는 관계 중앙행정기관의 장과 합동으로 제1항에 따른 개인정보 보호실태를 점검할 수 있다.
[본조신설 2023. 3. 14.]",40,40,667,true,true,false,false,true,false,false,2025-10-02,active,https://www.law.go.kr/법령/개인정보보호법,/Users/munchaerin/Desktop/졸프 data/개인정보 보호법(법률)(제20897호)(20251002).pdf
kr-pipa-active-20251002__0126,kr-pipa-active-20251002,126,제64조,제64조(시정조치 등),ARTICLE,"제64조(시정조치 등) ① 보호위원회는 이 법을 위반한 자(중앙행정기관, 지방자치단체, 국회, 법원, 헌법재판소, 중앙선
거관리위원회는 제외한다)에 대하여 다음 각 호에 해당하는 조치를 명할 수 있다. <개정 2013. 3. 23., 2014. 11. 19.,

개인정보 보호법
2017. 7. 26., 2020. 2. 4., 2023. 3. 14.>
1. 개인정보 침해행위의 중지
2. 개인정보 처리의 일시적인 정지
3. 그 밖에 개인정보의 보호 및 침해 방지를 위하여 필요한 조치
② 지방자치단체, 국회, 법원, 헌법재판소, 중앙선거관리위원회는 그 소속 기관 및 소관 공공기관이 이 법을 위반하
였을 때에는 제1항 각 호에 해당하는 조치를 명할 수 있다.<개정 2023. 3. 14.>
③ 보호위원회는 중앙행정기관, 지방자치단체, 국회, 법원, 헌법재판소, 중앙선거관리위원회가 이 법을 위반하였을
때에는 해당 기관의 장에게 제1항 각 호에 해당하는 조치를 하도록 권고할 수 있다. 이 경우 권고를 받은 기관은 특
별한 사유가 없으면 이를 존중하여야 한다.<개정 2023. 3. 14.>",40,41,553,true,true,false,false,true,false,false,2025-10-02,active,https://www.law.go.kr/법령/개인정보보호법,/Users/munchaerin/Desktop/졸프 data/개인정보 보호법(법률)(제20897호)(20251002).pdf
kr-pipa-active-20251002__0127,kr-pipa-active-20251002,127,제64조의2,제64조의2(과징금의 부과),ARTICLE,"제64조의2(과징금의 부과) ① 보호위원회는 다음 각 호의 어느 하나에 해당하는 경우에는 해당 개인정보처리자에게 전
체 매출액의 100분의 3을 초과하지 아니하는 범위에서 과징금을 부과할 수 있다. 다만, 매출액이 없거나 매출액의
산정이 곤란한 경우로서 대통령령으로 정하는 경우에는 20억원을 초과하지 아니하는 범위에서 과징금을 부과할 수
있다.
1. 제15조제1항, 제17조제1항, 제18조제1항ㆍ제2항(제26조제8항에 따라 준용되는 경우를 포함한다) 또는 제19조를
위반하여 개인정보를 처리한 경우
2. 제22조의2제1항(제26조제8항에 따라 준용되는 경우를 포함한다)을 위반하여 법정대리인의 동의를 받지 아니하
고 만 14세 미만인 아동의 개인정보를 처리한 경우
3. 제23조제1항제1호(제26조제8항에 따라 준용되는 경우를 포함한다)를 위반하여 정보주체의 동의를 받지 아니하
고 민감정보를 처리한 경우
4. 제24조제1항ㆍ제24조의2제1항(제26조제8항에 따라 준용되는 경우를 포함한다)을 위반하여 고유식별정보 또는
주민등록번호를 처리한 경우
5. 제26조제4항에 따른 관리ㆍ감독 또는 교육을 소홀히 하여 수탁자가 이 법의 규정을 위반한 경우
6. 제28조의5제1항(제26조제8항에 따라 준용되는 경우를 포함한다)을 위반하여 특정 개인을 알아보기 위한 목적으
로 정보를 처리한 경우
7. 제28조의8제1항(제26조제8항 및 제28조의11에 따라 준용되는 경우를 포함한다)을 위반하여 개인정보를 국외로
이전한 경우
8. 제28조의9제1항(제26조제8항 및 제28조의11에 따라 준용되는 경우를 포함한다)을 위반하여 국외 이전 중지 명
령을 따르지 아니한 경우
9. 개인정보처리자가 처리하는 개인정보가 분실ㆍ도난ㆍ유출ㆍ위조ㆍ변조ㆍ훼손된 경우. 다만, 개인정보가 분실ㆍ
도난ㆍ유출ㆍ위조ㆍ변조ㆍ훼손되지 아니하도록 개인정보처리자가",41,41,911,true,true,false,false,true,false,false,2025-10-02,active,https://www.law.go.kr/법령/개인정보보호법,/Users/munchaerin/Desktop/졸프 data/개인정보 보호법(법률)(제20897호)(20251002).pdf
kr-pipa-active-20251002__0128,kr-pipa-active-20251002,128,제29조,"제29조(제26조제8항에 따라 준용되는 경우를
포함한다)",ARTICLE,"제29조(제26조제8항에 따라 준용되는 경우를
포함한다)에 따른 안전성 확보에 필요한 조치를 다한 경우에는 그러하지 아니하다.
② 보호위원회는 제1항에 따른 과징금을 부과하려는 경우 전체 매출액에서 위반행위와 관련이 없는 매출액을 제외
한 매출액을 기준으로 과징금을 산정한다.
③ 보호위원회는 제1항에 따른 과징금을 부과하려는 경우 개인정보처리자가 정당한 사유 없이 매출액 산정자료의
제출을 거부하거나 거짓의 자료를 제출한 경우에는 해당 개인정보처리자의 전체 매출액을 기준으로 산정하되 해당
개인정보처리자 및 비슷한 규모의 개인정보처리자의 개인정보 보유 규모, 재무제표 등 회계자료, 상품ㆍ용역의 가
격 등 영업현황 자료에 근거하여 매출액을 추정할 수 있다.
④ 보호위원회는 제1항에 따른 과징금을 부과하는 경우에는 위반행위에 상응하는 비례성과 침해 예방에 대한 효과
성이 확보될 수 있도록 다음 각 호의 사항을 고려하여야 한다.
1. 위반행위의 내용 및 정도
2. 위반행위의 기간 및 횟수
3. 위반행위로 인하여 취득한 이익의 규모

개인정보 보호법
4. 암호화 등 안전성 확보 조치 이행 노력
5. 개인정보가 분실ㆍ도난ㆍ유출ㆍ위조ㆍ변조ㆍ훼손된 경우 위반행위와의 관련성 및 분실ㆍ도난ㆍ유출ㆍ위조ㆍ변
조ㆍ훼손의 규모
6. 위반행위로 인한 피해의 회복 및 피해 확산 방지 조치의 이행 여부
7. 개인정보처리자의 업무 형태 및 규모
8. 개인정보처리자가 처리하는 개인정보의 유형과 정보주체에게 미치는 영향
9. 위반행위로 인한 정보주체의 피해 규모
10. 개인정보 보호 인증, 자율적인 보호 활동 등 개인정보 보호를 위한 노력
11. 보호위원회와의 협조 등 위반행위를 시정하기 위한 조치 여부
⑤ 보호위원회는 다음 각 호의 어느 하나에 해당하는 사유가 있는 경우에는 과징금을 부과하지 아니할 수 있다.
1. 지급불능ㆍ지급정지 또는 자본잠식 등의 사유로 객관적으로 과징금을 낼 능력이 없다고 인정되는 경우
2. 본인의 행위가 위법하지 아니한 것으로 잘못 인식할 만한 정당한 사유가 있는 경우
3. 위반행위의 내용ㆍ정도가 경미하거나 산정된 과징금이 소액인 경우
4. 그 밖에 정보주체에게 피해가 발생하지 아니하였거나 경미한 경우로서 대통령령으로 정하는 사유가 있는 경우
⑥ 제1항에 따른 과징금은 제2항부터 제5항까지를 고려하여 산정하되, 구체적인 산정기준과 산정절차는 대통령령
으로 정한다.
⑦ 보호위원회는 제1항에 따른 과징금을 내야 할 자가 납부기한까지 이를 내지 아니하면 납부기한의 다음 날부터
내지 아니한 과징금의 연 100분의 6에 해당하는 가산금을 징수한다. 이 경우 가산금을 징수하는 기간은 60개월을
초과하지 못한다.
⑧ 보호위원회는 제1항에 따른 과징금을 내야 할 자가 납부기한까지 내지 아니한 경우에는 기간을 정하여 독촉하고
, 독촉으로 지정한 기간 내에 과징금과 제7항에 따른 가산금을 내지 아니하면 국세강제징수의 예에 따라 징수한다.
⑨ 보호위원회는 법원의 판결 등의 사유로 제1항에 따라 부과된 과징금을 환급하는 경우에는 과징금을 낸 날부터
환급하는 날까지의 기간에 대하여 금융회사 등의 예금이자율 등을 고려하여 대통령령으로 정하는 이자율을 적용하
여 계산한 환급가산금을 지급하여야 한다.
⑩ 보호위원회는 제9항에도 불구하고 법원의 판결에 따라 과징금 부과처분이 취소되어 그 판결이유에 따라 새로운
과징금을 부과하는 경우에는 당초 납부한 과징금에서 새로 부과하기로 결정한 과징금을 공제한 나머지 금액에 대
해서만 환급가산금을 계산하여 지급한다.
[본조신설 2023. 3. 14.]",41,42,1734,true,true,false,true,true,false,false,2025-10-02,active,https://www.law.go.kr/법령/개인정보보호법,/Users/munchaerin/Desktop/졸프 data/개인정보 보호법(법률)(제20897호)(20251002).pdf
kr-pipa-active-20251002__0129,kr-pipa-active-20251002,129,제64조의2,제64조의2(과징금의 부과),ARTICLE,"제64조의2(과징금의 부과) ① 보호위원회는 다음 각 호의 어느 하나에 해당하는 경우에는 해당 개인정보처리자에게 전
체 매출액의 100분의 3을 초과하지 아니하는 범위에서 과징금을 부과할 수 있다. 다만, 매출액이 없거나 매출액의
산정이 곤란한 경우로서 대통령령으로 정하는 경우에는 20억원을 초과하지 아니하는 범위에서 과징금을 부과할 수
있다. <개정 2026. 3. 10.>
1. 제15조제1항, 제17조제1항, 제18조제1항ㆍ제2항(제26조제8항에 따라 준용되는 경우를 포함한다) 또는 제19조를
위반하여 개인정보를 처리한 경우
2. 제22조의2제1항(제26조제8항에 따라 준용되는 경우를 포함한다)을 위반하여 법정대리인의 동의를 받지 아니하
고 만 14세 미만인 아동의 개인정보를 처리한 경우
3. 제23조제1항제1호(제26조제8항에 따라 준용되는 경우를 포함한다)를 위반하여 정보주체의 동의를 받지 아니하
고 민감정보를 처리한 경우
4. 제24조제1항ㆍ제24조의2제1항(제26조제8항에 따라 준용되는 경우를 포함한다)을 위반하여 고유식별정보 또는
주민등록번호를 처리한 경우
5. 제26조제4항에 따른 관리ㆍ감독 또는 교육을 소홀히 하여 수탁자가 이 법의 규정을 위반한 경우
6. 제28조의5제1항(제26조제8항에 따라 준용되는 경우를 포함한다)을 위반하여 특정 개인을 알아보기 위한 목적으
로 정보를 처리한 경우

개인정보 보호법
7. 제28조의8제1항(제26조제8항 및 제28조의11에 따라 준용되는 경우를 포함한다)을 위반하여 개인정보를 국외로
이전한 경우
8. 제28조의9제1항(제26조제8항 및 제28조의11에 따라 준용되는 경우를 포함한다)을 위반하여 국외 이전 중지 명
령을 따르지 아니한 경우
9. 개인정보처리자가 처리하는 개인정보가 유출등이 된 경우. 다만, 개인정보가 유출등이 되지 아니하도록 개인정보
처리자가",42,43,915,true,true,false,false,true,false,false,2025-10-02,active,https://www.law.go.kr/법령/개인정보보호법,/Users/munchaerin/Desktop/졸프 data/개인정보 보호법(법률)(제20897호)(20251002).pdf
kr-pipa-active-20251002__0130,kr-pipa-active-20251002,130,제29조,제29조(제26조제8항에 따라 준용되는 경우를 포함한다),ARTICLE,"제29조(제26조제8항에 따라 준용되는 경우를 포함한다)에 따른 안전성 확보에 필요한 조치를 다한 경
우에는 그러하지 아니하다.
② 제1항에도 불구하고 보호위원회는 다음 각 호의 어느 하나에 해당하는 경우에는 해당 개인정보처리자에게 전체
매출액의 100분의 10을 초과하지 아니하는 범위에서 과징금을 부과할 수 있다. 다만, 매출액이 없거나 매출액의 산
정이 곤란한 경우로서 대통령령으로 정하는 경우에는 50억원을 초과하지 아니하는 범위에서 과징금을 부과할 수
있다.<신설 2026. 3. 10.>
1. 이 조에 따른 과징금 부과처분을 받은 날부터 3년이 경과하기 전에 제1항 같은 호에 해당하는 위반행위를 한 경
우(각각 고의 또는 중대한 과실이 있는 경우로 한정한다)
2. 고의 또는 중대한 과실로 제1항 각 호의 어느 하나에 해당하는 위반행위를 하고 정보주체의 피해 규모가 1천만명
이상인 경우
3. 제64조제1항에 따른 시정조치 명령에 따르지 아니하여 개인정보처리자가 제1항제9호의 위반행위를 한 경우
③ 보호위원회는 제1항 및 제2항에 따른 과징금을 부과하려는 경우 전체 매출액에서 위반행위와 관련이 없는 매출
액을 제외한 매출액을 기준으로 과징금을 산정한다.<개정 2026. 3. 10.>
④ 보호위원회는 제1항 및 제2항에 따른 과징금을 부과하려는 경우 개인정보처리자가 정당한 사유 없이 매출액 산
정자료의 제출을 거부하거나 거짓의 자료를 제출한 경우에는 해당 개인정보처리자의 전체 매출액을 기준으로 산정
하되 해당 개인정보처리자 및 비슷한 규모의 개인정보처리자의 개인정보 보유 규모, 재무제표 등 회계자료, 상품ㆍ
용역의 가격 등 영업현황 자료에 근거하여 매출액을 추정할 수 있다.<개정 2026. 3. 10.>
⑤ 보호위원회는 제1항 및 제2항에 따른 과징금을 부과하는 경우에는 위반행위에 상응하는 비례성과 침해 예방에
대한 효과성이 확보될 수 있도록 다음 각 호의 사항을 고려하여야 한다.<개정 2026. 3. 10.>
1. 위반행위의 내용 및 정도
2. 위반행위의 기간 및 횟수
3. 위반행위로 인하여 취득한 이익의 규모
4. 암호화 등 안전성 확보 조치 이행 노력
5. 개인정보가 유출등이 된 경우 위반행위와의 관련성 및 유출등의 규모
6. 위반행위로 인한 피해의 회복 및 피해 확산 방지 조치의 이행 여부
7. 개인정보처리자의 업무 형태 및 규모
8. 개인정보처리자가 처리하는 개인정보의 유형과 정보주체에게 미치는 영향
9. 위반행위로 인한 정보주체의 피해 규모
10. 개인정보 보호 인증, 자율적인 보호 활동 등 개인정보 보호를 위한 노력
11. 보호위원회와의 협조 등 위반행위를 시정하기 위한 조치 여부
⑥ 보호위원회는 개인정보 보호를 위하여 예산ㆍ인력ㆍ설비ㆍ장치 등을 투자하고 운영하는 등 대통령령으로 정하
는 사유가 있는 경우에는 제1항 및 제2항에 따른 과징금을 감경한다. 다만, 개인정보처리자의 고의 또는 중대한 과
실로 위반행위를 한 경우는 제외한다.<신설 2026. 3. 10.>
⑦ 보호위원회는 다음 각 호의 어느 하나에 해당하는 사유가 있는 경우에는 과징금을 부과하지 아니할 수 있다.<개
정 2026. 3. 10.>
1. 지급불능ㆍ지급정지 또는 자본잠식 등의 사유로 객관적으로 과징금을 낼 능력이 없다고 인정되는 경우
2. 본인의 행위가 위법하지 아니한 것으로 잘못 인식할 만한 정당한 사유가 있는 경우
3. 위반행위의 내용ㆍ정도가 경미하거나 산정된 과징금이 소액인 경우

개인정보 보호법
4. 그 밖에 정보주체에게 피해가 발생하지 아니하였거나 경미한 경우로서 대통령령으로 정하는 사유가 있는 경우
⑧ 제1항 및 제2항에 따른 과징금은 제3항부터 제7항까지를 고려하여 산정하되, 구체적인 산정기준과 산정절차는
대통령령으로 정한다.<개정 2026. 3. 10.>
⑨ 보호위원회는 제1항 및 제2항에 따른 과징금을 내야 할 자가 납부기한까지 이를 내지 아니하면 납부기한의 다음
날부터 내지 아니한 과징금의 연 100분의 6에 해당하는 가산금을 징수한다. 이 경우 가산금을 징수하는 기간은
60개월을 초과하지 못한다.<개정 2026. 3. 10.>
⑩ 보호위원회는 제1항 및 제2항에 따른 과징금을 내야 할 자가 납부기한까지 내지 아니한 경우에는 기간을 정하여
독촉하고, 독촉으로 지정한 기간 내에 과징금과 제9항에 따른 가산금을 내지 아니하면 국세강제징수의 예에 따라
징수한다.<개정 2026. 3. 10.>
⑪ 보호위원회는 법원의 판결 등의 사유로 제1항 및 제2항에 따라 부과된 과징금을 환급하는 경우에는 과징금을 낸
날부터 환급하는 날까지의 기간에 대하여 금융회사 등의 예금이자율 등을 고려하여 대통령령으로 정하는 이자율을
적용하여 계산한 환급가산금을 지급하여야 한다.<개정 2026. 3. 10.>
⑫ 보호위원회는 제11항에도 불구하고 법원의 판결에 따라 과징금 부과처분이 취소되어 그 판결이유에 따라 새로
운 과징금을 부과하는 경우에는 당초 납부한 과징금에서 새로 부과하기로 결정한 과징금을 공제한 나머지 금액에
대해서만 환급가산금을 계산하여 지급한다.<개정 2026. 3. 10.>
[본조신설 2023. 3. 14.]
[시행일: 2026. 9. 11.] 제64조의2",43,44,2528,true,true,false,true,true,false,false,2025-10-02,active,https://www.law.go.kr/법령/개인정보보호법,/Users/munchaerin/Desktop/졸프 data/개인정보 보호법(법률)(제20897호)(20251002).pdf
kr-pipa-active-20251002__0131,kr-pipa-active-20251002,131,제65조,제65조(고발 및 징계권고),ARTICLE,"제65조(고발 및 징계권고) ① 보호위원회는 개인정보처리자에게 이 법 등 개인정보 보호와 관련된 법규의 위반에 따른
범죄혐의가 있다고 인정될 만한 상당한 이유가 있을 때에는 관할 수사기관에 그 내용을 고발할 수 있다. <개정
2013. 3. 23., 2014. 11. 19., 2017. 7. 26., 2020. 2. 4.>
② 보호위원회는 이 법 등 개인정보 보호와 관련된 법규의 위반행위가 있다고 인정될 만한 상당한 이유가 있을 때
에는 책임이 있는 자(대표자 및 책임있는 임원을 포함한다)를 징계할 것을 해당 개인정보처리자에게 권고할 수 있
다. 이 경우 권고를 받은 사람은 이를 존중하여야 하며 그 결과를 보호위원회에 통보하여야 한다.<개정 2013. 3. 23.,
2013. 8. 6., 2014. 11. 19., 2017. 7. 26., 2020. 2. 4.>
③ 관계 중앙행정기관의 장은 소관 법률에 따라 개인정보처리자에 대하여 제1항에 따른 고발을 하거나 소속 기관ㆍ
단체 등의 장에게 제2항에 따른 징계권고를 할 수 있다. 이 경우 제2항에 따른 권고를 받은 사람은 이를 존중하여야
하며 그 결과를 관계 중앙행정기관의 장에게 통보하여야 한다.",44,44,592,true,true,false,false,true,false,false,2025-10-02,active,https://www.law.go.kr/법령/개인정보보호법,/Users/munchaerin/Desktop/졸프 data/개인정보 보호법(법률)(제20897호)(20251002).pdf
kr-pipa-active-20251002__0132,kr-pipa-active-20251002,132,제66조,제66조(결과의 공표),ARTICLE,"제66조(결과의 공표) ① 보호위원회는 제61조에 따른 개선권고, 제64조에 따른 시정조치 명령, 제64조의2에 따른 과징
금의 부과, 제65조에 따른 고발 또는 징계권고 및 제75조에 따른 과태료 부과의 내용 및 결과에 대하여 공표할 수 있
다. <개정 2013. 3. 23., 2014. 11. 19., 2017. 7. 26., 2020. 2. 4., 2023. 3. 14.>
② 보호위원회는 제61조에 따른 개선권고, 제64조에 따른 시정조치 명령, 제64조의2에 따른 과징금의 부과, 제65조
에 따른 고발 또는 징계권고 및 제75조에 따른 과태료 부과처분 등을 한 경우에는 처분 등을 받은 자에게 해당 처분
등을 받았다는 사실을 공표할 것을 명할 수 있다.<개정 2023. 3. 14.>
③ 제1항 및 제2항에 따른 개선권고 사실 등의 공표 및 공표명령의 방법, 기준 및 절차 등은 대통령령으로 정한다.
<개정 2023. 3. 14.>",44,44,472,true,true,false,false,false,false,false,2025-10-02,active,https://www.law.go.kr/법령/개인정보보호법,/Users/munchaerin/Desktop/졸프 data/개인정보 보호법(법률)(제20897호)(20251002).pdf
kr-pipa-active-20251002__0133,kr-pipa-active-20251002,133,제67조,제67조(연차보고),ARTICLE,"제67조(연차보고) ① 보호위원회는 관계 기관 등으로부터 필요한 자료를 제출받아 매년 개인정보 보호시책의 수립 및
시행에 관한 보고서를 작성하여 정기국회 개회 전까지 국회에 제출(정보통신망에 의한 제출을 포함한다)하여야 한다
.
② 제1항에 따른 보고서에는 다음 각 호의 내용이 포함되어야 한다.<개정 2016. 3. 29., 2023. 3. 14.>
1. 정보주체의 권리침해 및 그 구제현황
2. 개인정보 처리에 관한 실태조사 및 개인정보 보호수준 평가 등의 결과

개인정보 보호법
3. 개인정보 보호시책의 추진현황 및 실적
4. 개인정보 관련 해외의 입법 및 정책 동향
5. 주민등록번호 처리와 관련된 법률ㆍ대통령령ㆍ국회규칙ㆍ대법원규칙ㆍ헌법재판소규칙ㆍ중앙선거관리위원회규
칙 및 감사원규칙의 제정ㆍ개정 현황
6. 그 밖에 개인정보 보호시책에 관하여 공개 또는 보고하여야 할 사항",44,45,436,true,true,false,false,true,false,false,2025-10-02,active,https://www.law.go.kr/법령/개인정보보호법,/Users/munchaerin/Desktop/졸프 data/개인정보 보호법(법률)(제20897호)(20251002).pdf
kr-pipa-active-20251002__0134,kr-pipa-active-20251002,134,제68조,제68조(권한의 위임ㆍ위탁),ARTICLE,"제68조(권한의 위임ㆍ위탁) ① 이 법에 따른 보호위원회 또는 관계 중앙행정기관의 장의 권한은 그 일부를 대통령령으
로 정하는 바에 따라 특별시장, 광역시장, 도지사, 특별자치도지사 또는 대통령령으로 정하는 전문기관에 위임하거나
위탁할 수 있다. <개정 2013. 3. 23., 2014. 11. 19., 2017. 7. 26., 2020. 2. 4.>
② 제1항에 따라 보호위원회 또는 관계 중앙행정기관의 장의 권한을 위임 또는 위탁받은 기관은 위임 또는 위탁받
은 업무의 처리 결과를 보호위원회 또는 관계 중앙행정기관의 장에게 통보하여야 한다.<개정 2013. 3. 23., 2014.
11. 19., 2017. 7. 26., 2020. 2. 4.>
③ 보호위원회는 제1항에 따른 전문기관에 권한의 일부를 위임하거나 위탁하는 경우 해당 전문기관의 업무 수행을
위하여 필요한 경비를 출연할 수 있다.<개정 2013. 3. 23., 2014. 11. 19., 2017. 7. 26., 2020. 2. 4.>",45,45,507,true,true,false,false,false,false,false,2025-10-02,active,https://www.law.go.kr/법령/개인정보보호법,/Users/munchaerin/Desktop/졸프 data/개인정보 보호법(법률)(제20897호)(20251002).pdf
kr-pipa-active-20251002__0135,kr-pipa-active-20251002,135,제69조,제69조(벌칙 적용 시의 공무원 의제),ARTICLE,"제69조(벌칙 적용 시의 공무원 의제) ① 보호위원회의 위원 중 공무원이 아닌 위원 및 공무원이 아닌 직원은 「형법」이
나 그 밖의 법률에 따른 벌칙을 적용할 때에는 공무원으로 본다. <신설 2020. 2. 4.>
② 보호위원회 또는 관계 중앙행정기관의 장의 권한을 위탁한 업무에 종사하는 관계 기관의 임직원은 「형법」 제
129조부터 제132조까지의 규정을 적용할 때에는 공무원으로 본다.<신설 2020. 2. 4.>
제10장 벌칙 <개정 2020. 2. 4.>",45,45,259,true,true,false,false,false,false,false,2025-10-02,active,https://www.law.go.kr/법령/개인정보보호법,/Users/munchaerin/Desktop/졸프 data/개인정보 보호법(법률)(제20897호)(20251002).pdf
kr-pipa-active-20251002__0136,kr-pipa-active-20251002,136,제70조,제70조(벌칙),ARTICLE,"제70조(벌칙) 다음 각 호의 어느 하나에 해당하는 자는 10년 이하의 징역 또는 1억원 이하의 벌금에 처한다. <개정
2015. 7. 24.>
1. 공공기관의 개인정보 처리업무를 방해할 목적으로 공공기관에서 처리하고 있는 개인정보를 변경하거나 말소하
여 공공기관의 업무 수행의 중단ㆍ마비 등 심각한 지장을 초래한 자
2. 거짓이나 그 밖의 부정한 수단이나 방법으로 다른 사람이 처리하고 있는 개인정보를 취득한 후 이를 영리 또는
부정한 목적으로 제3자에게 제공한 자와 이를 교사ㆍ알선한 자",45,45,274,true,true,false,false,true,false,false,2025-10-02,active,https://www.law.go.kr/법령/개인정보보호법,/Users/munchaerin/Desktop/졸프 data/개인정보 보호법(법률)(제20897호)(20251002).pdf
kr-pipa-active-20251002__0137,kr-pipa-active-20251002,137,제71조,제71조(벌칙),ARTICLE,"제71조(벌칙) 다음 각 호의 어느 하나에 해당하는 자는 5년 이하의 징역 또는 5천만원 이하의 벌금에 처한다. <개정
2016. 3. 29., 2020. 2. 4., 2023. 3. 14.>
1. 제17조제1항제2호에 해당하지 아니함에도 같은 항 제1호(제26조제8항에 따라 준용되는 경우를 포함한다)를 위
반하여 정보주체의 동의를 받지 아니하고 개인정보를 제3자에게 제공한 자 및 그 사정을 알면서도 개인정보를 제
공받은 자
2. 제18조제1항ㆍ제2항, 제27조제3항 또는",45,45,266,true,true,false,false,true,false,false,2025-10-02,active,https://www.law.go.kr/법령/개인정보보호법,/Users/munchaerin/Desktop/졸프 data/개인정보 보호법(법률)(제20897호)(20251002).pdf
kr-pipa-active-20251002__0138,kr-pipa-active-20251002,138,제28조의2,제28조의2(제26조제8항에 따라 준용되는 경우를 포함한다),ARTICLE,"제28조의2(제26조제8항에 따라 준용되는 경우를 포함한다), 제19조 또
는 제26조제5항을 위반하여 개인정보를 이용하거나 제3자에게 제공한 자 및 그 사정을 알면서도 영리 또는 부정
한 목적으로 개인정보를 제공받은 자
3. 제22조의2제1항(제26조제8항에 따라 준용되는 경우를 포함한다)을 위반하여 법정대리인의 동의를 받지 아니하
고 만 14세 미만인 아동의 개인정보를 처리한 자
4. 제23조제1항(제26조제8항에 따라 준용되는 경우를 포함한다)을 위반하여 민감정보를 처리한 자
5. 제24조제1항(제26조제8항에 따라 준용되는 경우를 포함한다)을 위반하여 고유식별정보를 처리한 자
6. 제28조의3제1항(제26조제8항에 따라 준용되는 경우를 포함한다)을 위반하여 보호위원회 또는 관계 중앙행정기
관의 장으로부터 전문기관으로 지정받지 아니하고 가명정보를 결합한 자
7. 제28조의3제2항(제26조제8항에 따라 준용되는 경우를 포함한다)을 위반하여 전문기관의 장의 승인을 받지 아니
하고 결합을 수행한 기관 외부로 결합된 정보를 반출하거나 이를 제3자에게 제공한 자 및 그 사정을 알면서도 영

개인정보 보호법
리 또는 부정한 목적으로 결합된 정보를 제공받은 자
8. 제28조의5제1항(제26조제8항에 따라 준용되는 경우를 포함한다)을 위반하여 특정 개인을 알아보기 위한 목적으
로 가명정보를 처리한 자
9. 제59조제2호를 위반하여 업무상 알게 된 개인정보를 누설하거나 권한 없이 다른 사람이 이용하도록 제공한 자
및 그 사정을 알면서도 영리 또는 부정한 목적으로 개인정보를 제공받은 자
10. 제59조제3호를 위반하여 다른 사람의 개인정보를 이용, 훼손, 멸실, 변경, 위조 또는 유출한 자",45,46,839,true,true,false,false,true,false,false,2025-10-02,active,https://www.law.go.kr/법령/개인정보보호법,/Users/munchaerin/Desktop/졸프 data/개인정보 보호법(법률)(제20897호)(20251002).pdf
kr-pipa-active-20251002__0139,kr-pipa-active-20251002,139,제72조,제72조(벌칙),ARTICLE,"제72조(벌칙) 다음 각 호의 어느 하나에 해당하는 자는 3년 이하의 징역 또는 3천만원 이하의 벌금에 처한다. <개정
2023. 3. 14.>
1. 제25조제5항(제26조제8항에 따라 준용되는 경우를 포함한다)을 위반하여 고정형 영상정보처리기기의 설치 목적
과 다른 목적으로 고정형 영상정보처리기기를 임의로 조작하거나 다른 곳을 비추는 자 또는 녹음기능을 사용한
자
2. 제59조제1호를 위반하여 거짓이나 그 밖의 부정한 수단이나 방법으로 개인정보를 취득하거나 개인정보 처리에
관한 동의를 받는 행위를 한 자 및 그 사정을 알면서도 영리 또는 부정한 목적으로 개인정보를 제공받은 자
3. 제60조를 위반하여 직무상 알게 된 비밀을 누설하거나 직무상 목적 외에 이용한 자",46,46,375,true,true,false,false,true,false,false,2025-10-02,active,https://www.law.go.kr/법령/개인정보보호법,/Users/munchaerin/Desktop/졸프 data/개인정보 보호법(법률)(제20897호)(20251002).pdf
kr-pipa-active-20251002__0140,kr-pipa-active-20251002,140,제73조,제73조(벌칙),ARTICLE,"제73조(벌칙) ① 다음 각 호의 어느 하나에 해당하는 자는 2년 이하의 징역 또는 2천만원 이하의 벌금에 처한다.
1. 제36조제2항(제26조제8항에 따라 준용되는 경우를 포함한다)을 위반하여 정정ㆍ삭제 등 필요한 조치를 하지 아
니하고 개인정보를 계속 이용하거나 이를 제3자에게 제공한 자
2. 제37조제2항(제26조제8항에 따라 준용되는 경우를 포함한다)을 위반하여 개인정보의 처리를 정지하지 아니하고
개인정보를 계속 이용하거나 제3자에게 제공한 자
3. 국내외에서 정당한 이유 없이 제39조의4에 따른 비밀유지명령을 위반한 자
4. 제63조제1항(제26조제8항에 따라 준용되는 경우를 포함한다)에 따른 자료제출 요구에 대하여 법 위반사항을 은
폐 또는 축소할 목적으로 자료제출을 거부하거나 거짓의 자료를 제출한 자
5. 제63조제2항(제26조제8항에 따라 준용되는 경우를 포함한다)에 따른 출입ㆍ검사 시 자료의 은닉ㆍ폐기, 접근 거
부 또는 위조ㆍ변조 등을 통하여 조사를 거부ㆍ방해 또는 기피한 자
② 제1항제3호의 죄는 비밀유지명령을 신청한 자의 고소가 없으면 공소를 제기할 수 없다.
[전문개정 2023. 3. 14.]",46,46,576,true,true,false,false,true,false,false,2025-10-02,active,https://www.law.go.kr/법령/개인정보보호법,/Users/munchaerin/Desktop/졸프 data/개인정보 보호법(법률)(제20897호)(20251002).pdf
kr-pipa-active-20251002__0141,kr-pipa-active-20251002,141,제74조,제74조(양벌규정),ARTICLE,"제74조(양벌규정) ① 법인의 대표자나 법인 또는 개인의 대리인, 사용인, 그 밖의 종업원이 그 법인 또는 개인의 업무에
관하여 제70조에 해당하는 위반행위를 하면 그 행위자를 벌하는 외에 그 법인 또는 개인을 7천만원 이하의 벌금에
처한다. 다만, 법인 또는 개인이 그 위반행위를 방지하기 위하여 해당 업무에 관하여 상당한 주의와 감독을 게을리하
지 아니한 경우에는 그러하지 아니하다.
② 법인의 대표자나 법인 또는 개인의 대리인, 사용인, 그 밖의 종업원이 그 법인 또는 개인의 업무에 관하여 제
71조부터 제73조까지의 어느 하나에 해당하는 위반행위를 하면 그 행위자를 벌하는 외에 그 법인 또는 개인에게도
해당 조문의 벌금형을 과(科)한다. 다만, 법인 또는 개인이 그 위반행위를 방지하기 위하여 해당 업무에 관하여 상당
한 주의와 감독을 게을리하지 아니한 경우에는 그러하지 아니하다.",46,46,443,true,true,false,false,false,false,false,2025-10-02,active,https://www.law.go.kr/법령/개인정보보호법,/Users/munchaerin/Desktop/졸프 data/개인정보 보호법(법률)(제20897호)(20251002).pdf
kr-pipa-active-20251002__0142,kr-pipa-active-20251002,142,제74조의2,제74조의2(몰수ㆍ추징 등),ARTICLE,"제74조의2(몰수ㆍ추징 등) 제70조부터 제73조까지의 어느 하나에 해당하는 죄를 지은 자가 해당 위반행위와 관련하여
취득한 금품이나 그 밖의 이익은 몰수할 수 있으며, 이를 몰수할 수 없을 때에는 그 가액을 추징할 수 있다. 이 경우
몰수 또는 추징은 다른 벌칙에 부가하여 과할 수 있다.
[본조신설 2015. 7. 24.]",46,46,182,true,true,false,false,false,false,false,2025-10-02,active,https://www.law.go.kr/법령/개인정보보호법,/Users/munchaerin/Desktop/졸프 data/개인정보 보호법(법률)(제20897호)(20251002).pdf
kr-pipa-active-20251002__0143,kr-pipa-active-20251002,143,제75조,제75조(과태료),ARTICLE,"제75조(과태료) ① 다음 각 호의 어느 하나에 해당하는 자에게는 5천만원 이하의 과태료를 부과한다.
1. 제25조제2항(제26조제8항에 따라 준용되는 경우를 포함한다)을 위반하여 고정형 영상정보처리기기를 설치ㆍ운
영한 자

개인정보 보호법
2. 제25조의2제2항(제26조제8항에 따라 준용되는 경우를 포함한다)을 위반하여 이동형 영상정보처리기기로 사람
또는 그 사람과 관련된 사물의 영상을 촬영한 자
② 다음 각 호의 어느 하나에 해당하는 자에게는 3천만원 이하의 과태료를 부과한다.
1. 제16조제3항ㆍ제22조제5항(제26조제8항에 따라 준용되는 경우를 포함한다)을 위반하여 재화 또는 서비스의 제
공을 거부한 자
2. 제20조제1항ㆍ제2항을 위반하여 정보주체에게 같은 조 제1항 각 호의 사실을 알리지 아니한 자
3. 제20조의2제1항을 위반하여 개인정보의 이용ㆍ제공 내역이나 이용ㆍ제공 내역을 확인할 수 있는 정보시스템에
접속하는 방법을 통지하지 아니한 자
4. 제21조제1항(제26조제8항에 따라 준용되는 경우를 포함한다)을 위반하여 개인정보의 파기 등 필요한 조치를 하
지 아니한 자
5. 제23조제2항ㆍ제24조제3항ㆍ제25조제6항(제25조의2제4항에 따라 준용되는 경우를 포함한다)ㆍ제28조의4제1항
ㆍ",46,47,624,true,true,false,false,true,false,false,2025-10-02,active,https://www.law.go.kr/법령/개인정보보호법,/Users/munchaerin/Desktop/졸프 data/개인정보 보호법(법률)(제20897호)(20251002).pdf
kr-pipa-active-20251002__0144,kr-pipa-active-20251002,144,제29조,제29조(제26조제8항에 따라 준용되는 경우를 포함한다),ARTICLE,"제29조(제26조제8항에 따라 준용되는 경우를 포함한다)를 위반하여 안전성 확보에 필요한 조치를 하지 아니한
자
6. 제23조제3항(제26조제8항에 따라 준용되는 경우를 포함한다)을 위반하여 민감정보의 공개 가능성 및 비공개를
선택하는 방법을 알리지 아니한 자
7. 제24조의2제1항(제26조제8항에 따라 준용되는 경우를 포함한다)을 위반하여 주민등록번호를 처리한 자
8. 제24조의2제2항(제26조제8항에 따라 준용되는 경우를 포함한다)을 위반하여 암호화 조치를 하지 아니한 자
9. 제24조의2제3항(제26조제8항에 따라 준용되는 경우를 포함한다)을 위반하여 정보주체가 주민등록번호를 사용하
지 아니할 수 있는 방법을 제공하지 아니한 자
10. 제25조제1항(제26조제8항에 따라 준용되는 경우를 포함한다)을 위반하여 고정형 영상정보처리기기를 설치ㆍ운
영한 자
11. 제25조의2제1항(제26조제8항에 따라 준용되는 경우를 포함한다)을 위반하여 사람 또는 그 사람과 관련된 사물
의 영상을 촬영한 자
12. 제26조제3항을 위반하여 정보주체에게 알려야 할 사항을 알리지 아니한 자
13. 제28조의5제2항(제26조제8항에 따라 준용되는 경우를 포함한다)을 위반하여 개인을 알아볼 수 있는 정보가 생
성되었음에도 이용을 중지하지 아니하거나 이를 회수ㆍ파기하지 아니한 자
14. 제28조의8제4항(제26조제8항 및 제28조의11에 따라 준용되는 경우를 포함한다)을 위반하여 보호조치를 하지
아니한 자
15. 제32조의2제6항을 위반하여 인증을 받지 아니하였음에도 거짓으로 인증의 내용을 표시하거나 홍보한 자
16. 제33조제1항을 위반하여 영향평가를 하지 아니하거나 그 결과를 보호위원회에 제출하지 아니한 자
17. 제34조제1항(제26조제8항에 따라 준용되는 경우를 포함한다)을 위반하여 정보주체에게 같은 항 각 호의 사실을
알리지 아니한 자
18. 제34조제3항(제26조제8항에 따라 준용되는 경우를 포함한다)을 위반하여 보호위원회 또는 대통령령으로 정하
는 전문기관에 신고하지 아니한 자
19. 제35조제3항(제26조제8항에 따라 준용되는 경우를 포함한다)을 위반하여 열람을 제한하거나 거절한 자
20. 제35조의3제1항에 따른 지정을 받지 아니하고 같은 항 제2호의 업무를 수행한 자
21. 제35조의3제3항을 위반한 자
22. 제36조제2항(제26조제8항에 따라 준용되는 경우를 포함한다)을 위반하여 정정ㆍ삭제 등 필요한 조치를 하지 아
니한 자
23. 제37조제3항 또는 제5항(제26조제8항에 따라 준용되는 경우를 포함한다)을 위반하여 파기 등 필요한 조치를 하
지 아니한 자
24. 제37조의2제3항(제26조제8항에 따라 준용되는 경우를 포함한다)을 위반하여 정당한 사유 없이 정보주체의 요
구에 따르지 아니한 자

개인정보 보호법
25. 제63조제1항(제26조제8항에 따라 준용되는 경우를 포함한다)에 따른 관계 물품ㆍ서류 등 자료를 제출하지 아니
하거나 거짓으로 제출한 자
26. 제63조제2항(제26조제8항에 따라 준용되는 경우를 포함한다)에 따른 출입ㆍ검사를 거부ㆍ방해 또는 기피한 자
27. 제64조제1항에 따른 시정조치 명령에 따르지 아니한 자
③ 다음 각 호의 어느 하나에 해당하는 자에게는 2천만원 이하의 과태료를 부과한다.<개정 2025. 4. 1.>
1. 제26조제6항을 위반하여 위탁자의 동의를 받지 아니하고 제3자에게 다시 위탁한 자
2. 제31조의2제1항을 위반하여 국내대리인을 지정하지 아니한 자
3. 제31조의2제2항을 위반하여 국내대리인을 지정한 자
4. 제31조의2제3항을 위반하여 국내대리인을 관리ㆍ감독하지 아니한 자
④ 다음 각 호의 어느 하나에 해당하는 자에게는 1천만원 이하의 과태료를 부과한다.<개정 2025. 4. 1.>
1. 제11조의2제2항을 위반하여 정당한 사유 없이 자료를 제출하지 아니하거나 거짓으로 제출한 자
2. 제21조제3항(제26조제8항에 따라 준용되는 경우를 포함한다)을 위반하여 개인정보를 분리하여 저장ㆍ관리하지
아니한 자
3. 제22조제1항부터 제3항까지(제26조제8항에 따라 준용되는 경우를 포함한다)를 위반하여 동의를 받은 자
4. 제26조제1항을 위반하여 업무 위탁 시 같은 항 각 호의 내용이 포함된 문서로 하지 아니한 자
5. 제26조제2항을 위반하여 위탁하는 업무의 내용과 수탁자를 공개하지 아니한 자
6. 제27조제1항ㆍ제2항(제26조제8항에 따라 준용되는 경우를 포함한다)을 위반하여 정보주체에게 개인정보의 이전
사실을 알리지 아니한 자
7. 제28조의4제3항(제26조제8항에 따라 준용되는 경우를 포함한다)을 위반하여 관련 기록을 작성하여 보관하지 아
니한 자
8. 제30조제1항 또는 제2항(제26조제8항에 따라 준용되는 경우를 포함한다)을 위반하여 개인정보 처리방침을 정하
지 아니하거나 이를 공개하지 아니한 자
9. 제31조제1항(제26조제8항에 따라 준용되는 경우를 포함한다)을 위반하여 개인정보 보호책임자를 지정하지 아니
한 자
9의2. 제31조의2제4항을 위반하여 국내대리인의 성명ㆍ주소ㆍ전화번호 및 전자우편 주소를 개인정보 처리방침에
포함하지 아니한 자
10. 제35조제3항ㆍ제4항, 제36조제2항ㆍ제4항 또는 제37조제4항(제26조제8항에 따라 준용되는 경우를 포함한다
)을 위반하여 정보주체에게 알려야 할 사항을 알리지 아니한 자
11. 제45조제1항에 따른 자료를 정당한 사유 없이 제출하지 아니하거나 거짓으로 제출한 자
12. 제45조제2항에 따른 출입ㆍ조사ㆍ열람을 정당한 사유 없이 거부ㆍ방해 또는 기피한 자
⑤ 제1항부터 제4항까지에 따른 과태료는 대통령령으로 정하는 바에 따라 보호위원회가 부과ㆍ징수한다. 이 경우
보호위원회는 위반행위의 정도ㆍ동기ㆍ결과, 개인정보처리자의 규모 등을 고려하여 과태료를 감경하거나 면제할
수 있다.
[전문개정 2023. 3. 14.]",47,48,2845,true,true,false,true,true,false,false,2025-10-02,active,https://www.law.go.kr/법령/개인정보보호법,/Users/munchaerin/Desktop/졸프 data/개인정보 보호법(법률)(제20897호)(20251002).pdf
kr-pipa-active-20251002__0145,kr-pipa-active-20251002,145,제75조,제75조(과태료),ARTICLE,"제75조(과태료) ① 다음 각 호의 어느 하나에 해당하는 자에게는 5천만원 이하의 과태료를 부과한다.
1. 제25조제2항(제26조제8항에 따라 준용되는 경우를 포함한다)을 위반하여 고정형 영상정보처리기기를 설치ㆍ운
영한 자
2. 제25조의2제2항(제26조제8항에 따라 준용되는 경우를 포함한다)을 위반하여 이동형 영상정보처리기기로 사람
또는 그 사람과 관련된 사물의 영상을 촬영한 자
② 다음 각 호의 어느 하나에 해당하는 자에게는 3천만원 이하의 과태료를 부과한다.<개정 2026. 3. 10.>
1. 제16조제3항ㆍ제22조제5항(제26조제8항에 따라 준용되는 경우를 포함한다)을 위반하여 재화 또는 서비스의 제
공을 거부한 자

개인정보 보호법
2. 제20조제1항ㆍ제2항을 위반하여 정보주체에게 같은 조 제1항 각 호의 사실을 알리지 아니한 자
3. 제20조의2제1항을 위반하여 개인정보의 이용ㆍ제공 내역이나 이용ㆍ제공 내역을 확인할 수 있는 정보시스템에
접속하는 방법을 통지하지 아니한 자
4. 제21조제1항(제26조제8항에 따라 준용되는 경우를 포함한다)을 위반하여 개인정보의 파기 등 필요한 조치를 하
지 아니한 자
5. 제23조제2항ㆍ제24조제3항ㆍ제25조제6항(제25조의2제4항에 따라 준용되는 경우를 포함한다)ㆍ제28조의4제1항
ㆍ",48,49,641,true,true,false,false,true,false,false,2025-10-02,active,https://www.law.go.kr/법령/개인정보보호법,/Users/munchaerin/Desktop/졸프 data/개인정보 보호법(법률)(제20897호)(20251002).pdf
kr-pipa-active-20251002__0146,kr-pipa-active-20251002,146,제29조,제29조(제26조제8항에 따라 준용되는 경우를 포함한다),ARTICLE,"제29조(제26조제8항에 따라 준용되는 경우를 포함한다)를 위반하여 안전성 확보에 필요한 조치를 하지 아니한
자
6. 제23조제3항(제26조제8항에 따라 준용되는 경우를 포함한다)을 위반하여 민감정보의 공개 가능성 및 비공개를
선택하는 방법을 알리지 아니한 자
7. 제24조의2제1항(제26조제8항에 따라 준용되는 경우를 포함한다)을 위반하여 주민등록번호를 처리한 자
8. 제24조의2제2항(제26조제8항에 따라 준용되는 경우를 포함한다)을 위반하여 암호화 조치를 하지 아니한 자
9. 제24조의2제3항(제26조제8항에 따라 준용되는 경우를 포함한다)을 위반하여 정보주체가 주민등록번호를 사용하
지 아니할 수 있는 방법을 제공하지 아니한 자
10. 제25조제1항(제26조제8항에 따라 준용되는 경우를 포함한다)을 위반하여 고정형 영상정보처리기기를 설치ㆍ운
영한 자
11. 제25조의2제1항(제26조제8항에 따라 준용되는 경우를 포함한다)을 위반하여 사람 또는 그 사람과 관련된 사물
의 영상을 촬영한 자
12. 제26조제3항을 위반하여 정보주체에게 알려야 할 사항을 알리지 아니한 자
13. 제28조의5제2항(제26조제8항에 따라 준용되는 경우를 포함한다)을 위반하여 개인을 알아볼 수 있는 정보가 생
성되었음에도 이용을 중지하지 아니하거나 이를 회수ㆍ파기하지 아니한 자
14. 제28조의8제4항(제26조제8항 및 제28조의11에 따라 준용되는 경우를 포함한다)을 위반하여 보호조치를 하지
아니한 자
14의2. 제31조제1항(제26조제8항에 따라 준용되는 경우를 포함한다)을 위반하여 개인정보 보호책임자를 지정하지
아니하거나 제31조제10항(제26조제8항에 따라 준용되는 경우를 포함한다)에 따른 개인정보 보호책임자의 자격
요건을 갖추지 아니한 자를 개인정보 보호책임자로 지정한 자
14의3. 제31조제3항제1호(제26조제8항에 따라 준용되는 경우를 포함한다)를 위반하여 개인정보 보호책임자를 지정
하거나 그 지정을 변경 또는 해제할 때에 이사회의 의결을 거치지 아니한 자
14의4. 제31조제3항제2호(제26조제8항에 따라 준용되는 경우를 포함한다)를 위반하여 개인정보 보호책임자의 지정
ㆍ변경 또는 해제에 관한 사항을 신고하지 아니한 자
15. 제32조의2제6항을 위반하여 인증을 받지 아니하였음에도 거짓으로 인증의 내용을 표시하거나 홍보한 자
16. 제33조제1항을 위반하여 영향평가를 하지 아니하거나 그 결과를 보호위원회에 제출하지 아니한 자
17. 제34조제1항 또는 같은 조 제2항(제26조제8항에 따라 준용되는 경우를 포함한다)을 위반하여 정보주체에게 제
34조제1항 각 호의 사항 또는 같은 조 제2항의 피해를 최소화하기 위한 정보 등의 사항을 알리지 아니한 자
18. 제34조제4항(제26조제8항에 따라 준용되는 경우를 포함한다)을 위반하여 보호위원회 또는 대통령령으로 정하
는 전문기관에 신고하지 아니한 자
19. 제35조제3항(제26조제8항에 따라 준용되는 경우를 포함한다)을 위반하여 열람을 제한하거나 거절한 자
20. 제35조의3제1항에 따른 지정을 받지 아니하고 같은 항 제2호의 업무를 수행한 자
21. 제35조의3제3항을 위반한 자
22. 제36조제2항(제26조제8항에 따라 준용되는 경우를 포함한다)을 위반하여 정정ㆍ삭제 등 필요한 조치를 하지 아
니한 자
23. 제37조제3항 또는 제5항(제26조제8항에 따라 준용되는 경우를 포함한다)을 위반하여 파기 등 필요한 조치를 하
지 아니한 자

개인정보 보호법
24. 제37조의2제3항(제26조제8항에 따라 준용되는 경우를 포함한다)을 위반하여 정당한 사유 없이 정보주체의 요
구에 따르지 아니한 자
25. 제63조제1항(제26조제8항에 따라 준용되는 경우를 포함한다)에 따른 관계 물품ㆍ서류 등 자료를 제출하지 아니
하거나 거짓으로 제출한 자
26. 제63조제2항(제26조제8항에 따라 준용되는 경우를 포함한다)에 따른 출입ㆍ검사를 거부ㆍ방해 또는 기피한 자
27. 제64조제1항에 따른 시정조치 명령에 따르지 아니한 자
③ 다음 각 호의 어느 하나에 해당하는 자에게는 2천만원 이하의 과태료를 부과한다.<개정 2025. 4. 1.>
1. 제26조제6항을 위반하여 위탁자의 동의를 받지 아니하고 제3자에게 다시 위탁한 자
2. 제31조의2제1항을 위반하여 국내대리인을 지정하지 아니한 자
3. 제31조의2제2항을 위반하여 국내대리인을 지정한 자
4. 제31조의2제3항을 위반하여 국내대리인을 관리ㆍ감독하지 아니한 자
④ 다음 각 호의 어느 하나에 해당하는 자에게는 1천만원 이하의 과태료를 부과한다.<개정 2025. 4. 1.>
1. 제11조의2제2항을 위반하여 정당한 사유 없이 자료를 제출하지 아니하거나 거짓으로 제출한 자
2. 제21조제3항(제26조제8항에 따라 준용되는 경우를 포함한다)을 위반하여 개인정보를 분리하여 저장ㆍ관리하지
아니한 자
3. 제22조제1항부터 제3항까지(제26조제8항에 따라 준용되는 경우를 포함한다)를 위반하여 동의를 받은 자
4. 제26조제1항을 위반하여 업무 위탁 시 같은 항 각 호의 내용이 포함된 문서로 하지 아니한 자
5. 제26조제2항을 위반하여 위탁하는 업무의 내용과 수탁자를 공개하지 아니한 자
6. 제27조제1항ㆍ제2항(제26조제8항에 따라 준용되는 경우를 포함한다)을 위반하여 정보주체에게 개인정보의 이전
사실을 알리지 아니한 자
7. 제28조의4제3항(제26조제8항에 따라 준용되는 경우를 포함한다)을 위반하여 관련 기록을 작성하여 보관하지 아
니한 자
8. 제30조제1항 또는 제2항(제26조제8항에 따라 준용되는 경우를 포함한다)을 위반하여 개인정보 처리방침을 정하
지 아니하거나 이를 공개하지 아니한 자
9. 삭제<2026. 3. 10.>
9의2. 제31조의2제4항을 위반하여 국내대리인의 성명ㆍ주소ㆍ전화번호 및 전자우편 주소를 개인정보 처리방침에
포함하지 아니한 자
10. 제35조제3항ㆍ제4항, 제36조제2항ㆍ제4항 또는 제37조제4항(제26조제8항에 따라 준용되는 경우를 포함한다
)을 위반하여 정보주체에게 알려야 할 사항을 알리지 아니한 자
11. 제45조제1항에 따른 자료를 정당한 사유 없이 제출하지 아니하거나 거짓으로 제출한 자
12. 제45조제2항에 따른 출입ㆍ조사ㆍ열람을 정당한 사유 없이 거부ㆍ방해 또는 기피한 자
⑤ 제1항부터 제4항까지에 따른 과태료는 대통령령으로 정하는 바에 따라 보호위원회가 부과ㆍ징수한다. 이 경우
보호위원회는 위반행위의 정도ㆍ동기ㆍ결과, 개인정보처리자의 규모 등을 고려하여 과태료를 감경하거나 면제할
수 있다.
[전문개정 2023. 3. 14.]
[시행일: 2026. 9. 11.] 제75조",49,50,3232,true,true,false,true,true,false,false,2025-10-02,active,https://www.law.go.kr/법령/개인정보보호법,/Users/munchaerin/Desktop/졸프 data/개인정보 보호법(법률)(제20897호)(20251002).pdf
kr-pipa-active-20251002__0147,kr-pipa-active-20251002,147,제76조,제76조(과태료에 관한 규정 적용의 특례),ARTICLE,"제76조(과태료에 관한 규정 적용의 특례) 제75조의 과태료에 관한 규정을 적용할 때 제64조의2에 따라 과징금을 부과
한 행위에 대하여는 과태료를 부과할 수 없다. <개정 2023. 3. 14.>
[본조신설 2013. 8. 6.]
부칙 <제20897호,2025. 4. 1.>

개인정보 보호법",50,51,164,true,true,false,false,true,false,false,2025-10-02,active,https://www.law.go.kr/법령/개인정보보호법,/Users/munchaerin/Desktop/졸프 data/개인정보 보호법(법률)(제20897호)(20251002).pdf
kr-pipa-active-20251002__0148,kr-pipa-active-20251002,148,제1조,제1조(시행일),ARTICLE,제1조(시행일) 이 법은 공포 후 6개월이 경과한 날부터 시행한다.,51,51,37,true,true,false,false,false,false,false,2025-10-02,active,https://www.law.go.kr/법령/개인정보보호법,/Users/munchaerin/Desktop/졸프 data/개인정보 보호법(법률)(제20897호)(20251002).pdf
kr-pipa-active-20251002__0149,kr-pipa-active-20251002,149,제2조,제2조(국내대리인 지정에 관한 경과조치),ARTICLE,"제2조(국내대리인 지정에 관한 경과조치) 이 법 시행 당시 종전의 규정에 따라 국내대리인을 지정한 개인정보처리자
중 제31조의2제2항 각 호의 개정규정의 어느 하나에 해당하는 법인이 있는 자는 이 법 시행 이후 6개월 이내에 그
법인 중에서 국내대리인을 지정하여야 한다.",51,51,151,true,true,false,false,true,false,false,2025-10-02,active,https://www.law.go.kr/법령/개인정보보호법,/Users/munchaerin/Desktop/졸프 data/개인정보 보호법(법률)(제20897호)(20251002).pdf
kr-pipa-decree-20260519__0001,kr-pipa-decree-20260519,1,제1조,제1조(목적),ARTICLE,제1조(목적) 이 영은 「개인정보 보호법」에서 위임된 사항과 그 시행에 필요한 사항을 규정함을 목적으로 한다.,1,1,61,true,true,false,false,true,false,false,2026-05-19,active,https://www.law.go.kr/LSW/lsInfoP.do?lsiSeq=286175,/Users/munchaerin/Desktop/졸프 data/개인정보 보호법 시행령(대통령령)(제36340호)(20260519).pdf
kr-pipa-decree-20260519__0002,kr-pipa-decree-20260519,2,제2조,제2조(공공기관의 범위),ARTICLE,"제2조(공공기관의 범위) 「개인정보 보호법」(이하 “법”이라 한다) 제2조제6호나목에서 “대통령령으로 정하는 기관”이란
다음 각 호의 기관을 말한다. <개정 2020. 7. 14., 2025. 9. 23.>
1. 「국가인권위원회법」 제3조에 따른 국가인권위원회
1의2. 「고위공직자범죄수사처 설치 및 운영에 관한 법률」 제3조제1항에 따른 고위공직자범죄수사처
2. 「공공기관의 운영에 관한 법률」 제4조에 따른 공공기관
3. 「지방공기업법」에 따른 지방공사와 지방공단
3의2. 「지방자치단체 출자ㆍ출연 기관의 운영에 관한 법률」 제5조에 따라 지정ㆍ고시된 출자기관 또는 출연기관
4. 특별법에 따라 설립된 특수법인
5. 「초ㆍ중등교육법」, 「고등교육법」, 그 밖의 다른 법률에 따라 설치된 각급 학교",1,1,391,true,true,false,false,true,false,false,2026-05-19,active,https://www.law.go.kr/LSW/lsInfoP.do?lsiSeq=286175,/Users/munchaerin/Desktop/졸프 data/개인정보 보호법 시행령(대통령령)(제36340호)(20260519).pdf
kr-pipa-decree-20260519__0003,kr-pipa-decree-20260519,3,제3조,제3조(영상정보처리기기의 범위),ARTICLE,"제3조(영상정보처리기기의 범위) ① 법 제2조제7호에서 “대통령령으로 정하는 장치”란 다음 각 호의 장치를 말한다.
<개정 2023. 9. 12.>
1. 폐쇄회로 텔레비전: 다음 각 목의 어느 하나에 해당하는 장치
가. 일정한 공간에 설치된 카메라를 통하여 지속적 또는 주기적으로 영상 등을 촬영하거나 촬영한 영상정보를 유
무선 폐쇄회로 등의 전송로를 통하여 특정 장소에 전송하는 장치
나. 가목에 따라 촬영되거나 전송된 영상정보를 녹화ㆍ기록할 수 있도록 하는 장치
2. 네트워크 카메라: 일정한 공간에 설치된 기기를 통하여 지속적 또는 주기적으로 촬영한 영상정보를 그 기기를 설
치ㆍ관리하는 자가 유무선 인터넷을 통하여 어느 곳에서나 수집ㆍ저장 등의 처리를 할 수 있도록 하는 장치
② 법 제2조제7호의2에서 “대통령령으로 정하는 장치”란 다음 각 호의 장치를 말한다.<신설 2023. 9. 12.>
1. 착용형 장치: 안경 또는 시계 등 사람의 신체 또는 의복에 착용하여 영상 등을 촬영하거나 촬영한 영상정보를 수
집ㆍ저장 또는 전송하는 장치
2. 휴대형 장치: 이동통신단말장치 또는 디지털 카메라 등 사람이 휴대하면서 영상 등을 촬영하거나 촬영한 영상정
보를 수집ㆍ저장 또는 전송하는 장치
3. 부착ㆍ거치형 장치: 차량이나 드론 등 이동 가능한 물체에 부착 또는 거치(据置)하여 영상 등을 촬영하거나 촬영
한 영상정보를 수집ㆍ저장 또는 전송하는 장치
제2장 개인정보 보호위원회
제4조 삭제 <2020. 8. 4.>

개인정보 보호법 시행령",1,2,752,true,true,false,false,true,false,false,2026-05-19,active,https://www.law.go.kr/LSW/lsInfoP.do?lsiSeq=286175,/Users/munchaerin/Desktop/졸프 data/개인정보 보호법 시행령(대통령령)(제36340호)(20260519).pdf
kr-pipa-decree-20260519__0004,kr-pipa-decree-20260519,4,제4조의2,제4조의2(영리업무의 금지),ARTICLE,"제4조의2(영리업무의 금지) 법 제7조제1항에 따른 개인정보 보호위원회(이하 “보호위원회”라 한다)의 위원은 법 제7조
의6제1항에 따라 영리를 목적으로 다음 각 호의 어느 하나에 해당하는 업무에 종사해서는 안 된다.
1. 법 제7조의9제1항에 따라 보호위원회가 심의ㆍ의결하는 사항과 관련된 업무
2. 법 제40조제1항에 따른 개인정보 분쟁조정위원회(이하 “분쟁조정위원회”라 한다)가 조정하는 사항과 관련된 업
무
[본조신설 2020. 8. 4.]",2,2,250,true,true,false,false,true,false,false,2026-05-19,active,https://www.law.go.kr/LSW/lsInfoP.do?lsiSeq=286175,/Users/munchaerin/Desktop/졸프 data/개인정보 보호법 시행령(대통령령)(제36340호)(20260519).pdf
kr-pipa-decree-20260519__0005,kr-pipa-decree-20260519,5,제5조,제5조(전문위원회),ARTICLE,"제5조(전문위원회) ① 보호위원회는 법 제7조의9제1항에 따른 심의ㆍ의결 사항에 대하여 사전에 전문적으로 검토하기
위하여 보호위원회에 다음 각 호의 분야별 전문위원회(이하 “전문위원회”라 한다)를 둔다. <개정 2020. 8. 4., 2023.
9. 12.>
1. 개인정보의 국외 이전 분야
2. 그 밖에 보호위원회가 필요하다고 인정하는 분야
② 제1항에 따라 전문위원회를 두는 경우 각 전문위원회는 위원장 1명을 포함한 20명 이내의 위원으로 성별을 고려
하여 구성하되, 전문위원회 위원은 다음 각 호의 사람 중에서 보호위원회 위원장이 임명하거나 위촉하고, 전문위원
회 위원장은 보호위원회 위원장이 전문위원회 위원 중에서 지명한다.<개정 2016. 7. 22., 2020. 8. 4., 2023. 9. 12.>
1. 보호위원회 위원
2. 개인정보 보호 관련 업무를 담당하는 중앙행정기관의 관계 공무원
3. 개인정보 보호에 관한 전문지식과 경험이 풍부한 사람
4. 개인정보 보호와 관련된 단체 또는 사업자단체에 속하거나 그 단체의 추천을 받은 사람
③ 제1항 및 제2항에서 규정한 사항 외에 전문위원회의 구성 및 운영 등에 필요한 사항은 보호위원회의 의결을 거
쳐 보호위원회 위원장이 정한다.<신설 2023. 9. 12.>",2,2,628,true,true,false,true,true,false,false,2026-05-19,active,https://www.law.go.kr/LSW/lsInfoP.do?lsiSeq=286175,/Users/munchaerin/Desktop/졸프 data/개인정보 보호법 시행령(대통령령)(제36340호)(20260519).pdf
kr-pipa-decree-20260519__0006,kr-pipa-decree-20260519,6,제5조의2,제5조의2(개인정보 보호 정책협의회),ARTICLE,"제5조의2(개인정보 보호 정책협의회) ① 개인정보 보호 정책의 일관성 있는 추진과 개인정보 보호 관련 사안에 대한 관
계 중앙행정기관 간 협의를 위하여 보호위원회에 개인정보 보호 정책협의회(이하 “정책협의회”라 한다)를 둘 수 있
다.
② 정책협의회는 다음 각 호의 사항을 협의한다.
1. 법 제9조에 따른 개인정보 보호 기본계획 및 법 제10조에 따른 시행계획 등 개인정보 보호와 관련된 주요 정책
2. 개인정보 보호와 관련된 주요 법령의 제ㆍ개정
3. 개인정보 보호와 관련된 주요 정책의 협력 및 의견조정
4. 개인정보 침해사고 예방 및 대응
5. 개인정보 보호 기술개발 및 전문인력의 양성
6. 그 밖에 개인정보 보호와 관련하여 관계 중앙행정기관 간 협의가 필요한 사항
③ 정책협의회는 관계 중앙행정기관의 고위공무원단에 속하는 공무원 또는 그에 상당하는 공무원으로서 개인정보
보호와 관련된 업무를 담당하는 사람 중 소속 기관의 장이 지명하는 사람으로 구성하되, 정책협의회의 의장(이하 이
조에서 “의장”이라 한다)은 보호위원회의 부위원장으로 한다.
④ 정책협의회는 업무를 수행하기 위하여 필요한 경우에는 실무협의회 또는 분야별 협의회를 둘 수 있다.
⑤ 실무협의회 및 분야별 협의회의 의장은 보호위원회 소속 공무원 중에서 의장이 임명한다.
⑥ 정책협의회, 실무협의회 및 분야별 협의회는 업무를 수행하기 위하여 필요한 경우에는 관계 기관ㆍ단체 및 전문
가 등에게 출석, 자료 또는 의견의 제출 등 필요한 협조를 요청할 수 있다.
⑦ 제1항부터 제6항까지에서 규정한 사항 외에 정책협의회의 운영 등에 필요한 사항은 정책협의회의 의결을 거쳐
의장이 정한다.
[본조신설 2020. 8. 4.]",2,2,834,true,true,false,false,true,false,false,2026-05-19,active,https://www.law.go.kr/LSW/lsInfoP.do?lsiSeq=286175,/Users/munchaerin/Desktop/졸프 data/개인정보 보호법 시행령(대통령령)(제36340호)(20260519).pdf
kr-pipa-decree-20260519__0007,kr-pipa-decree-20260519,7,제5조의3,제5조의3(시ㆍ도 개인정보 보호 관계 기관 협의회),ARTICLE,"제5조의3(시ㆍ도 개인정보 보호 관계 기관 협의회) ① 개인정보 보호 정책의 효율적인 추진과 자율적인 개인정보 보호
강화를 위하여 특별시, 광역시, 특별자치시, 도, 특별자치도(이하 “시ㆍ도”라 한다)에 시ㆍ도 개인정보 보호 관계 기관

개인정보 보호법 시행령
협의회(이하 “시ㆍ도협의회”라 한다)를 둘 수 있다.
② 시ㆍ도협의회는 다음 각 호의 사항을 협의한다.
1. 시ㆍ도 개인정보 보호 정책
2. 관계 기관ㆍ단체 등의 의견 수렴 및 전달
3. 개인정보 보호 우수사례 공유
4. 그 밖에 개인정보 보호와 관련하여 시ㆍ도협의회의 협의가 필요한 사항
③ 제1항 및 제2항에서 규정한 사항 외에 시ㆍ도협의회의 구성 및 운영 등에 필요한 사항은 시ㆍ도의 조례로 정한
다.
[본조신설 2020. 8. 4.]",2,3,392,true,true,false,false,true,false,false,2026-05-19,active,https://www.law.go.kr/LSW/lsInfoP.do?lsiSeq=286175,/Users/munchaerin/Desktop/졸프 data/개인정보 보호법 시행령(대통령령)(제36340호)(20260519).pdf
kr-pipa-decree-20260519__0008,kr-pipa-decree-20260519,8,제6조,제6조(의사의 공개),ARTICLE,"제6조(의사의 공개) 보호위원회의 의사(議事)는 공개한다. 다만, 보호위원회 위원장이 필요하다고 인정하는 경우에는 공
개하지 아니할 수 있다.",3,3,79,true,true,false,false,false,false,false,2026-05-19,active,https://www.law.go.kr/LSW/lsInfoP.do?lsiSeq=286175,/Users/munchaerin/Desktop/졸프 data/개인정보 보호법 시행령(대통령령)(제36340호)(20260519).pdf
kr-pipa-decree-20260519__0009,kr-pipa-decree-20260519,9,제7조,제7조(공무원 등의 파견),ARTICLE,"제7조(공무원 등의 파견) 보호위원회는 그 업무 수행을 위하여 필요하다고 인정하는 경우에는 공공기관에 그 소속 공무
원 또는 임직원의 파견을 요청할 수 있다.
제8조 삭제 <2020. 8. 4.>",3,3,109,true,true,false,false,false,false,false,2026-05-19,active,https://www.law.go.kr/LSW/lsInfoP.do?lsiSeq=286175,/Users/munchaerin/Desktop/졸프 data/개인정보 보호법 시행령(대통령령)(제36340호)(20260519).pdf
kr-pipa-decree-20260519__0010,kr-pipa-decree-20260519,10,제9조,제9조(출석수당 등),ARTICLE,"제9조(출석수당 등) 보호위원회, 전문위원회 또는 정책협의회에 출석한 위원, 법 제7조의9제2항에 따라 보호위원회에
출석한 사람, 전문위원회에 출석한 사람 또는 정책협의회에 출석한 사람에게는 예산의 범위에서 수당ㆍ여비, 그 밖
에 필요한 경비를 지급할 수 있다. 다만, 공무원이 그 소관 업무와 직접 관련되어 출석하는 경우에는 그렇지 않다.
<개정 2020. 8. 4.>",3,3,207,true,true,false,false,false,false,false,2026-05-19,active,https://www.law.go.kr/LSW/lsInfoP.do?lsiSeq=286175,/Users/munchaerin/Desktop/졸프 data/개인정보 보호법 시행령(대통령령)(제36340호)(20260519).pdf
kr-pipa-decree-20260519__0011,kr-pipa-decree-20260519,11,제9조의2,제9조의2(정책ㆍ제도ㆍ법령 개선 권고의 절차 등),ARTICLE,"제9조의2(정책ㆍ제도ㆍ법령 개선 권고의 절차 등) ① 보호위원회는 법 제7조의9제4항에 따라 관계 기관에 정책ㆍ제도
및 법령의 개선을 권고하는 경우에는 그 내용과 사유 등을 함께 통보해야 한다. <개정 2020. 8. 4.>
② 보호위원회는 법 제7조의9제5항에 따른 권고내용의 이행여부를 점검하기 위하여 관계 기관에 권고사항의 이행
결과에 대한 자료 제출을 요청할 수 있다.<개정 2020. 8. 4.>
[본조신설 2016. 7. 22.]",3,3,246,true,true,false,false,false,false,false,2026-05-19,active,https://www.law.go.kr/LSW/lsInfoP.do?lsiSeq=286175,/Users/munchaerin/Desktop/졸프 data/개인정보 보호법 시행령(대통령령)(제36340호)(20260519).pdf
kr-pipa-decree-20260519__0012,kr-pipa-decree-20260519,12,제9조의3,제9조의3(개인정보 침해요인 평가 절차 등),ARTICLE,"제9조의3(개인정보 침해요인 평가 절차 등) ① 중앙행정기관의 장은 법 제8조의2제1항에 따라 개인정보 침해요인 평가
(이하 “침해요인 평가”라 한다)를 요청하는 경우 다음 각 호의 사항을 포함하는 개인정보 침해요인 평가 요청서(전자
문서를 포함한다)를 보호위원회에 제출하여야 한다.
1. 법령(법령안을 포함한다)을 통하여 도입되거나 변경되는 개인정보 처리를 수반하는 정책ㆍ제도의 목적과 주요
내용
2. 개인정보 처리를 수반하는 정책ㆍ제도의 도입ㆍ변경에 따른 제2항 각 호의 사항에 대한 개인정보 침해요인 자체
분석
3. 개인정보 처리를 수반하는 정책ㆍ제도의 도입ㆍ변경에 따른 개인정보 보호 대책
② 보호위원회는 제1항에 따른 요청서를 받은 경우에는 다음 각 호의 사항을 고려하여 침해요인 평가를 하고, 그 결
과를 해당 중앙행정기관의 장에게 통보하여야 한다.
1. 개인정보 처리의 필요성
2. 개인정보 주체의 권리보장의 적정성
3. 개인정보 관리의 안전성
4. 그 밖에 침해요인 평가에 필요한 사항
③ 중앙행정기관의 장은 법 제8조의2제2항에 따른 권고를 받은 경우에는 그 내용을 해당 법령안에 반영하는 등 권
고내용을 이행하도록 노력하여야 한다. 다만, 보호위원회의 권고대로 이행하기 곤란한 경우에는 그 사유를 보호위
원회에 통보하여야 한다.

개인정보 보호법 시행령
④ 보호위원회는 침해요인 평가를 하는 경우에는 침해요인 평가에 필요한 자료 등을 해당 중앙행정기관의 장에게
요청할 수 있다.
⑤ 보호위원회는 침해요인 평가의 세부기준 및 방법 등 침해요인 평가에 필요한 지침을 수립하여 중앙행정기관의
장에게 통보할 수 있다.
⑥ 보호위원회는 침해요인 평가를 실시하기 위하여 필요하면 관계 전문가에게 자문 등을 할 수 있다.
[본조신설 2016. 7. 22.]
제10조 삭제 <2020. 8. 4.>
제3장 기본계획 및 시행계획의 수립절차",3,4,918,true,true,false,false,true,false,false,2026-05-19,active,https://www.law.go.kr/LSW/lsInfoP.do?lsiSeq=286175,/Users/munchaerin/Desktop/졸프 data/개인정보 보호법 시행령(대통령령)(제36340호)(20260519).pdf
kr-pipa-decree-20260519__0013,kr-pipa-decree-20260519,13,제11조,제11조(기본계획의 수립절차 등),ARTICLE,"제11조(기본계획의 수립절차 등) ① 보호위원회는 3년마다 법 제9조에 따른 개인정보 보호 기본계획(이하 “기본계획”이
라 한다)을 그 3년이 시작되는 해의 전년도 6월 30일까지 수립해야 한다. <개정 2013. 3. 23., 2014. 11. 19., 2016. 7.
22., 2020. 8. 4.>
② 보호위원회는 제1항에 따라 기본계획을 작성하는 경우에는 관계 중앙행정기관의 장으로부터 개인정보 보호 관
련 중장기 계획과 시책 등을 반영한 부문별 계획을 제출받아 기본계획에 반영할 수 있다. 이 경우 보호위원회는 기
본계획의 목표, 추진방향 및 부문별 계획의 작성 지침 등에 관하여 관계 중앙행정기관의 장과 협의하여야 한다.<개
정 2013. 3. 23., 2014. 11. 19., 2016. 7. 22.>
③ 보호위원회는 기본계획이 확정되면 지체 없이 관계 중앙행정기관의 장에게 통보하여야 한다.<개정 2013. 3. 23.,
2014. 11. 19., 2016. 7. 22.>",4,4,497,true,true,false,false,true,false,false,2026-05-19,active,https://www.law.go.kr/LSW/lsInfoP.do?lsiSeq=286175,/Users/munchaerin/Desktop/졸프 data/개인정보 보호법 시행령(대통령령)(제36340호)(20260519).pdf
kr-pipa-decree-20260519__0014,kr-pipa-decree-20260519,14,제12조,제12조(시행계획의 수립절차 등),ARTICLE,"제12조(시행계획의 수립절차 등) ① 보호위원회는 매년 6월 30일까지 다음 해 시행계획의 작성방법 등에 관한 지침을
마련하여 관계 중앙행정기관의 장에게 통보해야 한다. <개정 2013. 3. 23., 2014. 11. 19., 2016. 7. 22., 2020. 8. 4.>
② 관계 중앙행정기관의 장은 제1항의 지침에 따라 기본계획 중 다음 해에 시행할 소관 분야의 시행계획을 작성하
여 매년 9월 30일까지 보호위원회에 제출해야 한다.<개정 2020. 8. 4.>
③ 보호위원회는 제2항에 따라 제출된 시행계획을 그 해 12월 31일까지 심의ㆍ의결해야 한다.<개정 2020. 8. 4.>",4,4,331,true,true,false,false,false,false,false,2026-05-19,active,https://www.law.go.kr/LSW/lsInfoP.do?lsiSeq=286175,/Users/munchaerin/Desktop/졸프 data/개인정보 보호법 시행령(대통령령)(제36340호)(20260519).pdf
kr-pipa-decree-20260519__0015,kr-pipa-decree-20260519,15,제13조,제13조(자료제출 요구 등의 범위와 방법),ARTICLE,"제13조(자료제출 요구 등의 범위와 방법) ① 보호위원회는 법 제11조제1항에 따라 개인정보처리자에게 다음 각 호의
사항에 관한 자료의 제출이나 의견의 진술 등을 요구할 수 있다. <개정 2013. 3. 23., 2014. 11. 19., 2016. 7. 22.,
2023. 9. 12.>
1. 해당 개인정보처리자가 처리하는 개인정보 및 개인정보파일의 관리와 고정형 영상정보처리기기 또는 이동형 영
상정보처리기기의 설치ㆍ운영에 관한 사항
2. 법 제31조에 따른 개인정보 보호책임자의 지정 여부에 관한 사항
3. 개인정보의 안전성 확보를 위한 기술적ㆍ관리적ㆍ물리적 조치에 관한 사항
4. 정보주체의 열람, 개인정보의 정정ㆍ삭제ㆍ처리정지의 요구 및 조치 현황에 관한 사항
5. 그 밖에 법 및 이 영의 준수에 관한 사항 등 기본계획의 수립ㆍ추진을 위하여 필요한 사항
② 보호위원회는 제1항에 따라 자료의 제출이나 의견의 진술 등을 요구할 때에는 기본계획을 효율적으로 수립ㆍ추
진하기 위하여 필요한 최소한의 범위로 한정하여 요구하여야 한다.<개정 2013. 3. 23., 2014. 11. 19., 2016. 7. 22.>
③ 법 제11조제3항에 따라 중앙행정기관의 장이 소관 분야의 개인정보처리자에게 자료의 제출 등을 요구하는 경우
에는 제1항과 제2항을 준용한다. 이 경우 “보호위원회”는 “중앙행정기관의 장”으로, “법 제11조제1항”은 “법 제11조
제3항”으로 본다.<개정 2013. 3. 23., 2014. 11. 19., 2016. 7. 22.>",4,4,758,true,true,false,false,true,false,false,2026-05-19,active,https://www.law.go.kr/LSW/lsInfoP.do?lsiSeq=286175,/Users/munchaerin/Desktop/졸프 data/개인정보 보호법 시행령(대통령령)(제36340호)(20260519).pdf
kr-pipa-decree-20260519__0016,kr-pipa-decree-20260519,16,제13조의2,제13조의2(개인정보 보호수준 평가의 대상ㆍ기준ㆍ방법ㆍ절차 등),ARTICLE,"제13조의2(개인정보 보호수준 평가의 대상ㆍ기준ㆍ방법ㆍ절차 등) ① 법 제11조의2제1항에서 “대통령령으로 정하는
기관”이란 다음 각 호의 기관을 말한다. <개정 2025. 9. 23.>
1. 「공공기관의 운영에 관한 법률」 제4조에 따른 공공기관

개인정보 보호법 시행령
2. 「지방공기업법」에 따른 지방공사와 지방공단
3. 그 밖에 제2조제3호의2, 제4호 및 제5호에 따른 공공기관 중 공공기관의 개인정보 처리 업무의 특성 등을 고려하
여 보호위원회가 고시하는 기준에 해당하는 기관
② 법 제11조의2제1항에 따른 개인정보 보호수준 평가(이하 “개인정보 보호수준 평가”라 한다)의 기준은 다음 각 호
와 같다.
1. 개인정보 보호 정책ㆍ업무 수행실적 및 개선 정도
2. 개인정보 관리체계의 적정성
3. 정보주체의 권리보장을 위한 조치사항 및 이행 정도
4. 개인정보 침해방지 조치사항 및 안전성 확보 조치 이행 정도
5. 그 밖에 개인정보의 처리 및 안전한 관리를 위해 필요한 조치 사항의 준수 여부
③ 보호위원회는 개인정보 보호수준 평가를 시행하기 전에 평가대상, 평가기준ㆍ방법 및 평가지표 등을 포함한 평
가계획을 마련하여 개인정보 보호수준 평가 대상 기관(이하 “평가대상기관”이라 한다)의 장에게 통보해야 한다.
④ 보호위원회는 개인정보 보호수준 평가를 효율적으로 실시하기 위해 개인정보 보호에 관한 전문적인 지식과 경
험이 풍부한 전문가를 포함하여 평가단을 구성ㆍ운영할 수 있다.
⑤ 보호위원회는 법 제11조의2제2항에 따라 다음 각 호의 자료를 제출하게 할 수 있다.
1. 평가대상기관이 개인정보 보호수준을 자체적으로 점검한 경우 그 결과 및 증명자료
2. 제1호의 증명자료의 검증에 필요한 자료
3. 그 밖에 개인정보의 안전한 관리 여부 등 개인정보 보호수준을 평가하기 위해 필요한 자료
⑥ 보호위원회는 제5항에 따라 평가대상기관의 장이 제출한 자료를 기준으로 평가를 진행하거나 평가대상기관을
방문하여 평가할 수 있다.
⑦ 보호위원회는 중앙행정기관의 장 또는 지방자치단체의 장에게 소속 기관 등 소관 분야 평가대상기관의 평가준
비 또는 평가결과에 따른 개인정보 보호 조치를 위해 필요한 사항을 지원하도록 요청할 수 있다. 이 경우 요청을 받
은 중앙행정기관의 장 또는 지방자치단체의 장은 요청에 따른 지원을 하기 위해 노력해야 한다.
⑧ 제1항부터 제7항까지의 규정에 따른 개인정보 보호수준 평가에 관한 세부 사항은 보호위원회가 정하여 고시한
다.
[본조신설 2024. 3. 12.]",4,5,1231,true,true,false,false,true,false,false,2026-05-19,active,https://www.law.go.kr/LSW/lsInfoP.do?lsiSeq=286175,/Users/munchaerin/Desktop/졸프 data/개인정보 보호법 시행령(대통령령)(제36340호)(20260519).pdf
kr-pipa-decree-20260519__0017,kr-pipa-decree-20260519,17,제14조,제14조(자율규제의 촉진 및 지원),ARTICLE,"제14조(자율규제의 촉진 및 지원) 보호위원회는 법 제13조제2호에 따라 개인정보처리자의 자율적인 개인정보 보호활
동을 촉진하기 위하여 예산의 범위에서 개인정보 보호와 관련된 기관 또는 단체에 필요한 지원을 할 수 있다. <개정
2013. 3. 23., 2014. 11. 19., 2017. 7. 26., 2020. 8. 4.>
제4장 개인정보의 처리",5,5,196,true,true,false,false,true,false,false,2026-05-19,active,https://www.law.go.kr/LSW/lsInfoP.do?lsiSeq=286175,/Users/munchaerin/Desktop/졸프 data/개인정보 보호법 시행령(대통령령)(제36340호)(20260519).pdf
kr-pipa-decree-20260519__0018,kr-pipa-decree-20260519,18,제14조의2,제14조의2(개인정보의 추가적인 이용ㆍ제공의 기준 등),ARTICLE,"제14조의2(개인정보의 추가적인 이용ㆍ제공의 기준 등) ① 개인정보처리자는 법 제15조제3항 또는 제17조제4항에 따
라 정보주체의 동의 없이 개인정보를 이용 또는 제공(이하 “개인정보의 추가적인 이용 또는 제공”이라 한다)하려는
경우에는 다음 각 호의 사항을 고려해야 한다.
1. 당초 수집 목적과 관련성이 있는지 여부
2. 개인정보를 수집한 정황 또는 처리 관행에 비추어 볼 때 개인정보의 추가적인 이용 또는 제공에 대한 예측 가능
성이 있는지 여부
3. 정보주체의 이익을 부당하게 침해하는지 여부
4. 가명처리 또는 암호화 등 안전성 확보에 필요한 조치를 하였는지 여부
② 개인정보처리자는 개인정보의 추가적인 이용 또는 제공이 지속적으로 발생하는 경우에는 제1항 각 호의 고려사
항에 대한 판단 기준을 법 제30조제1항에 따른 개인정보 처리방침에 공개하고, 법 제31조제1항에 따른 개인정보 보
호책임자가 해당 기준에 따라 개인정보의 추가적인 이용 또는 제공을 하고 있는지 여부를 점검해야 한다.<개정

개인정보 보호법 시행령
2023. 9. 12.>
[본조신설 2020. 8. 4.]",5,6,554,true,true,false,false,true,false,false,2026-05-19,active,https://www.law.go.kr/LSW/lsInfoP.do?lsiSeq=286175,/Users/munchaerin/Desktop/졸프 data/개인정보 보호법 시행령(대통령령)(제36340호)(20260519).pdf
kr-pipa-decree-20260519__0019,kr-pipa-decree-20260519,19,제15조,제15조(개인정보의 목적 외 이용 또는 제3자 제공의 관리),ARTICLE,"제15조(개인정보의 목적 외 이용 또는 제3자 제공의 관리) 공공기관은 법 제18조제2항에 따라 개인정보를 목적 외의
용도로 이용하거나 이를 제3자에게 제공하는 경우에는 다음 각 호의 사항을 보호위원회가 정하여 고시하는 개인정
보의 목적 외 이용 및 제3자 제공 대장에 기록하고 관리해야 한다. <개정 2013. 3. 23., 2014. 11. 19., 2017. 7. 26.,
2020. 8. 4.>
1. 이용하거나 제공하는 개인정보 또는 개인정보파일의 명칭
2. 이용기관 또는 제공받는 기관의 명칭
3. 이용 목적 또는 제공받는 목적
4. 이용 또는 제공의 법적 근거
5. 이용하거나 제공하는 개인정보의 항목
6. 이용 또는 제공의 날짜, 주기 또는 기간
7. 이용하거나 제공하는 형태
8. 법 제18조제5항에 따라 제한을 하거나 필요한 조치를 마련할 것을 요청한 경우에는 그 내용",6,6,439,true,true,false,false,true,false,false,2026-05-19,active,https://www.law.go.kr/LSW/lsInfoP.do?lsiSeq=286175,/Users/munchaerin/Desktop/졸프 data/개인정보 보호법 시행령(대통령령)(제36340호)(20260519).pdf
kr-pipa-decree-20260519__0020,kr-pipa-decree-20260519,20,제15조의2,제15조의2(개인정보 수집 출처 등 통지 대상ㆍ방법ㆍ절차),ARTICLE,"제15조의2(개인정보 수집 출처 등 통지 대상ㆍ방법ㆍ절차) ① 법 제20조제2항 본문에서 “대통령령으로 정하는 기준에
해당하는 개인정보처리자”란 다음 각 호의 어느 하나에 해당하는 개인정보처리자를 말한다. 이 경우 다음 각 호에 규
정된 정보주체의 수는 전년도 말 기준 직전 3개월 간 일일평균을 기준으로 산정한다. <개정 2023. 9. 12.>
1. 5만명 이상의 정보주체에 관하여 법 제23조에 따른 민감정보(이하 “민감정보”라 한다) 또는 법 제24조제1항에 따
른 고유식별정보(이하 “고유식별정보”라 한다)를 처리하는 자
2. 100만명 이상의 정보주체에 관하여 개인정보를 처리하는 자
② 제1항 각 호의 어느 하나에 해당하는 개인정보처리자는 법 제20조제1항 각 호의 사항을 다음 각 호의 어느 하나
에 해당하는 방법으로 개인정보를 제공받은 날부터 3개월 이내에 정보주체에게 알려야 한다. 다만, 법 제17조제2항
제1호부터 제4호까지의 사항에 대하여 같은 조 제1항제1호에 따라 정보주체의 동의를 받은 범위에서 연 2회 이상
주기적으로 개인정보를 제공받아 처리하는 경우에는 개인정보를 제공받은 날부터 3개월 이내에 정보주체에게 알리
거나 그 동의를 받은 날부터 기산하여 연 1회 이상 정보주체에게 알려야 한다.<개정 2023. 9. 12.>
1. 서면ㆍ전자우편ㆍ전화ㆍ문자전송 등 정보주체가 통지 내용을 쉽게 확인할 수 있는 방법
2. 재화 및 서비스를 제공하는 과정에서 정보주체가 쉽게 알 수 있도록 알림창을 통해 알리는 방법
③ 개인정보처리자는 다음 각 호의 통지를 함께 할 수 있다.<개정 2025. 2. 25.>
1. 법 제20조제2항에 따른 개인정보의 수집 출처 등 통지
2. 법 제20조의2제1항에 따른 개인정보 이용ㆍ제공 내역의 통지
3. 제42조의6제10항 본문에 따른 전송요구대상정보 전송 내역의 통지
④ 제1항 각 호의 어느 하나에 해당하는 개인정보처리자는 제2항에 따라 알린 경우 다음 각 호의 사항을 법 제21조
또는 제37조제5항에 따라 해당 개인정보를 파기할 때까지 보관ㆍ관리하여야 한다.<개정 2023. 9. 12.>
1. 정보주체에게 알린 사실
2. 알린 시기
3. 알린 방법
[본조신설 2016. 9. 29.]
[제목개정 2023. 9. 12.]",6,6,1112,true,true,false,false,true,false,false,2026-05-19,active,https://www.law.go.kr/LSW/lsInfoP.do?lsiSeq=286175,/Users/munchaerin/Desktop/졸프 data/개인정보 보호법 시행령(대통령령)(제36340호)(20260519).pdf
kr-pipa-decree-20260519__0021,kr-pipa-decree-20260519,21,제15조의2,제15조의2(개인정보 수집 출처 등 통지 대상ㆍ방법ㆍ절차),ARTICLE,"제15조의2(개인정보 수집 출처 등 통지 대상ㆍ방법ㆍ절차) ① 법 제20조제2항 본문에서 “대통령령으로 정하는 기준에
해당하는 개인정보처리자”란 다음 각 호의 어느 하나에 해당하는 개인정보처리자를 말한다. 이 경우 다음 각 호에 규
정된 정보주체의 수는 전년도 말 기준 직전 3개월 간 일일평균을 기준으로 산정한다. <개정 2023. 9. 12.>

개인정보 보호법 시행령
1. 5만명 이상의 정보주체에 관하여 법 제23조에 따른 민감정보(이하 “민감정보”라 한다) 또는 법 제24조제1항에 따
른 고유식별정보(이하 “고유식별정보”라 한다)를 처리하는 자
2. 100만명 이상의 정보주체에 관하여 개인정보를 처리하는 자
② 제1항 각 호의 어느 하나에 해당하는 개인정보처리자는 법 제20조제1항 각 호의 사항을 다음 각 호의 어느 하나
에 해당하는 방법으로 개인정보를 제공받은 날부터 3개월 이내에 정보주체에게 알려야 한다. 다만, 법 제17조제2항
제1호부터 제4호까지의 사항에 대하여 같은 조 제1항제1호에 따라 정보주체의 동의를 받은 범위에서 연 2회 이상
주기적으로 개인정보를 제공받아 처리하는 경우에는 개인정보를 제공받은 날부터 3개월 이내에 정보주체에게 알리
거나 그 동의를 받은 날부터 기산하여 연 1회 이상 정보주체에게 알려야 한다.<개정 2023. 9. 12.>
1. 서면ㆍ전자우편ㆍ전화ㆍ문자전송 등 정보주체가 통지 내용을 쉽게 확인할 수 있는 방법
2. 재화 및 서비스를 제공하는 과정에서 정보주체가 쉽게 알 수 있도록 알림창을 통해 알리는 방법
③ 개인정보처리자는 다음 각 호의 통지를 함께 할 수 있다.<개정 2025. 2. 25., 2026. 2. 19.>
1. 법 제20조제2항에 따른 개인정보의 수집 출처 등 통지
2. 법 제20조의2제1항에 따른 개인정보 이용ㆍ제공 내역의 통지
3. 제42조의6제12항 본문에 따른 전송요구대상정보 전송 내역의 통지
④ 제1항 각 호의 어느 하나에 해당하는 개인정보처리자는 제2항에 따라 알린 경우 다음 각 호의 사항을 법 제21조
또는 제37조제5항에 따라 해당 개인정보를 파기할 때까지 보관ㆍ관리하여야 한다.<개정 2023. 9. 12.>
1. 정보주체에게 알린 사실
2. 알린 시기
3. 알린 방법
[본조신설 2016. 9. 29.]
[제목개정 2023. 9. 12.]
[시행일: 2026. 8. 20.] 제15조의2",6,7,1167,true,true,false,false,true,false,false,2026-05-19,active,https://www.law.go.kr/LSW/lsInfoP.do?lsiSeq=286175,/Users/munchaerin/Desktop/졸프 data/개인정보 보호법 시행령(대통령령)(제36340호)(20260519).pdf
kr-pipa-decree-20260519__0022,kr-pipa-decree-20260519,22,제15조의3,제15조의3(개인정보 이용ㆍ제공 내역의 통지),ARTICLE,"제15조의3(개인정보 이용ㆍ제공 내역의 통지) ① 법 제20조의2제1항 본문에서 “대통령령으로 정하는 기준에 해당하는
개인정보처리자”란 다음 각 호의 어느 하나에 해당하는 개인정보처리자를 말한다. 이 경우 다음 각 호에 규정된 정보
주체의 수는 전년도 말 기준 직전 3개월 간 일일평균을 기준으로 산정한다.
1. 5만명 이상의 정보주체에 관하여 민감정보 또는 고유식별정보를 처리하는 자
2. 100만명 이상의 정보주체에 관하여 개인정보를 처리하는 자
② 법 제20조의2제1항에 따른 통지의 대상이 되는 정보주체는 다음 각 호의 정보주체를 제외한 정보주체로 한다.
1. 통지에 대한 거부의사를 표시한 정보주체
2. 개인정보처리자가 업무수행을 위해 그에 소속된 임직원의 개인정보를 처리한 경우 해당 정보주체
3. 개인정보처리자가 업무수행을 위해 다른 공공기관, 법인, 단체의 임직원 또는 개인의 연락처 등의 개인정보를 처
리한 경우 해당 정보주체
4. 법률에 특별한 규정이 있거나 법령 상 의무를 준수하기 위하여 이용ㆍ제공한 개인정보의 정보주체
5. 공공기관이 법령 등에서 정하는 소관 업무의 수행을 위하여 이용ㆍ제공한 개인정보의 정보주체
③ 법 제20조의2제1항에 따라 정보주체에게 통지해야 하는 정보는 다음 각 호와 같다.
1. 개인정보의 수집ㆍ이용 목적 및 수집한 개인정보의 항목
2. 개인정보를 제공받은 제3자와 그 제공 목적 및 제공한 개인정보의 항목. 다만, 「통신비밀보호법」 제13조, 제13조
의2, 제13조의4 및 「전기통신사업법」 제83조제3항에 따라 제공한 정보는 제외한다.
④ 법 제20조의2제1항에 따른 통지는 다음 각 호의 어느 하나에 해당하는 방법으로 연 1회 이상 해야 한다.
1. 서면ㆍ전자우편ㆍ전화ㆍ문자전송 등 정보주체가 통지 내용을 쉽게 확인할 수 있는 방법
2. 재화 및 서비스를 제공하는 과정에서 정보주체가 쉽게 알 수 있도록 알림창을 통해 알리는 방법(법 제20조의2제
1항에 따른 개인정보의 이용ㆍ제공 내역을 확인할 수 있는 정보시스템에 접속하는 방법을 통지하는 경우로 한정
한다)

개인정보 보호법 시행령
[본조신설 2023. 9. 12.]",7,8,1052,true,true,false,true,true,false,false,2026-05-19,active,https://www.law.go.kr/LSW/lsInfoP.do?lsiSeq=286175,/Users/munchaerin/Desktop/졸프 data/개인정보 보호법 시행령(대통령령)(제36340호)(20260519).pdf
kr-pipa-decree-20260519__0023,kr-pipa-decree-20260519,23,제16조,제16조(개인정보의 파기방법),ARTICLE,"제16조(개인정보의 파기방법) ①개인정보처리자는 법 제21조에 따라 개인정보를 파기할 때에는 다음 각 호의 구분에
따른 방법으로 해야 한다. <개정 2014. 8. 6., 2022. 7. 19.>
1. 전자적 파일 형태인 경우: 복원이 불가능한 방법으로 영구 삭제. 다만, 기술적 특성으로 영구 삭제가 현저히 곤란
한 경우에는 법 제58조의2에 해당하는 정보로 처리하여 복원이 불가능하도록 조치해야 한다.
2. 제1호 외의 기록물, 인쇄물, 서면, 그 밖의 기록매체인 경우: 파쇄 또는 소각
② 제1항에 따른 개인정보의 안전한 파기에 관한 세부 사항은 보호위원회가 정하여 고시한다.<신설 2014. 8. 6.,
2014. 11. 19., 2017. 7. 26., 2020. 8. 4.>",8,8,383,true,true,false,false,true,false,false,2026-05-19,active,https://www.law.go.kr/LSW/lsInfoP.do?lsiSeq=286175,/Users/munchaerin/Desktop/졸프 data/개인정보 보호법 시행령(대통령령)(제36340호)(20260519).pdf
kr-pipa-decree-20260519__0024,kr-pipa-decree-20260519,24,제17조,제17조(동의를 받는 방법),ARTICLE,"제17조(동의를 받는 방법) ① 개인정보처리자는 법 제22조에 따라 개인정보의 처리에 대하여 정보주체의 동의를 받을
때에는 다음 각 호의 조건을 모두 충족해야 한다. <신설 2023. 9. 12.>
1. 정보주체가 자유로운 의사에 따라 동의 여부를 결정할 수 있을 것
2. 동의를 받으려는 내용이 구체적이고 명확할 것
3. 그 내용을 쉽게 읽고 이해할 수 있는 문구를 사용할 것
4. 동의 여부를 명확하게 표시할 수 있는 방법을 정보주체에게 제공할 것
② 개인정보처리자는 법 제22조에 따라 개인정보의 처리에 대하여 다음 각 호의 어느 하나에 해당하는 방법으로 정
보주체의 동의를 받아야 한다.<개정 2023. 9. 12.>
1. 동의 내용이 적힌 서면을 정보주체에게 직접 발급하거나 우편 또는 팩스 등의 방법으로 전달하고, 정보주체가 서
명하거나 날인한 동의서를 받는 방법
2. 전화를 통하여 동의 내용을 정보주체에게 알리고 동의의 의사표시를 확인하는 방법
3. 전화를 통하여 동의 내용을 정보주체에게 알리고 정보주체에게 인터넷주소 등을 통하여 동의 사항을 확인하도록
한 후 다시 전화를 통하여 그 동의 사항에 대한 동의의 의사표시를 확인하는 방법
4. 인터넷 홈페이지 등에 동의 내용을 게재하고 정보주체가 동의 여부를 표시하도록 하는 방법
5. 동의 내용이 적힌 전자우편을 발송하여 정보주체로부터 동의의 의사표시가 적힌 전자우편을 받는 방법
6. 그 밖에 제1호부터 제5호까지의 규정에 따른 방법에 준하는 방법으로 동의 내용을 알리고 동의의 의사표시를 확
인하는 방법
③ 법 제22조제2항에서 “대통령령으로 정하는 중요한 내용”이란 다음 각 호의 사항을 말한다.<신설 2017. 10. 17.,
2023. 9. 12.>
1. 개인정보의 수집ㆍ이용 목적 중 재화나 서비스의 홍보 또는 판매 권유 등을 위하여 해당 개인정보를 이용하여 정
보주체에게 연락할 수 있다는 사실
2. 처리하려는 개인정보의 항목 중 다음 각 목의 사항
가. 민감정보
나. 제19조제2호부터 제4호까지의 규정에 따른 여권번호, 운전면허의 면허번호 및 외국인등록번호
3. 개인정보의 보유 및 이용 기간(제공 시에는 제공받는 자의 보유 및 이용 기간을 말한다)
4. 개인정보를 제공받는 자 및 개인정보를 제공받는 자의 개인정보 이용 목적
④ 개인정보처리자는 정보주체로부터 법 제22조제1항 각 호에 따른 동의를 받으려는 때에는 정보주체가 동의 여부
를 선택할 수 있다는 사실을 명확하게 알 수 있도록 표시해야 한다.<개정 2023. 9. 12.>
⑤ 법 제22조제3항 전단에서 “대통령령으로 정하는 방법”이란 서면, 전자우편, 팩스, 전화, 문자전송 또는 이에 상당
하는 방법(이하 “서면등의 방법”이라 한다)을 말한다.<개정 2023. 9. 12.>
⑥ 중앙행정기관의 장은 제2항에 따른 동의방법 중 소관 분야의 개인정보처리자별 업무, 업종의 특성 및 정보주체
의 수 등을 고려하여 적절한 동의방법에 관한 기준을 법 제12조제2항에 따른 개인정보 보호지침(이하 “개인정보 보
호지침”이라 한다)으로 정하여 그 기준에 따라 동의를 받도록 개인정보처리자에게 권장할 수 있다.<개정 2015. 12.
30., 2017. 10. 17., 2023. 9. 12.>

개인정보 보호법 시행령",8,9,1596,true,true,false,true,true,false,false,2026-05-19,active,https://www.law.go.kr/LSW/lsInfoP.do?lsiSeq=286175,/Users/munchaerin/Desktop/졸프 data/개인정보 보호법 시행령(대통령령)(제36340호)(20260519).pdf
kr-pipa-decree-20260519__0025,kr-pipa-decree-20260519,25,제17조의2,제17조의2(아동의 개인정보 보호),ARTICLE,"제17조의2(아동의 개인정보 보호) ① 개인정보처리자는 법 제22조의2제1항에 따라 법정대리인이 동의했는지를 확인하
는 경우에는 다음 각 호의 어느 하나에 해당하는 방법으로 해야 한다.
1. 동의 내용을 게재한 인터넷 사이트에 법정대리인이 동의 여부를 표시하도록 하고 개인정보처리자가 그 동의 표
시를 확인했음을 법정대리인의 휴대전화 문자메시지로 알리는 방법
2. 동의 내용을 게재한 인터넷 사이트에 법정대리인이 동의 여부를 표시하도록 하고 법정대리인의 신용카드ㆍ직불
카드 등의 카드정보를 제공받는 방법
3. 동의 내용을 게재한 인터넷 사이트에 법정대리인이 동의 여부를 표시하도록 하고 법정대리인의 휴대전화 본인인
증 등을 통하여 본인 여부를 확인하는 방법
4. 동의 내용이 적힌 서면을 법정대리인에게 직접 발급하거나 우편 또는 팩스를 통하여 전달하고, 법정대리인이 동
의 내용에 대하여 서명날인 후 제출하도록 하는 방법
5. 동의 내용이 적힌 전자우편을 발송하고 법정대리인으로부터 동의의 의사표시가 적힌 전자우편을 전송받는 방법
6. 전화를 통하여 동의 내용을 법정대리인에게 알리고 동의를 받거나 인터넷주소 등 동의 내용을 확인할 수 있는 방
법을 안내하고 재차 전화 통화를 통하여 동의를 받는 방법
7. 그 밖에 제1호부터 제6호까지의 규정에 준하는 방법으로서 법정대리인에게 동의 내용을 알리고 동의의 의사표시
를 확인하는 방법
② 법 제22조의2제2항에서 “대통령령으로 정하는 정보”란 법정대리인의 성명 및 연락처에 관한 정보를 말한다.
③ 개인정보처리자는 개인정보 수집 매체의 특성상 동의 내용을 전부 표시하기 어려운 경우에는 인터넷주소 또는
사업장 전화번호 등 동의 내용을 확인할 수 있는 방법을 법정대리인에게 안내할 수 있다.
[본조신설 2023. 9. 12.]",9,9,880,true,true,false,true,true,false,false,2026-05-19,active,https://www.law.go.kr/LSW/lsInfoP.do?lsiSeq=286175,/Users/munchaerin/Desktop/졸프 data/개인정보 보호법 시행령(대통령령)(제36340호)(20260519).pdf
kr-pipa-decree-20260519__0026,kr-pipa-decree-20260519,26,제18조,제18조(민감정보의 범위),ARTICLE,"제18조(민감정보의 범위) 법 제23조제1항 각 호 외의 부분 본문에서 “대통령령으로 정하는 정보”란 다음 각 호의 어느
하나에 해당하는 정보를 말한다. 다만, 공공기관이 법 제18조제2항제5호부터 제9호까지의 규정에 따라 다음 각 호의
어느 하나에 해당하는 정보를 처리하는 경우의 해당 정보는 제외한다. <개정 2016. 9. 29., 2020. 8. 4.>
1. 유전자검사 등의 결과로 얻어진 유전정보
2. 「형의 실효 등에 관한 법률」 제2조제5호에 따른 범죄경력자료에 해당하는 정보
3. 개인의 신체적, 생리적, 행동적 특징에 관한 정보로서 특정 개인을 알아볼 목적으로 일정한 기술적 수단을 통해
생성한 정보
4. 인종이나 민족에 관한 정보",9,9,362,true,true,false,false,true,false,false,2026-05-19,active,https://www.law.go.kr/LSW/lsInfoP.do?lsiSeq=286175,/Users/munchaerin/Desktop/졸프 data/개인정보 보호법 시행령(대통령령)(제36340호)(20260519).pdf
kr-pipa-decree-20260519__0027,kr-pipa-decree-20260519,27,제19조,제19조(고유식별정보의 범위),ARTICLE,"제19조(고유식별정보의 범위) 법 제24조제1항 각 호 외의 부분에서 “대통령령으로 정하는 정보”란 다음 각 호의 어느
하나에 해당하는 정보를 말한다. 다만, 공공기관이 법 제18조제2항제5호부터 제9호까지의 규정에 따라 다음 각 호의
어느 하나에 해당하는 정보를 처리하는 경우의 해당 정보는 제외한다. <개정 2016. 9. 29., 2017. 6. 27., 2020. 8. 4.>
1. 「주민등록법」 제7조의2제1항에 따른 주민등록번호
2. 「여권법」 제7조제1항제1호에 따른 여권번호
3. 「도로교통법」 제80조에 따른 운전면허의 면허번호
4. 「출입국관리법」 제31조제5항에 따른 외국인등록번호
제20조 삭제 <2014. 8. 6.>",9,9,358,true,true,false,false,false,false,false,2026-05-19,active,https://www.law.go.kr/LSW/lsInfoP.do?lsiSeq=286175,/Users/munchaerin/Desktop/졸프 data/개인정보 보호법 시행령(대통령령)(제36340호)(20260519).pdf
kr-pipa-decree-20260519__0028,kr-pipa-decree-20260519,28,제21조,제21조(고유식별정보의 안전성 확보 조치),ARTICLE,"제21조(고유식별정보의 안전성 확보 조치) ① 법 제24조제3항에 따른 고유식별정보의 안전성 확보 조치에 관하여는 제
30조를 준용한다. 이 경우 “법 제29조”는 “법 제24조제3항”으로, “개인정보”는 “고유식별정보”로 본다. <개정 2020.
8. 4., 2023. 9. 12.>
② 법 제24조제4항에서 “대통령령으로 정하는 기준에 해당하는 개인정보처리자”란 다음 각 호의 어느 하나에 해당
하는 개인정보처리자를 말한다.<개정 2024. 3. 12.>

개인정보 보호법 시행령
1. 1만명 이상의 정보주체에 관하여 고유식별정보를 처리하는 공공기관
2. 보호위원회가 법 위반 이력 및 내용ㆍ정도, 고유식별정보 처리의 위험성 등을 고려하여 법 제24조제4항에 따른
조사가 필요하다고 인정하는 공공기관
3. 공공기관 외의 자로서 5만명 이상의 정보주체에 관하여 고유식별정보를 처리하는 자
③ 보호위원회는 제2항 각 호의 어느 하나에 해당하는 개인정보처리자에 대하여 법 제24조제4항에 따라 안전성 확
보에 필요한 조치를 하였는지를 3년마다 1회 이상 조사해야 한다.<개정 2017. 7. 26., 2020. 8. 4., 2024. 3. 12.>
④ 다음 각 호의 어느 하나에 해당하는 경우로서 고유식별정보의 안전성 확보 조치에 대한 점검이 이루어진 경우에
는 제3항에 따른 조사를 실시한 것으로 본다.<신설 2024. 3. 12.>
1. 법 제11조의2에 따라 개인정보 보호수준 평가를 받은 경우
2. 법 제32조의2에 따라 개인정보 보호 인증을 받은 경우
3. 「신용정보의 이용 및 보호에 관한 법률」 제45조의5에 따른 개인신용정보 활용ㆍ관리 실태에 대한 상시평가 등
다른 법률에 따라 고유식별정보의 안전성 확보 조치 이행 여부에 대한 정기적인 점검이 이루어지는 경우로서 관
계 중앙행정기관의 장의 요청에 따라 해당 점검이 제3항에 따른 조사에 준하는 것으로 보호위원회가 인정하는 경
우
⑤ 제3항에 따른 조사는 제2항 각 호의 어느 하나에 해당하는 개인정보처리자에게 온라인 또는 서면을 통하여 필요
한 자료를 제출하게 하는 방법으로 한다.<개정 2024. 3. 12.>
⑥ 법 제24조제5항에서 “대통령령으로 정하는 전문기관”이란 다음 각 호의 기관을 말한다.<개정 2017. 7. 26., 2020.
8. 4., 2024. 3. 12.>
1. 「정보통신망 이용촉진 및 정보보호 등에 관한 법률」 제52조에 따른 한국인터넷진흥원(이하 “한국인터넷진흥원
”이라 한다)
2. 법 제24조제4항에 따른 조사를 수행할 수 있는 기술적ㆍ재정적 능력과 설비를 보유한 것으로 인정되어 보호위원
회가 정하여 고시하는 법인, 단체 또는 기관
[전문개정 2016. 9. 29.]",9,10,1325,true,true,false,false,true,false,false,2026-05-19,active,https://www.law.go.kr/LSW/lsInfoP.do?lsiSeq=286175,/Users/munchaerin/Desktop/졸프 data/개인정보 보호법 시행령(대통령령)(제36340호)(20260519).pdf
kr-pipa-decree-20260519__0029,kr-pipa-decree-20260519,29,제21조의2,제21조의2(주민등록번호 암호화 적용 대상 등),ARTICLE,"제21조의2(주민등록번호 암호화 적용 대상 등) ① 법 제24조의2제2항에 따라 암호화 조치를 하여야 하는 암호화 적용
대상은 주민등록번호를 전자적인 방법으로 보관하는 개인정보처리자로 한다.
② 제1항의 개인정보처리자에 대한 암호화 적용 시기는 다음 각 호와 같다.
1. 100만명 미만의 정보주체에 관한 주민등록번호를 보관하는 개인정보처리자: 2017년 1월 1일
2. 100만명 이상의 정보주체에 관한 주민등록번호를 보관하는 개인정보처리자: 2018년 1월 1일
③ 보호위원회는 기술적ㆍ 경제적 타당성 등을 고려하여 제1항에 따른 암호화 조치의 세부적인 사항을 정하여 고시
할 수 있다.<개정 2017. 7. 26., 2020. 8. 4.>
[본조신설 2015. 12. 30.]",10,10,381,true,true,false,false,true,false,false,2026-05-19,active,https://www.law.go.kr/LSW/lsInfoP.do?lsiSeq=286175,/Users/munchaerin/Desktop/졸프 data/개인정보 보호법 시행령(대통령령)(제36340호)(20260519).pdf
kr-pipa-decree-20260519__0030,kr-pipa-decree-20260519,30,제22조,제22조(고정형 영상정보처리기기 설치ㆍ운영 제한의 예외),ARTICLE,"제22조(고정형 영상정보처리기기 설치ㆍ운영 제한의 예외) ① 법 제25조제1항제6호에서 “대통령령으로 정하는 경우
”란 다음 각 호의 어느 하나에 해당하는 경우를 말한다. <신설 2023. 9. 12.>
1. 출입자 수, 성별, 연령대 등 통계값 또는 통계적 특성값 산출을 위해 촬영된 영상정보를 일시적으로 처리하는 경
우
2. 그 밖에 제1호에 준하는 경우로서 보호위원회의 심의ㆍ의결을 거친 경우
② 법 제25조제2항 단서에서 “대통령령으로 정하는 시설”이란 다음 각 호의 시설을 말한다.<개정 2017. 5. 29.,
2020. 8. 4., 2023. 9. 12.>
1. 「형의 집행 및 수용자의 처우에 관한 법률」 제2조제1호에 따른 교정시설
2. 「정신건강증진 및 정신질환자 복지서비스 지원에 관한 법률」 제3조제5호부터 제7호까지의 규정에 따른 정신의
료기관(수용시설을 갖추고 있는 것만 해당한다), 정신요양시설 및 정신재활시설
③ 중앙행정기관의 장은 소관 분야의 개인정보처리자가 법 제25조제2항 단서에 따라 제2항 각 호의 시설에 고정형
영상정보처리기기를 설치ㆍ운영하는 경우 정보주체의 사생활 침해를 최소화하기 위하여 필요한 세부 사항을 개인

개인정보 보호법 시행령
정보 보호지침으로 정하여 그 준수를 권장할 수 있다.<개정 2023. 9. 12.>
[제목개정 2023. 9. 12.]",10,11,671,true,true,false,false,true,false,false,2026-05-19,active,https://www.law.go.kr/LSW/lsInfoP.do?lsiSeq=286175,/Users/munchaerin/Desktop/졸프 data/개인정보 보호법 시행령(대통령령)(제36340호)(20260519).pdf
kr-pipa-decree-20260519__0031,kr-pipa-decree-20260519,31,제23조,제23조(고정형 영상정보처리기기 설치 시 의견 수렴),ARTICLE,"제23조(고정형 영상정보처리기기 설치 시 의견 수렴) ① 법 제25조제1항 각 호에 따라 고정형 영상정보처리기기를 설
치ㆍ운영하려는 공공기관의 장은 다음 각 호의 어느 하나에 해당하는 절차를 거쳐 관계 전문가 및 이해관계인의 의
견을 수렴하여야 한다. <개정 2023. 9. 12.>
1. 「행정절차법」에 따른 행정예고의 실시 또는 의견청취
2. 해당 고정형 영상정보처리기기의 설치로 직접 영향을 받는 지역 주민 등을 대상으로 하는 설명회ㆍ설문조사 또
는 여론조사
② 법 제25조제2항 단서에 따른 시설에 고정형 영상정보처리기기를 설치ㆍ운영하려는 자는 다음 각 호의 사람으로
부터 의견을 수렴하여야 한다.<개정 2023. 9. 12.>
1. 관계 전문가
2. 해당 시설에 종사하는 사람, 해당 시설에 구금되어 있거나 보호받고 있는 사람 또는 그 사람의 보호자 등 이해관
계인
[제목개정 2023. 9. 12.]",11,11,453,true,true,false,false,false,false,false,2026-05-19,active,https://www.law.go.kr/LSW/lsInfoP.do?lsiSeq=286175,/Users/munchaerin/Desktop/졸프 data/개인정보 보호법 시행령(대통령령)(제36340호)(20260519).pdf
kr-pipa-decree-20260519__0032,kr-pipa-decree-20260519,32,제24조,제24조(안내판의 설치 등),ARTICLE,"제24조(안내판의 설치 등) ① 법 제25조제1항 각 호에 따라 고정형 영상정보처리기기를 설치ㆍ운영하는 자(이하 “고정
형영상정보처리기기운영자”라 한다)는 고정형 영상정보처리기기가 설치ㆍ운영되고 있음을 정보주체가 쉽게 알아볼
수 있도록 같은 조 제4항 각 호의 사항이 포함된 안내판을 설치하여야 한다. 다만, 건물 안에 여러 개의 고정형 영상
정보처리기기를 설치하는 경우에는 출입구 등 잘 보이는 곳에 해당 시설 또는 장소 전체가 고정형 영상정보처리기
기 설치지역임을 표시하는 안내판을 설치할 수 있다. <개정 2016. 9. 29., 2023. 9. 12.>
1. 삭제<2016. 9. 29.>
2. 삭제<2016. 9. 29.>
3. 삭제<2016. 9. 29.>
② 제1항에도 불구하고 고정형 영상정보처리기기운영자가 설치ㆍ운영하는 고정형 영상정보처리기기가 다음 각 호
의 어느 하나에 해당하는 경우에는 안내판 설치를 갈음하여 고정형영상정보처리기기운영자의 인터넷 홈페이지에
법 제25조제4항 각 호의 사항을 게재할 수 있다.<개정 2016. 9. 29., 2023. 9. 12.>
1. 공공기관이 원거리 촬영, 과속ㆍ신호위반 단속 또는 교통흐름조사 등의 목적으로 고정형 영상정보처리기기를 설
치하는 경우로서 개인정보 침해의 우려가 적은 경우
2. 산불감시용 고정형 영상정보처리기기를 설치하는 경우 등 장소적 특성으로 인하여 안내판을 설치하는 것이 불가
능하거나 안내판을 설치하더라도 정보주체가 쉽게 알아볼 수 없는 경우
③ 제2항에 따라 인터넷 홈페이지에 법 제25조제4항 각 호의 사항을 게재할 수 없으면 고정형영상정보처리기기운
영자는 다음 각 호의 어느 하나 이상의 방법으로 법 제25조제4항 각 호의 사항을 공개하여야 한다.<개정 2016. 9.
29., 2020. 8. 4., 2023. 9. 12.>
1. 고정형영상정보처리기기운영자의 사업장ㆍ영업소ㆍ사무소ㆍ점포 등(이하 “사업장등”이라 한다)의 보기 쉬운 장
소에 게시하는 방법
2. 관보(고정형영상정보처리기기운영자가 공공기관인 경우만 해당한다)나 고정형영상정보처리기기운영자의 사업장
등이 있는 시ㆍ도 이상의 지역을 주된 보급지역으로 하는 「신문 등의 진흥에 관한 법률」 제2조제1호가목ㆍ다목
또는 같은 조 제2호에 따른 일반일간신문ㆍ일반주간신문 또는 인터넷신문에 싣는 방법
④ 법 제25조제4항 각 호 외의 부분 단서에서 “대통령령으로 정하는 시설”이란 「보안업무규정」 제32조에 따른 국
가보안시설을 말한다.<개정 2016. 9. 29.>",11,11,1234,true,true,false,true,true,false,false,2026-05-19,active,https://www.law.go.kr/LSW/lsInfoP.do?lsiSeq=286175,/Users/munchaerin/Desktop/졸프 data/개인정보 보호법 시행령(대통령령)(제36340호)(20260519).pdf
kr-pipa-decree-20260519__0033,kr-pipa-decree-20260519,33,제25조,제25조(고정형 영상정보처리기기 운영ㆍ관리 방침),ARTICLE,"제25조(고정형 영상정보처리기기 운영ㆍ관리 방침) ① 고정형영상정보처리기기운영자는 법 제25조제7항에 따라 다음
각 호의 사항이 포함된 고정형 영상정보처리기기 운영ㆍ관리 방침을 마련해야 한다. <개정 2023. 9. 12.>

개인정보 보호법 시행령
1. 고정형 영상정보처리기기의 설치 근거 및 설치 목적
2. 고정형 영상정보처리기기의 설치 대수, 설치 위치 및 촬영 범위
3. 관리책임자, 담당 부서 및 영상정보에 대한 접근 권한이 있는 사람
4. 영상정보의 촬영시간, 보관기간, 보관장소 및 처리방법
5. 고정형영상정보처리기기운영자의 영상정보 확인 방법 및 장소
6. 정보주체의 영상정보 열람 등 요구에 대한 조치
7. 영상정보 보호를 위한 기술적ㆍ관리적 및 물리적 조치
8. 그 밖에 고정형 영상정보처리기기의 설치ㆍ운영 및 관리에 필요한 사항
② 제1항에 따라 마련한 고정형 영상정보처리기기 운영ㆍ관리 방침의 공개에 관하여는 제31조제2항 및 제3항을 준
용한다. 이 경우 “개인정보처리자”는 “고정형영상정보처리기기운영자”로, “법 제30조제2항”은 “법 제25조제7항”으
로, “개인정보 처리방침”은 “고정형 영상정보처리기기 운영ㆍ관리 방침”으로 본다.<개정 2023. 9. 12.>
[제목개정 2023. 9. 12.]",11,12,630,true,true,false,false,true,false,false,2026-05-19,active,https://www.law.go.kr/LSW/lsInfoP.do?lsiSeq=286175,/Users/munchaerin/Desktop/졸프 data/개인정보 보호법 시행령(대통령령)(제36340호)(20260519).pdf
kr-pipa-decree-20260519__0034,kr-pipa-decree-20260519,34,제26조,제26조(공공기관의 고정형 영상정보처리기기 설치ㆍ운영 사무의 위탁),ARTICLE,"제26조(공공기관의 고정형 영상정보처리기기 설치ㆍ운영 사무의 위탁) ① 법 제25조제8항 단서에 따라 공공기관이 고
정형 영상정보처리기기의 설치ㆍ운영에 관한 사무를 위탁하는 경우에는 다음 각 호의 내용이 포함된 문서로 하여야
한다. <개정 2023. 9. 12.>
1. 위탁하는 사무의 목적 및 범위
2. 재위탁 제한에 관한 사항
3. 영상정보에 대한 접근 제한 등 안전성 확보 조치에 관한 사항
4. 영상정보의 관리 현황 점검에 관한 사항
5. 위탁받는 자가 준수하여야 할 의무를 위반한 경우의 손해배상 등 책임에 관한 사항
② 제1항에 따라 사무를 위탁한 경우에는 제24조제1항부터 제3항까지의 규정에 따른 안내판 등에 위탁받는 자의
명칭 및 연락처를 포함시켜야 한다.
[제목개정 2023. 9. 12.]",12,12,396,true,true,false,false,true,false,false,2026-05-19,active,https://www.law.go.kr/LSW/lsInfoP.do?lsiSeq=286175,/Users/munchaerin/Desktop/졸프 data/개인정보 보호법 시행령(대통령령)(제36340호)(20260519).pdf
kr-pipa-decree-20260519__0035,kr-pipa-decree-20260519,35,제27조,제27조(이동형 영상정보처리기기 운영 제한의 예외),ARTICLE,"제27조(이동형 영상정보처리기기 운영 제한의 예외) 법 제25조의2제2항 단서에서 “대통령령으로 정하는 경우”란 범죄,
화재, 재난 또는 이에 준하는 상황에서 인명의 구조ㆍ구급 등을 위하여 사람 또는 그 사람과 관련된 사물의 영상(개
인정보에 해당하는 경우로 한정한다. 이하 같다)의 촬영이 필요한 경우를 말한다.
[본조신설 2023. 9. 12.]
[종전 제27조는 제27조의3으로 이동 <2023. 9. 12.>]",12,12,233,true,true,false,false,false,false,false,2026-05-19,active,https://www.law.go.kr/LSW/lsInfoP.do?lsiSeq=286175,/Users/munchaerin/Desktop/졸프 data/개인정보 보호법 시행령(대통령령)(제36340호)(20260519).pdf
kr-pipa-decree-20260519__0036,kr-pipa-decree-20260519,36,제27조의2,제27조의2(이동형 영상정보처리기기 촬영 사실 표시 등),ARTICLE,"제27조의2(이동형 영상정보처리기기 촬영 사실 표시 등) 법 제25조의2제1항 각 호에 해당하여 이동형 영상정보처리기
기로 사람 또는 그 사람과 관련된 사물의 영상을 촬영하는 경우에는 불빛, 소리, 안내판, 안내서면, 안내방송 또는 그
밖에 이에 준하는 수단이나 방법으로 정보주체가 촬영 사실을 쉽게 알 수 있도록 표시하고 알려야 한다. 다만, 드론
을 이용한 항공촬영 등 촬영 방법의 특성으로 인해 정보주체에게 촬영 사실을 알리기 어려운 경우에는 보호위원회
가 구축하는 인터넷 사이트에 공지하는 방법으로 알릴 수 있다.
[본조신설 2023. 9. 12.]",12,12,311,true,true,false,true,true,false,false,2026-05-19,active,https://www.law.go.kr/LSW/lsInfoP.do?lsiSeq=286175,/Users/munchaerin/Desktop/졸프 data/개인정보 보호법 시행령(대통령령)(제36340호)(20260519).pdf
kr-pipa-decree-20260519__0037,kr-pipa-decree-20260519,37,제27조의3,제27조의3(영상정보처리기기 설치ㆍ운영 지침),ARTICLE,"제27조의3(영상정보처리기기 설치ㆍ운영 지침) 보호위원회는 법 및 이 영에서 규정한 사항 외에 고정형 영상정보처리
기기의 설치ㆍ운영 및 이동형 영상정보처리기기의 운영에 관한 기준, 설치ㆍ운영 사무의 위탁 등에 관하여 법 제
12조제1항에 따른 표준 개인정보 보호지침을 정하여 고정형영상정보처리기기운영자와 이동형 영상정보처리기기를
운영하는 자에게 그 준수를 권장할 수 있다. <개정 2013. 3. 23., 2014. 11. 19., 2017. 7. 26., 2020. 8. 4., 2023. 9. 12.>
[제27조에서 이동 <2023. 9. 12.>]",12,12,309,true,true,false,false,true,false,false,2026-05-19,active,https://www.law.go.kr/LSW/lsInfoP.do?lsiSeq=286175,/Users/munchaerin/Desktop/졸프 data/개인정보 보호법 시행령(대통령령)(제36340호)(20260519).pdf
kr-pipa-decree-20260519__0038,kr-pipa-decree-20260519,38,제28조,제28조(개인정보의 처리 업무 위탁 시 조치),ARTICLE,"제28조(개인정보의 처리 업무 위탁 시 조치) ① 법 제26조제1항제3호에서 “대통령령으로 정한 사항”이란 다음 각 호의
사항을 말한다.

개인정보 보호법 시행령
1. 위탁업무의 목적 및 범위
2. 재위탁 제한에 관한 사항
3. 개인정보에 대한 접근 제한 등 안전성 확보 조치에 관한 사항
4. 위탁업무와 관련하여 보유하고 있는 개인정보의 관리 현황 점검 등 감독에 관한 사항
5. 법 제26조제2항에 따른 수탁자(이하 “수탁자”라 한다)가 준수하여야 할 의무를 위반한 경우의 손해배상 등 책임
에 관한 사항
② 법 제26조제2항에서 “대통령령으로 정하는 방법”이란 개인정보 처리 업무를 위탁하는 개인정보처리자(이하 “위
탁자”라 한다)가 위탁자의 인터넷 홈페이지에 위탁하는 업무의 내용과 수탁자를 지속적으로 게재하는 방법을 말한
다.
③ 제2항에 따라 인터넷 홈페이지에 게재할 수 없는 경우에는 다음 각 호의 어느 하나 이상의 방법으로 위탁하는
업무의 내용과 수탁자를 공개하여야 한다.<개정 2023. 9. 12.>
1. 위탁자의 사업장등의 보기 쉬운 장소에 게시하는 방법
2. 관보(위탁자가 공공기관인 경우만 해당한다)나 위탁자의 사업장등이 있는 시ㆍ도 이상의 지역을 주된 보급지역
으로 하는 「신문 등의 진흥에 관한 법률」 제2조제1호가목ㆍ다목 및 같은 조 제2호에 따른 일반일간신문, 일반주
간신문 또는 인터넷신문에 싣는 방법
3. 같은 제목으로 연 2회 이상 발행하여 정보주체에게 배포하는 간행물ㆍ소식지ㆍ홍보지 또는 청구서 등에 지속적
으로 싣는 방법
4. 재화나 서비스를 제공하기 위하여 위탁자와 정보주체가 작성한 계약서 등에 실어 정보주체에게 발급하는 방법
④ 법 제26조제3항 전단에서 “대통령령으로 정하는 방법”이란 서면등의 방법을 말한다.<개정 2023. 9. 12.>
⑤ 위탁자가 과실 없이 제4항에 따른 방법으로 위탁하는 업무의 내용과 수탁자를 정보주체에게 알릴 수 없는 경우
에는 해당 사항을 인터넷 홈페이지에 30일 이상 게재하여야 한다. 다만, 인터넷 홈페이지를 운영하지 아니하는 위탁
자의 경우에는 사업장등의 보기 쉬운 장소에 30일 이상 게시하여야 한다.
⑥ 위탁자는 수탁자가 개인정보 처리 업무를 수행하는 경우에 법 또는 이 영에 따라 개인정보처리자가 준수하여야
할 사항과 법 제26조제1항 각 호의 사항을 준수하는지를 같은 조 제4항에 따라 감독하여야 한다.",12,13,1171,true,true,false,false,true,false,false,2026-05-19,active,https://www.law.go.kr/LSW/lsInfoP.do?lsiSeq=286175,/Users/munchaerin/Desktop/졸프 data/개인정보 보호법 시행령(대통령령)(제36340호)(20260519).pdf
kr-pipa-decree-20260519__0039,kr-pipa-decree-20260519,39,제29조,제29조(영업양도 등에 따른 개인정보 이전의 통지),ARTICLE,"제29조(영업양도 등에 따른 개인정보 이전의 통지) ① 법 제27조제1항 각 호 외의 부분과 같은 조 제2항 본문에서 “대
통령령으로 정하는 방법”이란 서면등의 방법을 말한다.
② 법 제27조제1항에 따라 개인정보를 이전하려는 자(이하 이 항에서 “영업양도자등”이라 한다)가 과실 없이 제1항
에 따른 방법으로 법 제27조제1항 각 호의 사항을 정보주체에게 알릴 수 없는 경우에는 해당 사항을 인터넷 홈페이
지에 30일 이상 게재하여야 한다. 다만, 인터넷 홈페이지에 게재할 수 없는 정당한 사유가 있는 경우에는 다음 각
호의 어느 하나의 방법으로 법 제27조제1항 각 호의 사항을 정보주체에게 알릴 수 있다.<개정 2020. 8. 4.>
1. 영업양도자등의 사업장등의 보기 쉬운 장소에 30일 이상 게시하는 방법
2. 영업양도자등의 사업장등이 있는 시ㆍ도 이상의 지역을 주된 보급지역으로 하는 「신문 등의 진흥에 관한 법률」
제2조제1호가목ㆍ다목 또는 같은 조 제2호에 따른 일반일간신문ㆍ일반주간신문 또는 인터넷신문에 싣는 방법
제4장의2 가명정보의 처리에 관한 특례 <신설 2020. 8. 4.>",13,13,559,true,true,false,false,true,false,false,2026-05-19,active,https://www.law.go.kr/LSW/lsInfoP.do?lsiSeq=286175,/Users/munchaerin/Desktop/졸프 data/개인정보 보호법 시행령(대통령령)(제36340호)(20260519).pdf
kr-pipa-decree-20260519__0040,kr-pipa-decree-20260519,40,제29조의2,제29조의2(결합전문기관의 지정 및 지정 취소),ARTICLE,"제29조의2(결합전문기관의 지정 및 지정 취소) ① 법 제28조의3제1항에 따른 전문기관(이하 “결합전문기관”이라 한다
)의 지정 기준은 다음 각 호와 같다. <개정 2025. 2. 25.>
1. 보호위원회가 정하여 고시하는 바에 따라 가명정보의 결합ㆍ반출 업무를 담당하는 조직을 구성하고, 개인정보
보호와 관련된 자격이나 경력을 갖춘 사람을 3명 이상 상시 고용할 것
2. 보호위원회가 정하여 고시하는 바에 따라 가명정보를 안전하게 결합하기 위하여 필요한 공간, 시설 및 장비를 구
축하고 가명정보의 결합ㆍ반출 관련 정책 및 절차 등을 마련할 것

개인정보 보호법 시행령
3. 보호위원회가 정하여 고시하는 기준에 따른 재정 능력을 갖출 것
4. 최근 3년 이내에 법 제66조제1항에 따라 공표되거나 같은 조 제2항에 따른 공표명령을 받은 사실이 없을 것
5. 최근 1년 이내에 제4항에 따른 유효기간 연장 신청을 하였으나 재지정되지 않은 사실 또는 제5항에 따라 지정 취
소된 사실이 없을 것
② 법인, 단체 또는 기관이 법 제28조의3제1항에 따라 결합전문기관으로 지정을 받으려는 경우에는 보호위원회가
정하여 고시하는 결합전문기관 지정신청서에 다음 각 호의 서류(전자문서를 포함한다. 이하 같다)를 첨부하여 보호
위원회 또는 관계 중앙행정기관의 장에게 제출해야 한다.
1. 정관 또는 규약
2. 제1항에 따른 지정 기준을 갖추었음을 증명할 수 있는 서류로서 보호위원회가 정하여 고시하는 서류
③ 보호위원회 또는 관계 중앙행정기관의 장은 제2항에 따라 지정신청서를 제출한 법인, 단체 또는 기관이 제1항에
따른 지정 기준에 적합한 경우에는 결합전문기관으로 지정할 수 있다.
④ 결합전문기관 지정의 유효기간은 지정을 받은 날부터 3년으로 하며, 보호위원회 또는 관계 중앙행정기관의 장은
결합전문기관이 유효기간의 연장을 신청하면 다음 각 호의 사항을 검토하여 결합전문기관으로 재지정할 수 있다.
<개정 2025. 2. 25.>
1. 제1항에 따른 지정 기준에 적합한지 여부
2. 향후 업무 수행 계획이 지정 목적 달성에 적합한지 여부
3. 지정 목적에 따라 업무를 제대로 수행했는지 여부
4. 제29조의3제5항에 따른 비용을 과다하게 청구하는 등 결합을 부당하게 제한했는지 여부
⑤ 보호위원회 또는 관계 중앙행정기관의 장은 결합전문기관이 다음 각 호의 어느 하나에 해당하는 경우에는 결합
전문기관의 지정을 취소할 수 있다. 다만, 제1호 또는 제2호에 해당하는 경우에는 지정을 취소해야 한다.
1. 거짓이나 부정한 방법으로 결합전문기관으로 지정을 받은 경우
2. 결합전문기관 스스로 지정 취소를 요청하거나 폐업한 경우
3. 제1항에 따른 결합전문기관의 지정 기준을 충족하지 못하게 된 경우
4. 결합 및 반출 등과 관련된 정보의 유출 등 개인정보 침해사고가 발생한 경우
5. 그 밖에 법 또는 이 영에 따른 의무를 위반한 경우
⑥ 보호위원회 또는 관계 중앙행정기관의 장은 제5항에 따라 결합전문기관의 지정을 취소하려는 경우에는 청문을
해야 한다.
⑦ 보호위원회 또는 관계 중앙행정기관의 장은 결합전문기관을 지정, 재지정 또는 지정 취소한 경우에는 이를 관보
에 공고하거나 보호위원회 또는 해당 관계 중앙행정기관의 홈페이지에 게시해야 한다. 이 경우 관계 중앙행정기관
의 장이 결합전문기관을 지정, 재지정, 또는 지정 취소한 경우에는 보호위원회에 통보해야 한다.
⑧ 제1항부터 제7항까지에서 규정한 사항 외에 결합전문기관의 지정, 재지정 및 지정 취소 등에 필요한 사항은 보
호위원회가 정하여 고시한다.
[본조신설 2020. 8. 4.]",13,14,1754,true,true,false,false,true,false,false,2026-05-19,active,https://www.law.go.kr/LSW/lsInfoP.do?lsiSeq=286175,/Users/munchaerin/Desktop/졸프 data/개인정보 보호법 시행령(대통령령)(제36340호)(20260519).pdf
kr-pipa-decree-20260519__0041,kr-pipa-decree-20260519,41,제29조의3,제29조의3(개인정보처리자 간 가명정보의 결합 및 반출 등),ARTICLE,"제29조의3(개인정보처리자 간 가명정보의 결합 및 반출 등) ① 결합전문기관에 가명정보의 결합을 신청하려는 개인정
보처리자(이하 “결합신청자”라 한다)는 보호위원회가 정하여 고시하는 결합신청서에 다음 각 호의 서류를 첨부하여
결합전문기관에 제출해야 한다.
1. 사업자등록증, 법인등기부등본 등 결합신청자 관련 서류
2. 결합 대상 가명정보에 관한 서류
3. 결합 목적을 증명할 수 있는 서류
4. 그 밖에 가명정보의 결합 및 반출에 필요하다고 보호위원회가 정하여 고시하는 서류
② 결합전문기관은 법 제28조의3제1항에 따라 가명정보를 결합하는 경우에는 특정 개인을 알아볼 수 없도록 해야
한다. 이 경우 보호위원회는 필요하면 한국인터넷진흥원 또는 보호위원회가 지정하여 고시하는 기관으로 하여금 특
정 개인을 알아볼 수 없도록 하는 데에 필요한 업무를 지원하도록 할 수 있다.

개인정보 보호법 시행령
③ 결합신청자는 법 제28조의3제2항에 따라 결합전문기관이 결합한 정보를 결합전문기관 외부로 반출하려는 경우
에는 결합전문기관에 설치된 안전성 확보에 필요한 기술적ㆍ관리적ㆍ물리적 조치가 된 공간에서 제2항에 따라 결
합된 정보를 가명정보 또는 법 제58조의2에 해당하는 정보로 처리한 뒤 결합전문기관의 승인을 받아야 한다.
④ 결합전문기관은 다음 각 호의 기준을 충족하는 경우에는 법 제28조의3제2항에 따른 반출을 승인해야 한다. 이
경우 결합전문기관은 결합된 정보의 반출을 승인하기 위하여 반출심사위원회를 구성해야 한다.
1. 결합 목적과 반출 정보가 관련성이 있을 것
2. 특정 개인을 알아볼 가능성이 없을 것
3. 반출 정보에 대한 안전조치 계획이 있을 것
⑤ 결합전문기관은 결합 및 반출 등에 필요한 비용을 결합신청자에게 청구할 수 있다.
⑥ 제1항부터 제5항까지에서 규정한 사항 외에 가명정보의 결합 절차와 방법, 반출 및 승인 등에 필요한 사항은 보
호위원회가 정하여 고시한다.
[본조신설 2020. 8. 4.]",14,15,965,true,true,false,false,true,false,false,2026-05-19,active,https://www.law.go.kr/LSW/lsInfoP.do?lsiSeq=286175,/Users/munchaerin/Desktop/졸프 data/개인정보 보호법 시행령(대통령령)(제36340호)(20260519).pdf
kr-pipa-decree-20260519__0042,kr-pipa-decree-20260519,42,제29조의4,제29조의4(결합전문기관의 관리ㆍ감독 등),ARTICLE,"제29조의4(결합전문기관의 관리ㆍ감독 등) ① 보호위원회 또는 관계 중앙행정기관의 장은 결합전문기관을 지정한 경
우에는 해당 결합전문기관의 업무 수행능력 및 기술ㆍ시설 유지 여부 등을 관리ㆍ감독해야 한다.
② 결합전문기관은 제1항에 따른 관리ㆍ감독을 위하여 다음 각 호의 서류를 보호위원회가 정하여 고시하는 바에 따
라 보호위원회 또는 관계 중앙행정기관의 장에게 제출해야 한다.<개정 2025. 2. 25.>
1. 가명정보의 결합ㆍ반출 실적보고서
2. 결합전문기관의 지정 기준을 유지하고 있음을 증명할 수 있는 서류
3. 가명정보의 안전성 확보에 필요한 조치를 하고 있음을 증명할 수 있는 서류로서 보호위원회가 정하여 고시하는
서류
③ 보호위원회는 다음 각 호의 사항을 관리ㆍ감독해야 한다.
1. 결합전문기관의 가명정보의 결합 및 반출 승인 과정에서의 법 위반 여부
2. 결합신청자의 가명정보 처리 실태
3. 그 밖에 가명정보의 안전한 처리를 위하여 필요한 사항으로서 보호위원회가 정하여 고시하는 사항
[본조신설 2020. 8. 4.]",15,15,523,true,true,false,false,true,false,false,2026-05-19,active,https://www.law.go.kr/LSW/lsInfoP.do?lsiSeq=286175,/Users/munchaerin/Desktop/졸프 data/개인정보 보호법 시행령(대통령령)(제36340호)(20260519).pdf
kr-pipa-decree-20260519__0043,kr-pipa-decree-20260519,43,제29조의5,제29조의5(가명정보에 대한 안전성 확보 조치),ARTICLE,"제29조의5(가명정보에 대한 안전성 확보 조치) ① 개인정보처리자는 법 제28조의4제1항에 따라 가명정보 및 가명정보
를 원래의 상태로 복원하기 위한 추가 정보(이하 이 조에서 “추가정보”라 한다)에 대하여 다음 각 호의 안전성 확보
조치를 해야 한다. <개정 2021. 2. 2., 2023. 9. 12.>
1. 제30조에 따른 안전성 확보 조치
2. 가명정보와 추가정보의 분리 보관. 다만, 추가정보가 불필요한 경우에는 추가정보를 파기해야 한다.
3. 가명정보와 추가정보에 대한 접근 권한의 분리. 다만, 「소상공인기본법」 제2조에 따른 소상공인으로서 가명정보
를 취급할 자를 추가로 둘 여력이 없는 경우 등 접근 권한의 분리가 어려운 정당한 사유가 있는 경우에는 업무 수
행에 필요한 최소한의 접근 권한만 부여하고 접근 권한의 보유 현황을 기록으로 보관하는 등 접근 권한을 관리ㆍ
통제해야 한다.
② 법 제28조의4제3항에서 “대통령령으로 정하는 사항”이란 다음 각 호의 사항을 말한다.<개정 2023. 9. 12.>
1. 가명정보 처리의 목적
2. 가명처리한 개인정보의 항목
3. 가명정보의 이용내역
4. 제3자 제공 시 제공받는 자
5. 가명정보의 처리 기간(법 제28조의4제2항에 따라 가명정보의 처리 기간을 별도로 정한 경우로 한정한다)
6. 그 밖에 가명정보의 처리 내용을 관리하기 위하여 보호위원회가 필요하다고 인정하여 고시하는 사항
[본조신설 2020. 8. 4.]

개인정보 보호법 시행령
제29조의6 삭제 <2023. 9. 12.>
제4장의3 개인정보의 국외 이전 <신설 2023. 9. 12.>",15,16,793,true,true,false,false,true,false,false,2026-05-19,active,https://www.law.go.kr/LSW/lsInfoP.do?lsiSeq=286175,/Users/munchaerin/Desktop/졸프 data/개인정보 보호법 시행령(대통령령)(제36340호)(20260519).pdf
kr-pipa-decree-20260519__0044,kr-pipa-decree-20260519,44,제29조의7,제29조의7(개인정보의 국외 처리위탁ㆍ보관 시 정보주체에게 알리는 방법),ARTICLE,"제29조의7(개인정보의 국외 처리위탁ㆍ보관 시 정보주체에게 알리는 방법) 법 제28조의8제1항제3호나목에서 “전자우
편 등 대통령령으로 정하는 방법”이란 서면등의 방법을 말한다.
[본조신설 2023. 9. 12.]",16,16,119,true,true,false,false,true,false,false,2026-05-19,active,https://www.law.go.kr/LSW/lsInfoP.do?lsiSeq=286175,/Users/munchaerin/Desktop/졸프 data/개인정보 보호법 시행령(대통령령)(제36340호)(20260519).pdf
kr-pipa-decree-20260519__0045,kr-pipa-decree-20260519,45,제29조의8,제29조의8(개인정보의 국외 이전 인증),ARTICLE,"제29조의8(개인정보의 국외 이전 인증) ① 보호위원회는 법 제28조의8제1항제4호 각 목 외의 부분에 따른 인증을 고시
하려는 경우에는 다음 각 호의 순서에 따른 절차를 모두 거쳐야 한다.
1. 제34조의6에 따른 개인정보 보호 인증 전문기관의 평가
2. 제5조제1항제1호에 따른 개인정보의 국외 이전 분야 전문위원회(이하 “국외이전전문위원회”라 한다)의 평가
3. 정책협의회의 협의
② 보호위원회는 법 제28조의8제1항제4호 각 목 외의 부분에 따른 인증을 고시할 때에는 5년의 범위에서 유효 기
간을 정하여 고시할 수 있다.
③ 제1항 및 제2항에서 규정한 사항 외에 인증의 고시 절차 등에 관하여 필요한 사항은 보호위원회가 정하여 고시
한다.
[본조신설 2023. 9. 12.]",16,16,383,true,true,false,false,true,false,false,2026-05-19,active,https://www.law.go.kr/LSW/lsInfoP.do?lsiSeq=286175,/Users/munchaerin/Desktop/졸프 data/개인정보 보호법 시행령(대통령령)(제36340호)(20260519).pdf
kr-pipa-decree-20260519__0046,kr-pipa-decree-20260519,46,제29조의9,제29조의9(국가 등에 대한 개인정보 보호 수준 인정),ARTICLE,"제29조의9(국가 등에 대한 개인정보 보호 수준 인정) ① 보호위원회는 법 제28조의8제1항제5호에 따라 개인정보가 제
공(조회되는 경우를 포함한다)ㆍ처리위탁ㆍ보관(이하 이 장에서 “이전”이라 한다)되는 국가 또는 국제기구(이하 “이
전대상국등”이라 한다)의 개인정보 보호체계, 정보주체 권리보장 범위, 피해구제 절차 등이 법에 따른 개인정보 보호
수준과 실질적으로 동등한 수준을 갖추었다고 인정하려는 경우에는 다음 각 호의 사항을 종합적으로 고려해야 한다.
1. 이전대상국등의 법령, 규정 또는 규칙 등 개인정보 보호체계가 법 제3조에서 정하는 개인정보 보호 원칙에 부합
하고, 법 제4조에서 정하는 정보주체의 권리를 충분히 보장하고 있는지 여부
2. 이전대상국등에 개인정보 보호체계를 보장하고 집행할 책임이 있는 독립적 감독기관이 존재하는지 여부
3. 이전대상국등의 공공기관(이와 유사한 사무를 수행하는 기관을 포함한다)이 법률에 따라 개인정보를 처리하는지
여부 및 이에 대한 피해구제 절차 등 정보주체에 대한 보호수단이 존재하고 실질적으로 보장되는지 여부
4. 이전대상국등에 정보주체가 쉽게 접근할 수 있는 피해구제 절차가 존재하는지 여부 및 피해구제 절차가 정보주
체를 효과적으로 보호하고 있는지 여부
5. 이전대상국등의 감독기관이 보호위원회와 정보주체의 권리 보호에 관하여 원활한 상호 협력이 가능한지 여부
6. 그 밖에 이전대상국등의 개인정보 보호체계, 정보주체의 권리보장 범위, 피해구제 절차 등의 개인정보 보호 수준
을 인정하기 위해 필요한 사항으로서 보호위원회가 정하여 고시하는 사항
② 보호위원회는 제1항에 따른 인정을 하려는 경우에는 다음 각 호의 절차를 거쳐야 한다.
1. 국외이전전문위원회의 평가
2. 정책협의회의 협의
③ 보호위원회는 제1항에 따른 인정을 할 때에는 정보주체의 권리 보호 등을 위하여 필요한 경우 이전대상국등으로
이전되는 개인정보의 범위, 이전받는 개인정보처리자의 범위, 인정 기간, 국외 이전의 조건 등을 이전대상국등별로
달리 정할 수 있다.
④ 보호위원회는 제1항에 따른 인정을 한 경우에는 인정 기간 동안 이전대상국등의 개인정보 보호수준이 법에 따른
수준과 실질적으로 동등한 수준을 유지하고 있는지 점검해야 한다.
⑤ 보호위원회는 제1항에 따른 인정을 받은 이전대상국등의 개인정보 보호체계, 정보주체의 권리보장 범위, 피해구
제 절차 등의 수준이 변경된 경우에는 해당 이전대상국등의 의견을 듣고 해당 이전대상국등에 대한 인정을 취소하
거나 그 내용을 변경할 수 있다.

개인정보 보호법 시행령
⑥ 보호위원회가 제1항에 따른 인정을 하거나 제5항에 따라 인정을 취소하거나 그 내용을 변경하는 경우에는 그 사
실을 관보에 고시하고 보호위원회 인터넷 홈페이지에 게재해야 한다.
⑦ 제1항부터 제6항까지에서 규정한 사항 외에 이전대상국등에 대한 인정에 필요한 사항은 보호위원회가 정하여
고시한다.
[본조신설 2023. 9. 12.]",16,17,1439,true,true,false,true,true,false,false,2026-05-19,active,https://www.law.go.kr/LSW/lsInfoP.do?lsiSeq=286175,/Users/munchaerin/Desktop/졸프 data/개인정보 보호법 시행령(대통령령)(제36340호)(20260519).pdf
kr-pipa-decree-20260519__0047,kr-pipa-decree-20260519,47,제29조의10,제29조의10(개인정보의 국외 이전 시 보호조치 등),ARTICLE,"제29조의10(개인정보의 국외 이전 시 보호조치 등) ① 개인정보처리자는 법 제28조의8제1항 각 호 외의 부분 단서에
따라 개인정보를 국외로 이전하는 경우에는 같은 조 제4항에 따라 다음 각 호의 보호조치를 해야 한다.
1. 제30조제1항에 따른 개인정보 보호를 위한 안전성 확보 조치
2. 개인정보 침해에 대한 고충처리 및 분쟁해결에 관한 조치
3. 그 밖에 정보주체의 개인정보 보호를 위하여 필요한 조치
② 개인정보처리자는 법 제28조의8제1항 각 호 외의 부분 단서에 따라 개인정보를 국외로 이전하는 경우에는 제
1항 각 호의 사항에 관하여 이전받는 자와 미리 협의하고 이를 계약내용 등에 반영해야 한다.
[본조신설 2023. 9. 12.]",17,17,362,true,true,false,false,true,false,false,2026-05-19,active,https://www.law.go.kr/LSW/lsInfoP.do?lsiSeq=286175,/Users/munchaerin/Desktop/졸프 data/개인정보 보호법 시행령(대통령령)(제36340호)(20260519).pdf
kr-pipa-decree-20260519__0048,kr-pipa-decree-20260519,48,제29조의11,제29조의11(국외 이전 중지 명령의 기준 등),ARTICLE,"제29조의11(국외 이전 중지 명령의 기준 등) ① 보호위원회는 법 제28조의9제1항에 따라 개인정보의 국외 이전을 중지
할 것을 명하려는 경우에는 다음 각 호의 사항을 종합적으로 고려해야 한다.
1. 국외로 이전되었거나 추가적인 국외 이전이 예상되는 개인정보의 유형 및 규모
2. 법 제28조의8제1항, 제4항 또는 제5항 위반의 중대성
3. 정보주체에게 발생하거나 발생할 우려가 있는 피해가 중대하거나 회복하기 어려운 피해인지 여부
4. 국외 이전의 중지를 명하는 것이 중지를 명하지 않는 것보다 명백히 정보주체에게 이익이 되는지 여부
5. 법 제64조제1항 각 호에 해당하는 조치를 통해 개인정보의 보호 및 침해 방지가 가능한지 여부
6. 개인정보를 이전받는 자나 개인정보가 이전되는 이전대상국등이 정보주체의 피해구제를 위한 실효적인 수단을
갖추고 있는지 여부
7. 개인정보를 이전받는 자나 개인정보가 이전되는 이전대상국등에서 중대한 개인정보 침해가 발생하는 등 개인정
보를 적정하게 보호하기 어렵다고 인정할 만한 사유가 존재하는지 여부
② 보호위원회는 법 제28조의9제1항에 따라 개인정보의 국외 이전을 중지할 것을 명하려는 경우에는 국외이전전문
위원회의 평가를 거쳐야 한다.
③ 보호위원회는 법 제28조의9제1항에 따라 개인정보의 국외 이전을 중지할 것을 명할 때에는 개인정보처리자에게
중지명령의 내용, 사유, 이의 제기 절차ㆍ방법 및 그 밖에 필요한 사항을 문서로 알려야 한다.
④ 제1항부터 제3항까지에서 규정한 사항 외에 개인정보의 국외 이전 중지 명령의 기준 등에 관하여 필요한 사항은
보호위원회가 정하여 고시한다.
[본조신설 2023. 9. 12.]",17,17,821,true,true,false,false,true,false,false,2026-05-19,active,https://www.law.go.kr/LSW/lsInfoP.do?lsiSeq=286175,/Users/munchaerin/Desktop/졸프 data/개인정보 보호법 시행령(대통령령)(제36340호)(20260519).pdf
kr-pipa-decree-20260519__0049,kr-pipa-decree-20260519,49,제29조의12,제29조의12(국외 이전 중지 명령에 대한 이의 제기),ARTICLE,"제29조의12(국외 이전 중지 명령에 대한 이의 제기) ① 법 제28조의9제2항에 따라 이의를 제기하려는 자는 같은 조 제
1항에 따른 국외 이전 중지 명령을 받은 날부터 7일 이내에 보호위원회가 정하는 이의신청서에 이의신청 사유를 증
명할 수 있는 서류를 첨부하여 보호위원회에 제출해야 한다.
② 보호위원회는 제1항에 따라 이의신청서를 제출받은 날부터 30일 이내에 그 처리결과를 해당 개인정보처리자에
게 문서로 알려야 한다.
③ 제1항 및 제2항에서 규정한 사항 외에 이의 제기의 절차 등에 관하여 필요한 사항은 보호위원회가 정하여 고시
한다.
[본조신설 2023. 9. 12.]
제5장 개인정보의 안전한 관리

개인정보 보호법 시행령",17,18,357,true,true,false,false,true,false,false,2026-05-19,active,https://www.law.go.kr/LSW/lsInfoP.do?lsiSeq=286175,/Users/munchaerin/Desktop/졸프 data/개인정보 보호법 시행령(대통령령)(제36340호)(20260519).pdf
kr-pipa-decree-20260519__0050,kr-pipa-decree-20260519,50,제30조,제30조(개인정보의 안전성 확보 조치),ARTICLE,"제30조(개인정보의 안전성 확보 조치) ① 개인정보처리자는 법 제29조에 따라 다음 각 호의 안전성 확보 조치를 해야
한다. <개정 2023. 9. 12.>
1. 개인정보의 안전한 처리를 위한 다음 각 목의 내용을 포함하는 내부 관리계획의 수립ㆍ시행 및 점검
가. 법 제28조제1항에 따른 개인정보취급자(이하 “개인정보취급자”라 한다)에 대한 관리ㆍ감독 및 교육에 관한 사
항
나. 법 제31조에 따른 개인정보 보호책임자의 지정 등 개인정보 보호 조직의 구성ㆍ운영에 관한 사항
다. 제2호부터 제8호까지의 규정에 따른 조치를 이행하기 위하여 필요한 세부 사항
2. 개인정보에 대한 접근 권한을 제한하기 위한 다음 각 목의 조치
가. 데이터베이스시스템 등 개인정보를 처리할 수 있도록 체계적으로 구성한 시스템(이하 “개인정보처리시스템
”이라 한다)에 대한 접근 권한의 부여ㆍ변경ㆍ말소 등에 관한 기준의 수립ㆍ시행
나. 정당한 권한을 가진 자에 의한 접근인지를 확인하기 위해 필요한 인증수단 적용 기준의 설정 및 운영
다. 그 밖에 개인정보에 대한 접근 권한을 제한하기 위하여 필요한 조치
3. 개인정보에 대한 접근을 통제하기 위한 다음 각 목의 조치
가. 개인정보처리시스템에 대한 침입을 탐지하고 차단하기 위하여 필요한 조치
나. 개인정보처리시스템에 접속하는 개인정보취급자의 컴퓨터 등으로서 보호위원회가 정하여 고시하는 기준에
해당하는 컴퓨터 등에 대한 인터넷망의 차단. 다만, 전년도 말 기준 직전 3개월 간 그 개인정보가 저장ㆍ관리
되고 있는 「정보통신망 이용촉진 및 정보보호 등에 관한 법률」 제2조제1항제4호에 따른 이용자 수가 일일평
균 100만명 이상인 개인정보처리자만 해당한다.
다. 그 밖에 개인정보에 대한 접근을 통제하기 위하여 필요한 조치
4. 개인정보를 안전하게 저장ㆍ전송하는데 필요한 다음 각 목의 조치
가. 비밀번호의 일방향 암호화 저장 등 인증정보의 암호화 저장 또는 이에 상응하는 조치
나. 주민등록번호 등 보호위원회가 정하여 고시하는 정보의 암호화 저장 또는 이에 상응하는 조치
다. 「정보통신망 이용촉진 및 정보보호 등에 관한 법률」 제2조제1항제1호에 따른 정보통신망을 통하여 정보주체
의 개인정보 또는 인증정보를 송신ㆍ수신하는 경우 해당 정보의 암호화 또는 이에 상응하는 조치
라. 그 밖에 암호화 또는 이에 상응하는 기술을 이용한 보안조치
5. 개인정보 침해사고 발생에 대응하기 위한 접속기록의 보관 및 위조ㆍ변조 방지를 위한 다음 각 목의 조치
가. 개인정보처리시스템에 접속한 자의 접속일시, 처리내역 등 접속기록의 저장ㆍ점검 및 이의 확인ㆍ감독
나. 개인정보처리시스템에 대한 접속기록의 안전한 보관
다. 그 밖에 접속기록 보관 및 위조ㆍ변조 방지를 위하여 필요한 조치
6. 개인정보처리시스템 및 개인정보취급자가 개인정보 처리에 이용하는 정보기기에 대해 컴퓨터바이러스, 스파이웨
어, 랜섬웨어 등 악성프로그램의 침투 여부를 항시 점검ㆍ치료할 수 있도록 하는 등의 기능이 포함된 프로그램의
설치ㆍ운영과 주기적 갱신ㆍ점검 조치
7. 개인정보의 안전한 보관을 위한 보관시설의 마련 또는 잠금장치의 설치 등 물리적 조치
8. 그 밖에 개인정보의 안전성 확보를 위하여 필요한 조치
② 보호위원회는 개인정보처리자가 제1항에 따른 안전성 확보 조치를 하도록 시스템을 구축하는 등 필요한 지원을
할 수 있다.<개정 2013. 3. 23., 2014. 11. 19., 2017. 7. 26., 2020. 8. 4.>
③ 제1항에 따른 안전성 확보 조치에 관한 세부 기준은 보호위원회가 정하여 고시한다.<개정 2013. 3. 23., 2014.
11. 19., 2017. 7. 26., 2020. 8. 4.>",18,18,1806,true,true,false,false,true,true,false,2026-05-19,active,https://www.law.go.kr/LSW/lsInfoP.do?lsiSeq=286175,/Users/munchaerin/Desktop/졸프 data/개인정보 보호법 시행령(대통령령)(제36340호)(20260519).pdf
kr-pipa-decree-20260519__0051,kr-pipa-decree-20260519,51,제30조의2,제30조의2(공공시스템 운영기관 등의 개인정보 안전성 확보 조치 등),ARTICLE,"제30조의2(공공시스템 운영기관 등의 개인정보 안전성 확보 조치 등) ① 개인정보의 처리 규모, 접근 권한을 부여받은
개인정보취급자의 수 등 보호위원회가 고시하는 기준에 해당하는 개인정보처리시스템(이하 “공공시스템”이라 한다
)을 운영하는 공공기관(이하 “공공시스템운영기관”이라 한다)은 법 제29조에 따라 이 영 제30조의 안전성 확보 조치
외에 다음 각 호의 조치를 추가로 해야 한다. <개정 2024. 3. 12.>

개인정보 보호법 시행령
1. 제30조제1항제1호에 따른 내부 관리계획에 공공시스템별로 작성한 안전성 확보 조치를 포함할 것
2. 공공시스템에 접속하여 개인정보를 처리하는 기관(이하 이 조에서 “공공시스템이용기관”이라 한다)이 정당한 권
한을 가진 개인정보취급자에게 접근 권한을 부여ㆍ변경ㆍ말소 등을 할 수 있도록 하는 등 접근 권한의 안전한 관
리를 위해 필요한 조치
3. 개인정보에 대한 불법적인 접근 및 침해사고 방지를 위한 공공시스템 접속기록의 저장ㆍ분석ㆍ점검ㆍ관리 등의
조치
② 공공시스템운영기관 및 공공시스템이용기관은 정당한 권한 없이 또는 허용된 권한을 초과하여 개인정보에 접근
한 사실이 확인되는 경우에는 지체 없이 정보주체에게 해당 사실과 피해 예방 등을 위해 필요한 사항을 통지해야
한다. 이 경우 다음 각 호의 어느 하나에 해당하는 경우에는 통지를 한 것으로 본다.
1. 법 제34조제1항에 따라 정보주체에게 개인정보의 분실ㆍ도난ㆍ유출에 대하여 통지한 경우
2. 다른 법령에 따라 정보주체에게 개인정보에 접근한 사실과 피해 예방 등을 위해 필요한 사항을 통지한 경우
③ 공공시스템운영기관(공공시스템을 개발하여 배포하는 공공기관이 따로 있는 경우에는 그 공공기관을 포함한다.
이하 이 조에서 같다)은 해당 공공시스템의 규모와 특성, 해당 공공시스템이용기관의 수 등을 고려하여 개인정보의
안전한 관리에 관련된 업무를 전담하는 부서를 지정하여 운영하거나 전담인력을 배치해야 한다.
④ 공공시스템운영기관은 공공시스템별로 해당 공공시스템을 총괄하여 관리하는 부서의 장을 관리책임자로 지정
해야 한다. 다만, 해당 공공시스템을 총괄하여 관리하는 부서가 없을 때에는 업무 관련성 및 수행능력 등을 고려하
여 해당 공공시스템운영기관의 관련 부서의 장 중에서 관리책임자를 지정해야 한다.
⑤ 공공시스템운영기관은 공공시스템의 안전성 확보 조치 이행상황 점검 및 개선에 관한 사항을 협의하기 위하여
다음 각 호의 기관으로 구성되는 공공시스템운영협의회를 공공시스템별로 설치ㆍ운영해야 한다. 다만, 하나의 공공
기관이 2개 이상의 공공시스템을 운영하는 경우에는 공공시스템운영협의회를 통합하여 설치ㆍ운영할 수 있다.
1. 공공시스템운영기관
2. 공공시스템의 운영을 위탁하는 경우 해당 수탁자
3. 공공시스템운영기관이 필요하다고 인정하는 공공시스템이용기관
⑥ 보호위원회는 공공시스템운영기관이 개인정보의 안전성 확보 조치를 이행하는데 필요한 지원을 할 수 있다.
⑦ 제1항부터 제6항까지에서 규정한 사항 외에 공공시스템운영기관 등의 개인정보의 안전성 확보 조치에 필요한
사항은 보호위원회가 정하여 고시한다.
[본조신설 2023. 9. 12.]",18,19,1542,true,true,false,false,true,false,false,2026-05-19,active,https://www.law.go.kr/LSW/lsInfoP.do?lsiSeq=286175,/Users/munchaerin/Desktop/졸프 data/개인정보 보호법 시행령(대통령령)(제36340호)(20260519).pdf
kr-pipa-decree-20260519__0052,kr-pipa-decree-20260519,52,제31조,제31조(개인정보 처리방침의 내용 및 공개방법 등),ARTICLE,"제31조(개인정보 처리방침의 내용 및 공개방법 등) ① 법 제30조제1항제8호에서 “대통령령으로 정한 사항”이란 다음
각 호의 사항을 말한다. <개정 2016. 9. 29., 2020. 8. 4., 2023. 9. 12., 2024. 3. 12.>
1. 처리하는 개인정보의 항목
2. 법 제28조의8제1항 각 호에 따라 개인정보를 국외로 이전하는 경우 국외 이전의 근거와 같은 조 제2항 각 호의
사항
3. 제30조에 따른 개인정보의 안전성 확보 조치에 관한 사항
4. 국외에서 국내 정보주체의 개인정보를 직접 수집하여 처리하는 경우 개인정보를 처리하는 국가명
② 개인정보처리자는 법 제30조제2항에 따라 수립하거나 변경한 개인정보 처리방침을 개인정보처리자의 인터넷
홈페이지에 지속적으로 게재하여야 한다.
③ 제2항에 따라 인터넷 홈페이지에 게재할 수 없는 경우에는 다음 각 호의 어느 하나 이상의 방법으로 수립하거나
변경한 개인정보 처리방침을 공개하여야 한다.<개정 2023. 9. 12.>
1. 개인정보처리자의 사업장등의 보기 쉬운 장소에 게시하는 방법
2. 관보(개인정보처리자가 공공기관인 경우만 해당한다)나 개인정보처리자의 사업장등이 있는 시ㆍ도 이상의 지역
을 주된 보급지역으로 하는 「신문 등의 진흥에 관한 법률」 제2조제1호가목ㆍ다목 및 같은 조 제2호에 따른 일반
일간신문, 일반주간신문 또는 인터넷신문에 싣는 방법

개인정보 보호법 시행령
3. 같은 제목으로 연 2회 이상 발행하여 정보주체에게 배포하는 간행물ㆍ소식지ㆍ홍보지 또는 청구서 등에 지속적
으로 싣는 방법
4. 재화나 서비스를 제공하기 위하여 개인정보처리자와 정보주체가 작성한 계약서 등에 실어 정보주체에게 발급하
는 방법",19,20,839,true,true,false,false,true,false,false,2026-05-19,active,https://www.law.go.kr/LSW/lsInfoP.do?lsiSeq=286175,/Users/munchaerin/Desktop/졸프 data/개인정보 보호법 시행령(대통령령)(제36340호)(20260519).pdf
kr-pipa-decree-20260519__0053,kr-pipa-decree-20260519,53,제31조의2,제31조의2(개인정보 처리방침의 평가 대상 및 절차),ARTICLE,"제31조의2(개인정보 처리방침의 평가 대상 및 절차) ① 보호위원회는 법 제30조의2제1항에 따라 개인정보 처리방침을
평가하는 경우 다음 각 호의 사항을 종합적으로 고려하여 평가 대상을 선정한다. <개정 2024. 3. 12.>
1. 개인정보처리자의 유형 및 매출액(매출액을 산정하지 않는 경우에는 「법인세법」 제4조제3항제1호에 따른 수익
사업에서 생기는 소득을 말하며, 이하 제32조 및 제48조의7에서 “매출액등”이라 한다) 규모
2. 민감정보 및 고유식별정보 등 처리하는 개인정보의 유형 및 규모
3. 개인정보 처리의 법적 근거 및 방식
4. 법 위반행위 발생 여부
5. 아동ㆍ청소년 등 정보주체의 특성
② 보호위원회는 제1항에 따라 평가 대상 개인정보 처리방침을 선정한 경우에는 평가 개시 10일 전까지 해당 개인
정보처리자에게 평가 내용ㆍ일정 및 절차 등이 포함된 평가계획을 통보해야 한다.
③ 보호위원회는 법 제30조의2에 따른 개인정보 처리방침의 평가에 필요한 경우에는 해당 개인정보처리자에게 의
견을 제출하도록 요청할 수 있다.
④ 보호위원회는 법 제30조의2에 따라 개인정보 처리방침을 평가한 후 그 결과를 지체 없이 해당 개인정보처리자
에게 통보해야 한다.
⑤ 제1항부터 제4항까지에서 규정한 사항 외에 개인정보 처리방침 평가를 위한 세부적인 대상 선정 기준과 절차는
보호위원회가 정하여 고시한다.
[본조신설 2023. 9. 12.]",20,20,701,true,true,false,false,true,false,false,2026-05-19,active,https://www.law.go.kr/LSW/lsInfoP.do?lsiSeq=286175,/Users/munchaerin/Desktop/졸프 data/개인정보 보호법 시행령(대통령령)(제36340호)(20260519).pdf
kr-pipa-decree-20260519__0054,kr-pipa-decree-20260519,54,제32조,제32조(개인정보 보호책임자의 업무 및 지정요건 등),ARTICLE,"제32조(개인정보 보호책임자의 업무 및 지정요건 등) ① 법 제31조제1항 단서에서 “종업원 수, 매출액 등이 대통령령으
로 정하는 기준에 해당하는 개인정보처리자”란 「소상공인기본법」 제2조제1항에 따른 소상공인에 해당하는 개인정
보처리자를 말한다. <신설 2024. 3. 12.>
② 법 제31조제3항제7호에서 “대통령령으로 정한 업무”란 다음 각 호와 같다.<개정 2024. 3. 12.>
1. 법 제30조에 따른 개인정보 처리방침의 수립ㆍ변경 및 시행
2. 개인정보 처리와 관련된 인적ㆍ물적 자원 및 정보의 관리
3. 처리 목적이 달성되거나 보유기간이 지난 개인정보의 파기
③ 개인정보처리자는 법 제31조제1항에 따라 개인정보 보호책임자를 지정하려는 경우에는 다음 각 호의 구분에 따
라 지정한다.<개정 2016. 7. 22., 2024. 3. 12.>
1. 공공기관: 다음 각 목의 구분에 따른 기준에 해당하는 공무원 등
가. 국회, 법원, 헌법재판소, 중앙선거관리위원회의 행정사무를 처리하는 기관 및 중앙행정기관: 고위공무원단에
속하는 공무원(이하 “고위공무원”이라 한다) 또는 그에 상당하는 공무원
나. 가목 외에 정무직공무원을 장(長)으로 하는 국가기관: 3급 이상 공무원(고위공무원을 포함한다) 또는 그에 상
당하는 공무원
다. 가목 및 나목 외에 고위공무원, 3급 공무원 또는 그에 상당하는 공무원 이상의 공무원을 장으로 하는 국가기
관: 4급 이상 공무원 또는 그에 상당하는 공무원
라. 가목부터 다목까지의 규정에 따른 국가기관 외의 국가기관(소속 기관을 포함한다): 해당 기관의 개인정보 처
리 관련 업무를 담당하는 부서의 장
마. 시ㆍ도 및 시ㆍ도 교육청: 3급 이상 공무원 또는 그에 상당하는 공무원
바. 시ㆍ군 및 자치구: 4급 이상 공무원 또는 그에 상당하는 공무원
사. 제2조제5호에 따른 각급 학교: 해당 학교의 행정사무를 총괄하는 사람. 다만, 제4항제2호에 해당하는 경우에
는 교직원을 말한다.

개인정보 보호법 시행령
아. 가목부터 사목까지의 규정에 따른 기관 외의 공공기관: 개인정보 처리 관련 업무를 담당하는 부서의 장. 다만,
개인정보 처리 관련 업무를 담당하는 부서의 장이 2명 이상인 경우에는 해당 공공기관의 장이 지명하는 부서
의 장이 된다.
2. 공공기관 외의 개인정보처리자: 다음 각 목의 어느 하나에 해당하는 사람
가. 사업주 또는 대표자
나. 임원(임원이 없는 경우에는 개인정보 처리 관련 업무를 담당하는 부서의 장)
④ 다음 각 호의 어느 하나에 해당하는 개인정보처리자(공공기관의 경우에는 제2조제2호부터 제5호까지에 해당하
는 경우로 한정한다)는 제3항 각 호의 구분에 따른 사람 중 별표 1에서 정하는 요건을 갖춘 사람을 개인정보 보호책
임자로 지정해야 한다.<개정 2024. 3. 12.>
1. 연간 매출액등이 1,500억원 이상인 자로서 다음 각 목의 어느 하나에 해당하는 자(제2조제5호에 따른 각급 학교
및 「의료법」 제3조에 따른 의료기관은 제외한다)
가. 5만명 이상의 정보주체에 관하여 민감정보 또는 고유식별정보를 처리하는 자
나. 100만명 이상의 정보주체에 관하여 개인정보를 처리하는 자
2. 직전 연도 12월 31일 기준으로 재학생 수(대학원 재학생 수를 포함한다)가 2만명 이상인 「고등교육법」 제2조에
따른 학교
3. 「의료법」 제3조의4에 따른 상급종합병원
4. 공공시스템운영기관
⑤ 보호위원회는 개인정보 보호책임자가 법 제31조제3항의 업무를 원활히 수행할 수 있도록 개인정보 보호책임자
에 대한 교육과정을 개설ㆍ운영하는 등 지원을 할 수 있다.<개정 2013. 3. 23., 2014. 11. 19., 2017. 7. 26., 2020. 8.
4., 2024. 3. 12.>
⑥ 개인정보처리자(법 제31조제2항에 따라 사업주 또는 대표자가 개인정보 보호책임자가 되는 경우는 제외한다)는
법 제31조제6항에 따른 개인정보 보호책임자의 독립성 보장을 위해 다음 각 호의 사항을 준수해야 한다.<신설
2024. 3. 12.>
1. 개인정보 처리와 관련된 정보에 대한 개인정보 보호책임자의 접근 보장
2. 개인정보 보호책임자가 개인정보 보호 계획의 수립ㆍ시행 및 그 결과에 관하여 정기적으로 대표자 또는 이사회
에 직접 보고할 수 있는 체계의 구축
3. 개인정보 보호책임자의 업무 수행에 적합한 조직체계의 마련 및 인적ㆍ물적 자원의 제공",20,21,2136,true,true,false,false,true,false,false,2026-05-19,active,https://www.law.go.kr/LSW/lsInfoP.do?lsiSeq=286175,/Users/munchaerin/Desktop/졸프 data/개인정보 보호법 시행령(대통령령)(제36340호)(20260519).pdf
kr-pipa-decree-20260519__0055,kr-pipa-decree-20260519,55,제32조의2,제32조의2(개인정보 보호책임자 협의회의 사업 범위 등),ARTICLE,"제32조의2(개인정보 보호책임자 협의회의 사업 범위 등) ① 법 제31조제7항에서 “대통령령으로 정하는 공동의 사업”이
란 다음 각 호의 사업을 말한다.
1. 개인정보처리자의 개인정보 보호 강화를 위한 정책의 조사, 연구 및 수립 지원
2. 개인정보 침해사고 분석 및 대책 연구
3. 개인정보 보호책임자 지정ㆍ운영, 업무 수행 현황 등 실태 파악 및 제도 개선을 위한 연구
4. 개인정보 보호책임자 교육 등 개인정보 보호책임자의 개인정보 보호 역량 및 전문성 향상
5. 개인정보 보호책임자의 업무와 관련된 국내외 주요 동향의 조사, 분석 및 공유
6. 그 밖에 개인정보처리시스템 등의 안전한 관리를 위해 필요한 사업
② 보호위원회는 법 제31조제8항에 따라 예산의 범위에서 개인정보 보호책임자 협의회의 운영과 사업에 필요한 행
정적ㆍ기술적 지원을 할 수 있다.
[본조신설 2024. 3. 12.]
[종전 제32조의2는 제32조의3으로 이동 <2024. 3. 12.>]",21,21,485,true,true,false,false,true,false,false,2026-05-19,active,https://www.law.go.kr/LSW/lsInfoP.do?lsiSeq=286175,/Users/munchaerin/Desktop/졸프 data/개인정보 보호법 시행령(대통령령)(제36340호)(20260519).pdf
kr-pipa-decree-20260519__0056,kr-pipa-decree-20260519,56,제32조의3,제32조의3(국내대리인 지정 대상자의 범위 등),ARTICLE,"제32조의3(국내대리인 지정 대상자의 범위 등) ① 법 제31조의2제1항 각 호 외의 부분 전단에서 “대통령령으로 정하는
자”란 다음 각 호의 어느 하나에 해당하는 자를 말한다.
1. 전년도(법인인 경우에는 전 사업연도를 말한다) 전체 매출액이 1조원 이상인 자

개인정보 보호법 시행령
2. 전년도 말 기준 직전 3개월 간 그 개인정보가 저장ㆍ관리되고 있는 국내 정보주체의 수가 일일평균 100만명 이
상인 자
3. 법 제63조제1항에 따라 관계 물품ㆍ서류 등 자료의 제출을 요구받은 자로서 국내대리인을 지정할 필요가 있다고
보호위원회가 심의ㆍ의결한 자
② 제1항제1호에 따른 전체 매출액은 전년도 평균환율을 적용하여 원화로 환산한 금액을 기준으로 한다.
③ 법 제31조의2제2항제2호에서 “대통령령으로 정하는 법인”이란 다음 각 호의 어느 하나에 해당하는 법인을 말한
다.<신설 2025. 9. 23.>
1. 해당 개인정보처리자가 대표이사를 임면하거나 임원의 100분의 50 이상을 선임하거나 선임할 수 있는 법인
2. 해당 개인정보처리자가 발행주식총수 또는 출자총액의 100분의 30 이상을 출자한 법인
④ 법 제31조의2제1항에 따라 국내대리인을 지정한 개인정보처리자는 같은 조 제3항에 따라 국내대리인이 업무를
충실히 수행하도록 다음 각 호에 따라 관리ㆍ감독해야 한다.<신설 2025. 9. 23.>
1. 국내대리인에 대하여 연 1회 이상 국내대리인의 업무에 대한 교육 실시
2. 다음 각 목의 사항에 대한 점검
가. 국내대리인이 업무수행에 대한 계획을 수립하였는지 여부
나. 국내대리인이 업무수행에 대한 계획을 이행하였는지 여부
다. 나목에 따른 계획 이행 여부 점검 결과 개선이 필요한 사항을 개선하였는지 여부
[본조신설 2023. 9. 12.]
[제목개정 2025. 9. 23.]
[제32조의2에서 이동 <2024. 3. 12.>]",21,22,921,true,true,false,false,true,false,false,2026-05-19,active,https://www.law.go.kr/LSW/lsInfoP.do?lsiSeq=286175,/Users/munchaerin/Desktop/졸프 data/개인정보 보호법 시행령(대통령령)(제36340호)(20260519).pdf
kr-pipa-decree-20260519__0057,kr-pipa-decree-20260519,57,제33조,제33조(개인정보파일의 등록사항 등),ARTICLE,"제33조(개인정보파일의 등록사항 등) ① 법 제32조제1항제7호에서 “대통령령으로 정하는 사항”이란 다음 각 호의 사항
을 말한다. <개정 2023. 9. 12.>
1. 개인정보파일을 운용하는 공공기관의 명칭
2. 개인정보파일로 보유하고 있는 개인정보의 정보주체 수
3. 해당 공공기관에서 개인정보 처리 관련 업무를 담당하는 부서
4. 제41조에 따른 개인정보의 열람 요구를 접수ㆍ처리하는 부서
5. 개인정보파일의 개인정보 중 법 제35조제4항에 따라 열람을 제한하거나 거절할 수 있는 개인정보의 범위 및 제
한 또는 거절 사유
② 법 제32조제2항제4호에서 “대통령령으로 정하는 개인정보파일”이란 다음 각 호의 어느 하나에 해당하는 개인정
보파일을 말한다.<신설 2023. 9. 12.>
1. 회의 참석 수당 지급, 자료ㆍ물품의 송부, 금전의 정산 등 단순 업무 수행을 위해 운영되는 개인정보파일로서 지
속적 관리 필요성이 낮은 개인정보파일
2. 공중위생 등 공공의 안전과 안녕을 위하여 긴급히 필요한 경우로서 일시적으로 처리되는 개인정보파일
3. 그 밖에 일회적 업무 처리만을 위해 수집된 개인정보파일로서 저장되거나 기록되지 않는 개인정보파일
[제목개정 2023. 9. 12.]",22,22,605,true,true,false,false,true,false,false,2026-05-19,active,https://www.law.go.kr/LSW/lsInfoP.do?lsiSeq=286175,/Users/munchaerin/Desktop/졸프 data/개인정보 보호법 시행령(대통령령)(제36340호)(20260519).pdf
kr-pipa-decree-20260519__0058,kr-pipa-decree-20260519,58,제34조,제34조(개인정보파일의 등록 및 공개 등),ARTICLE,"제34조(개인정보파일의 등록 및 공개 등) ① 개인정보파일(법 제32조제2항 및 이 영 제33조제2항에 따른 개인정보파일
은 제외한다. 이하 이 조에서 같다)을 운용하는 공공기관의 장은 그 운용을 시작한 날부터 60일 이내에 보호위원회가
정하여 고시하는 바에 따라 보호위원회에 법 제32조제1항 및 이 영 제33조제1항에 따른 등록사항(이하 “등록사항
”이라 한다)의 등록을 신청하여야 한다. 등록 후 등록한 사항이 변경된 경우에도 또한 같다. <개정 2013. 3. 23.,
2014. 11. 19., 2017. 7. 26., 2020. 8. 4., 2023. 9. 12.>
② 보호위원회는 법 제32조제4항에 따라 개인정보파일의 등록 현황을 공개하는 경우 이를 보호위원회가 구축하는
인터넷 사이트에 게재해야 한다.<개정 2013. 3. 23., 2014. 11. 19., 2017. 7. 26., 2020. 8. 4., 2023. 9. 12.>
③ 보호위원회는 제1항에 따른 개인정보파일의 등록사항을 등록하거나 변경하는 업무를 전자적으로 처리할 수 있
도록 시스템을 구축ㆍ운영할 수 있다.<개정 2013. 3. 23., 2014. 11. 19., 2017. 7. 26., 2020. 8. 4.>

개인정보 보호법 시행령",22,23,628,true,true,false,false,true,false,false,2026-05-19,active,https://www.law.go.kr/LSW/lsInfoP.do?lsiSeq=286175,/Users/munchaerin/Desktop/졸프 data/개인정보 보호법 시행령(대통령령)(제36340호)(20260519).pdf
kr-pipa-decree-20260519__0059,kr-pipa-decree-20260519,59,제34조의2,제34조의2(개인정보 보호 인증의 기준ㆍ방법ㆍ절차 등),ARTICLE,"제34조의2(개인정보 보호 인증의 기준ㆍ방법ㆍ절차 등) ① 보호위원회는 제30조제1항 각 호의 사항을 고려하여 개인
정보 보호의 관리적ㆍ기술적ㆍ물리적 보호대책의 수립 등을 포함한 법 제32조의2제1항에 따른 인증의 기준을 정하
여 고시한다. <개정 2017. 7. 26., 2020. 8. 4., 2023. 9. 12.>
② 법 제32조의2제1항 따라 개인정보 보호의 인증을 받으려는 자(이하 이 조 및 제34조의3에서 “신청인”이라 한다
)는 다음 각 호의 사항이 포함된 개인정보 보호 인증신청서(전자문서로 된 신청서를 포함한다)를 제34조의6에 따른
개인정보 보호 인증 전문기관(이하 “인증기관”이라 한다)에 제출하여야 한다.<개정 2024. 3. 12.>
1. 인증 대상 개인정보 처리시스템의 목록
2. 개인정보 관리체계를 수립ㆍ운영하는 방법과 절차
3. 개인정보 관리체계 및 보호대책 구현과 관련되는 문서 목록
③ 인증기관은 제2항에 따른 인증신청서를 받은 경우에는 신청인과 인증의 범위 및 일정 등에 관하여 협의하여야
한다.
④ 법 제32조의2제1항에 따른 개인정보 보호 인증심사는 제34조의8에 따른 개인정보 보호 인증심사원이 서면심사
또는 현장심사의 방법으로 실시한다.
⑤ 인증기관은 제4항에 따른 인증심사의 결과를 심의하기 위하여 정보보호에 관한 학식과 경험이 풍부한 사람을 위
원으로 하는 인증위원회를 설치ㆍ운영하여야 한다.
⑥ 제1항부터 제5항까지에서 규정한 사항 외에 인증신청, 인증심사, 인증위원회의 설치ㆍ운영 및 인증서의 발급 등
개인정보 보호 인증에 필요한 세부사항은 보호위원회가 정하여 고시한다.<개정 2017. 7. 26., 2020. 8. 4.>
[본조신설 2016. 7. 22.]",23,23,846,true,true,false,false,true,false,false,2026-05-19,active,https://www.law.go.kr/LSW/lsInfoP.do?lsiSeq=286175,/Users/munchaerin/Desktop/졸프 data/개인정보 보호법 시행령(대통령령)(제36340호)(20260519).pdf
kr-pipa-decree-20260519__0060,kr-pipa-decree-20260519,60,제34조의3,제34조의3(개인정보 보호 인증의 수수료),ARTICLE,"제34조의3(개인정보 보호 인증의 수수료) ① 신청인은 인증기관에 개인정보 보호 인증 심사에 소요되는 수수료를 납부
하여야 한다.
② 보호위원회는 개인정보 보호 인증 심사에 투입되는 인증 심사원의 수 및 인증심사에 필요한 일수 등을 고려하여
제1항에 따른 수수료 산정을 위한 구체적인 기준을 정하여 고시한다.<개정 2017. 7. 26., 2020. 8. 4.>
[본조신설 2016. 7. 22.]",23,23,222,true,true,false,false,true,false,false,2026-05-19,active,https://www.law.go.kr/LSW/lsInfoP.do?lsiSeq=286175,/Users/munchaerin/Desktop/졸프 data/개인정보 보호법 시행령(대통령령)(제36340호)(20260519).pdf
kr-pipa-decree-20260519__0061,kr-pipa-decree-20260519,61,제34조의4,제34조의4(인증취소),ARTICLE,"제34조의4(인증취소) ① 인증기관은 법 제32조의2제3항에 따라 개인정보 보호 인증을 취소하려는 경우에는 제34조의
2제5항에 따른 인증위원회의 심의ㆍ의결을 거쳐야 한다.
② 보호위원회 또는 인증기관은 법 제32조의2제3항에 따라 인증을 취소한 경우에는 그 사실을 당사자에게 통보하
고, 관보 또는 인증기관의 홈페이지에 공고하거나 게시해야 한다.<개정 2017. 7. 26., 2020. 8. 4.>
[본조신설 2016. 7. 22.]",23,23,244,true,true,false,false,true,false,false,2026-05-19,active,https://www.law.go.kr/LSW/lsInfoP.do?lsiSeq=286175,/Users/munchaerin/Desktop/졸프 data/개인정보 보호법 시행령(대통령령)(제36340호)(20260519).pdf
kr-pipa-decree-20260519__0062,kr-pipa-decree-20260519,62,제34조의5,제34조의5(인증의 사후관리),ARTICLE,"제34조의5(인증의 사후관리) ① 법 제32조의2제4항에 따른 사후관리 심사는 서면심사 또는 현장심사의 방법으로 실시
한다.
② 인증기관은 제1항에 따른 사후관리를 실시한 결과 법 제32조의2제3항 각 호의 사유를 발견한 경우에는 제34조
의2제5항에 따른 인증위원회의 심의를 거쳐 그 결과를 보호위원회에 제출해야 한다.<개정 2017. 7. 26., 2020. 8.
4.>
[본조신설 2016. 7. 22.]",23,23,229,true,true,false,false,false,false,false,2026-05-19,active,https://www.law.go.kr/LSW/lsInfoP.do?lsiSeq=286175,/Users/munchaerin/Desktop/졸프 data/개인정보 보호법 시행령(대통령령)(제36340호)(20260519).pdf
kr-pipa-decree-20260519__0063,kr-pipa-decree-20260519,63,제34조의6,제34조의6(개인정보 보호 인증 전문기관),ARTICLE,"제34조의6(개인정보 보호 인증 전문기관) ① 법 제32조의2제5항에서 “대통령령으로 정하는 전문기관”이란 다음 각 호
의 기관을 말한다. <개정 2016. 9. 29., 2017. 7. 26., 2020. 8. 4.>
1. 한국인터넷진흥원
2. 다음 각 목의 요건을 모두 충족하는 법인, 단체 또는 기관 중에서 보호위원회가 지정ㆍ고시하는 법인, 단체 또는
기관
가. 제34조의8에 따른 개인정보 보호 인증심사원 5명 이상을 보유할 것

개인정보 보호법 시행령
나. 보호위원회가 실시하는 업무수행 요건ㆍ능력 심사에서 적합하다고 인정받을 것
② 제1항제2호에 해당하는 법인, 단체 또는 기관의 지정과 그 지정의 취소에 필요한 세부기준 등은 보호위원회가
정하여 고시한다.<개정 2017. 7. 26., 2020. 8. 4.>
[본조신설 2016. 7. 22.]",23,24,423,true,true,false,false,true,false,false,2026-05-19,active,https://www.law.go.kr/LSW/lsInfoP.do?lsiSeq=286175,/Users/munchaerin/Desktop/졸프 data/개인정보 보호법 시행령(대통령령)(제36340호)(20260519).pdf
kr-pipa-decree-20260519__0064,kr-pipa-decree-20260519,64,제34조의7,제34조의7(인증의 표시 및 홍보),ARTICLE,"제34조의7(인증의 표시 및 홍보) 법 제32조의2제6항에 따라 인증을 받은 자가 인증 받은 내용을 표시하거나 홍보하려
는 경우에는 보호위원회가 정하여 고시하는 개인정보 보호 인증표시를 사용할 수 있다. 이 경우 인증의 범위와 유효
기간을 함께 표시해야 한다. <개정 2017. 7. 26., 2020. 8. 4.>
[본조신설 2016. 7. 22.]",24,24,196,true,true,false,true,true,false,false,2026-05-19,active,https://www.law.go.kr/LSW/lsInfoP.do?lsiSeq=286175,/Users/munchaerin/Desktop/졸프 data/개인정보 보호법 시행령(대통령령)(제36340호)(20260519).pdf
kr-pipa-decree-20260519__0065,kr-pipa-decree-20260519,65,제34조의8,제34조의8(개인정보 보호 인증심사원의 자격 및 자격 취소 요건),ARTICLE,"제34조의8(개인정보 보호 인증심사원의 자격 및 자격 취소 요건) ① 인증기관은 법 제32조의2제7항에 따라 개인정보
보호에 관한 전문지식을 갖춘 사람으로서 인증심사에 필요한 전문 교육과정을 이수하고 시험에 합격한 사람에게 개
인정보 보호 인증심사원(이하 “인증심사원”이라 한다)의 자격을 부여한다.
② 인증기관은 법 제32조의2제7항에 따라 인증심사원이 다음 각 호의 어느 하나에 해당하는 경우 그 자격을 취소할
수 있다. 다만, 제1호에 해당하는 경우에는 자격을 취소하여야 한다.
1. 거짓이나 부정한 방법으로 인증심사원 자격을 취득한 경우
2. 개인정보 보호 인증 심사와 관련하여 금전, 금품, 이익 등을 부당하게 수수한 경우
3. 개인정보 보호 인증 심사 과정에서 취득한 정보를 누설하거나 정당한 사유 없이 업무상 목적 외의 용도로 사용한
경우
③ 제1항 및 제2항에 따른 전문 교육과정의 이수, 인증심사원 자격의 부여 및 취소 등에 관한 세부 사항은 보호위원
회가 정하여 고시한다.<개정 2017. 7. 26., 2020. 8. 4.>
[본조신설 2016. 7. 22.]",24,24,548,true,true,false,false,true,false,false,2026-05-19,active,https://www.law.go.kr/LSW/lsInfoP.do?lsiSeq=286175,/Users/munchaerin/Desktop/졸프 data/개인정보 보호법 시행령(대통령령)(제36340호)(20260519).pdf
kr-pipa-decree-20260519__0066,kr-pipa-decree-20260519,66,제35조,제35조(개인정보 영향평가의 대상),ARTICLE,"제35조(개인정보 영향평가의 대상) 법 제33조제1항에서 “대통령령으로 정하는 기준에 해당하는 개인정보파일”이란 개
인정보를 전자적으로 처리할 수 있는 개인정보파일로서 다음 각 호의 어느 하나에 해당하는 개인정보파일을 말한다.
<개정 2016. 9. 29.>
1. 구축ㆍ운용 또는 변경하려는 개인정보파일로서 5만명 이상의 정보주체에 관한 민감정보 또는 고유식별정보의
처리가 수반되는 개인정보파일
2. 구축ㆍ운용하고 있는 개인정보파일을 해당 공공기관 내부 또는 외부에서 구축ㆍ운용하고 있는 다른 개인정보파
일과 연계하려는 경우로서 연계 결과 50만명 이상의 정보주체에 관한 개인정보가 포함되는 개인정보파일
3. 구축ㆍ운용 또는 변경하려는 개인정보파일로서 100만명 이상의 정보주체에 관한 개인정보파일
4. 법 제33조제1항에 따른 개인정보 영향평가(이하 “영향평가”라 한다)를 받은 후에 개인정보 검색체계 등 개인정보
파일의 운용체계를 변경하려는 경우 그 개인정보파일. 이 경우 영향평가 대상은 변경된 부분으로 한정한다.",24,24,514,true,true,false,false,true,false,false,2026-05-19,active,https://www.law.go.kr/LSW/lsInfoP.do?lsiSeq=286175,/Users/munchaerin/Desktop/졸프 data/개인정보 보호법 시행령(대통령령)(제36340호)(20260519).pdf
kr-pipa-decree-20260519__0067,kr-pipa-decree-20260519,67,제36조,제36조(평가기관의 지정 및 지정취소),ARTICLE,"제36조(평가기관의 지정 및 지정취소) ① 보호위원회는 법 제33조제2항에 따라 다음 각 호의 요건을 모두 갖춘 법인을
개인정보 영향평가기관(이하 “평가기관”이라 한다)으로 지정할 수 있다. <개정 2013. 3. 23., 2014. 11. 19., 2015. 12.
22., 2017. 7. 26., 2020. 8. 4., 2023. 9. 12.>
1. 최근 5년간 다음 각 목의 어느 하나에 해당하는 업무 수행의 대가로 받은 금액의 합계액이 2억원 이상인 법인
가. 영향평가 업무 또는 이와 유사한 업무
나. 「전자정부법」 제2조제13호에 따른 정보시스템(정보보호시스템을 포함한다)의 구축 업무 중 정보보호컨설팅
업무(전자적 침해행위에 대비하기 위한 정보시스템의 분석ㆍ평가와 이에 기초한 정보 보호 대책의 제시 업무
를 말한다. 이하 같다)
다. 「전자정부법」 제2조제14호에 따른 정보시스템 감리 업무 중 정보보호컨설팅 업무
라. 「정보보호산업의 진흥에 관한 법률」 제2조제1항제2호에 따른 정보보호산업에 해당하는 업무 중 정보보호컨
설팅 업무

개인정보 보호법 시행령
마. 「정보보호산업의 진흥에 관한 법률」 제23조제1항제1호 및 제2호에 따른 업무
2. 개인정보 영향평가와 관련된 분야에서의 업무 경력 등 보호위원회가 정하여 고시하는 자격을 갖춘 전문인력을
10명 이상 상시 고용하고 있는 법인
3. 다음 각 목의 사무실 및 설비를 갖춘 법인
가. 신원 확인 및 출입 통제를 위한 설비를 갖춘 사무실
나. 기록 및 자료의 안전한 관리를 위한 설비
② 평가기관으로 지정받으려는 자는 보호위원회가 정하여 고시하는 평가기관 지정신청서에 다음 각 호의 서류를
첨부하여 보호위원회에 제출해야 한다.<개정 2013. 3. 23., 2014. 11. 19., 2017. 7. 26., 2017. 10. 17., 2020. 8. 4.>
1. 정관
2. 대표자의 성명
3. 제1항제2호에 따른 전문인력의 자격을 증명할 수 있는 서류
4. 그 밖에 보호위원회가 정하여 고시하는 서류
③ 제2항에 따라 평가기관 지정신청서를 제출받은 보호위원회는 「전자정부법」 제36조제1항에 따른 행정정보의 공
동이용을 통하여 다음 각 호의 서류를 확인해야 한다. 다만, 신청인이 제2호의 확인에 동의하지 않는 경우에는 신청
인에게 그 서류를 첨부하게 해야 한다.<개정 2013. 3. 23., 2014. 11. 19., 2017. 7. 26., 2020. 8. 4.>
1. 법인 등기사항증명서
2. 「출입국관리법」 제88조제2항에 따른 외국인등록 사실증명(외국인인 경우만 해당한다)
④ 보호위원회는 제1항에 따라 평가기관을 지정한 경우에는 지체 없이 평가기관 지정서를 발급하고, 다음 각 호의
사항을 관보에 고시해야 한다. 고시된 사항이 변경된 경우에도 또한 같다.<개정 2013. 3. 23., 2014. 11. 19., 2017. 7.
26., 2020. 8. 4.>
1. 평가기관의 명칭ㆍ주소 및 전화번호와 대표자의 성명
2. 지정 시 조건을 붙이는 경우 그 조건의 내용
⑤ 법 제33조제7항제5호에서 “대통령령으로 정하는 사유에 해당하는 경우”란 다음 각 호의 어느 하나에 해당하는
경우를 말한다.<개정 2023. 9. 12.>
1. 제6항에 따른 신고의무를 이행하지 않은 경우
2. 평가기관으로 지정된 날부터 2년 이상 계속하여 정당한 사유 없이 영향평가 실적이 없는 경우
3. 제38조제2항 각 호 외의 부분에 따른 영향평가서 등 영향평가 업무 수행 과정에서 알게 된 정보를 누설한 경우
4. 그 밖에 법 또는 이 영에 따른 의무를 위반한 경우
⑥ 제1항에 따라 지정된 평가기관은 지정된 후 다음 각 호의 어느 하나에 해당하는 사유가 발생한 경우에는 보호위
원회가 정하여 고시하는 바에 따라 그 사유가 발생한 날부터 14일 이내에 보호위원회에 신고해야 한다. 다만, 제3호
에 해당하는 경우에는 그 사유가 발생한 날부터 60일 이내에 신고해야 한다.<개정 2013. 3. 23., 2014. 11. 19., 2017.
7. 26., 2017. 10. 17., 2020. 8. 4.>
1. 제1항 각 호의 어느 하나에 해당하는 사항이 변경된 경우
2. 제4항제1호에 해당하는 사항이 변경된 경우
3. 평가기관을 양도ㆍ양수하거나 합병하는 등의 사유가 발생한 경우
⑦ 삭제<2023. 9. 12.>
[제37조에서 이동, 종전 제36조는 제37조로 이동 <2023. 9. 12.>]",24,25,2162,true,true,false,false,true,false,false,2026-05-19,active,https://www.law.go.kr/LSW/lsInfoP.do?lsiSeq=286175,/Users/munchaerin/Desktop/졸프 data/개인정보 보호법 시행령(대통령령)(제36340호)(20260519).pdf
kr-pipa-decree-20260519__0068,kr-pipa-decree-20260519,68,제37조,제37조(영향평가 시 고려사항),ARTICLE,"제37조(영향평가 시 고려사항) 법 제33조제3항제4호에서 “대통령령으로 정한 사항”이란 다음 각 호의 사항을 말한다.
<개정 2023. 9. 12.>
1. 민감정보 또는 고유식별정보의 처리 여부
2. 개인정보 보유기간
[제36조에서 이동, 종전 제37조는 제36조로 이동 <2023. 9. 12.>]

개인정보 보호법 시행령",25,26,182,true,true,false,false,true,false,false,2026-05-19,active,https://www.law.go.kr/LSW/lsInfoP.do?lsiSeq=286175,/Users/munchaerin/Desktop/졸프 data/개인정보 보호법 시행령(대통령령)(제36340호)(20260519).pdf
kr-pipa-decree-20260519__0069,kr-pipa-decree-20260519,69,제38조,제38조(영향평가의 평가기준 등),ARTICLE,"제38조(영향평가의 평가기준 등) ① 법 제33조제9항에 따른 영향평가의 기준(이하 “평가기준”이라 한다)은 다음 각 호
와 같다. <개정 2016. 7. 22., 2023. 9. 12.>
1. 해당 개인정보파일에 포함되는 개인정보의 종류ㆍ성질, 정보주체의 수 및 그에 따른 개인정보 침해의 가능성
2. 법 제23조제2항, 제24조제3항, 제24조의2제2항, 제25조제6항(제25조의2제4항에 따라 준용되는 경우를 포함한다
) 및 제29조에 따른 안전성 확보 조치의 수준 및 이에 따른 개인정보 침해의 가능성
3. 개인정보 침해의 위험요인별 조치 여부
4. 그 밖에 법 및 이 영에 따라 필요한 조치 또는 의무 위반 요소에 관한 사항
② 법 제33조제2항에 따라 영향평가를 의뢰받은 평가기관은 평가기준에 따라 개인정보파일의 운용으로 인한 개인
정보 침해의 위험요인을 분석ㆍ평가한 후 다음 각 호의 사항이 포함된 평가 결과를 영향평가서로 작성하여 해당 공
공기관의 장에게 보내야 하며, 공공기관의 장은 제35조 각 호에 해당하는 개인정보파일을 운용 또는 변경하기 전에
그 영향평가서를 보호위원회에 제출해야 한다.<개정 2023. 9. 12.>
1. 영향평가의 대상 및 범위
2. 평가 분야 및 항목
3. 평가기준에 따른 개인정보 침해의 위험요인에 대한 분석ㆍ평가
4. 제3호의 분석ㆍ평가 결과에 따라 조치한 내용 및 개선계획
5. 영향평가의 결과
6. 제1호부터 제5호까지의 사항에 대하여 요약한 내용
③ 보호위원회 또는 공공기관의 장은 제2항제6호에 따른 영향평가서 요약 내용을 공개할 수 있다.<신설 2023. 9.
12.>
④ 보호위원회는 법 및 이 영에서 정한 사항 외에 평가기관의 지정 및 영향평가의 절차 등에 관한 세부 기준을 정하
여 고시할 수 있다.<개정 2013. 3. 23., 2014. 11. 19., 2017. 7. 26., 2020. 8. 4., 2023. 9. 12.>",26,26,947,true,true,false,false,true,false,false,2026-05-19,active,https://www.law.go.kr/LSW/lsInfoP.do?lsiSeq=286175,/Users/munchaerin/Desktop/졸프 data/개인정보 보호법 시행령(대통령령)(제36340호)(20260519).pdf
kr-pipa-decree-20260519__0070,kr-pipa-decree-20260519,70,제39조,제39조(개인정보 유출 등의 통지),ARTICLE,"제39조(개인정보 유출 등의 통지) ① 개인정보처리자는 개인정보가 분실ㆍ도난ㆍ유출(이하 이 조 및 제40조에서 “유출
등”이라 한다)되었음을 알게 되었을 때에는 서면등의 방법으로 72시간 이내에 법 제34조제1항 각 호의 사항을 정보
주체에게 알려야 한다. 다만, 다음 각 호의 어느 하나에 해당하는 경우에는 해당 사유가 해소된 후 지체 없이 정보주
체에게 알릴 수 있다.
1. 유출등이 된 개인정보의 확산 및 추가 유출등을 방지하기 위하여 접속경로의 차단, 취약점 점검ㆍ보완, 유출등이
된 개인정보의 회수ㆍ삭제 등 긴급한 조치가 필요한 경우
2. 천재지변이나 그 밖에 부득이한 사유로 인하여 72시간 이내에 통지하기 곤란한 경우
② 제1항에도 불구하고 개인정보처리자는 같은 항에 따른 통지를 하려는 경우로서 법 제34조제1항제1호 또는 제
2호의 사항에 관한 구체적인 내용을 확인하지 못한 경우에는 개인정보가 유출등이 된 사실, 그때까지 확인된 내용
및 같은 항 제3호부터 제5호까지의 사항을 서면등의 방법으로 우선 통지해야 하며, 추가로 확인되는 내용에 대해서
는 확인되는 즉시 통지해야 한다.<개정 2024. 3. 12.>
③ 제1항 및 제2항에도 불구하고 개인정보처리자는 정보주체의 연락처를 알 수 없는 경우 등 정당한 사유가 있는
경우에는 법 제34조제1항 각 호 외의 부분 단서에 따라 같은 항 각 호의 사항을 정보주체가 쉽게 알 수 있도록 자신
의 인터넷 홈페이지에 30일 이상 게시하는 것으로 제1항 및 제2항의 통지를 갈음할 수 있다. 다만, 인터넷 홈페이지
를 운영하지 아니하는 개인정보처리자의 경우에는 사업장등의 보기 쉬운 장소에 법 제34조제1항 각 호의 사항을
30일 이상 게시하는 것으로 제1항 및 제2항의 통지를 갈음할 수 있다.
[전문개정 2023. 9. 12.]
[제40조에서 이동, 종전 제39조는 제40조로 이동 <2023. 9. 12.>]",26,26,937,true,true,false,false,true,false,false,2026-05-19,active,https://www.law.go.kr/LSW/lsInfoP.do?lsiSeq=286175,/Users/munchaerin/Desktop/졸프 data/개인정보 보호법 시행령(대통령령)(제36340호)(20260519).pdf
kr-pipa-decree-20260519__0071,kr-pipa-decree-20260519,71,제40조,제40조(개인정보 유출 등의 신고),ARTICLE,"제40조(개인정보 유출 등의 신고) ① 개인정보처리자는 다음 각 호의 어느 하나에 해당하는 경우로서 개인정보가 유출
등이 되었음을 알게 되었을 때에는 72시간 이내에 법 제34조제1항 각 호의 사항을 서면등의 방법으로 보호위원회
또는 같은 조 제3항 전단에 따른 전문기관에 신고해야 한다. 다만, 천재지변이나 그 밖에 부득이한 사유로 인하여
72시간 이내에 신고하기 곤란한 경우에는 해당 사유가 해소된 후 지체 없이 신고할 수 있으며, 개인정보 유출등의

개인정보 보호법 시행령
경로가 확인되어 해당 개인정보를 회수ㆍ삭제하는 등의 조치를 통해 정보주체의 권익 침해 가능성이 현저히 낮아진
경우에는 신고하지 않을 수 있다.
1. 1천명 이상의 정보주체에 관한 개인정보가 유출등이 된 경우
2. 민감정보 또는 고유식별정보가 유출등이 된 경우
3. 개인정보처리시스템 또는 개인정보취급자가 개인정보 처리에 이용하는 정보기기에 대한 외부로부터의 불법적인
접근에 의해 개인정보가 유출등이 된 경우
② 제1항에도 불구하고 개인정보처리자는 제1항에 따른 신고를 하려는 경우로서 법 제34조제1항제1호 또는 제2호
의 사항에 관한 구체적인 내용을 확인하지 못한 경우에는 개인정보가 유출등이 된 사실, 그때까지 확인된 내용 및
같은 항 제3호부터 제5호까지의 사항을 서면등의 방법으로 우선 신고해야 하며, 추가로 확인되는 내용에 대해서는
확인되는 즉시 신고해야 한다.
③ 법 제34조제3항 전단 및 후단에서 “대통령령으로 정하는 전문기관”이란 각각 한국인터넷진흥원을 말한다.
[전문개정 2023. 9. 12.]
[제39조에서 이동, 종전 제40조는 제39조로 이동 <2023. 9. 12.>]",26,27,825,true,true,false,false,true,false,false,2026-05-19,active,https://www.law.go.kr/LSW/lsInfoP.do?lsiSeq=286175,/Users/munchaerin/Desktop/졸프 data/개인정보 보호법 시행령(대통령령)(제36340호)(20260519).pdf
kr-pipa-decree-20260519__0072,kr-pipa-decree-20260519,72,제40조의2,제40조의2(노출된 개인정보의 삭제ㆍ차단 요청 기관),ARTICLE,"제40조의2(노출된 개인정보의 삭제ㆍ차단 요청 기관) 법 제34조의2제2항에서 “대통령령으로 지정한 전문기관”이란 한
국인터넷진흥원을 말한다.
[전문개정 2023. 9. 12.]
제6장 정보주체의 권리 보장",27,27,115,true,true,false,false,true,false,false,2026-05-19,active,https://www.law.go.kr/LSW/lsInfoP.do?lsiSeq=286175,/Users/munchaerin/Desktop/졸프 data/개인정보 보호법 시행령(대통령령)(제36340호)(20260519).pdf
kr-pipa-decree-20260519__0073,kr-pipa-decree-20260519,73,제41조,제41조(개인정보의 열람절차 등),ARTICLE,"제41조(개인정보의 열람절차 등) ① 정보주체는 법 제35조제1항에 따라 자신의 개인정보에 대한 열람을 요구하려면 다
음 각 호의 사항 중 열람하려는 사항을 개인정보처리자가 마련한 방법과 절차에 따라 요구하여야 한다. <개정 2013.
3. 23., 2014. 11. 19., 2017. 7. 26., 2017. 10. 17.>
1. 개인정보의 항목 및 내용
2. 개인정보의 수집ㆍ이용의 목적
3. 개인정보 보유 및 이용 기간
4. 개인정보의 제3자 제공 현황
5. 개인정보 처리에 동의한 사실 및 내용
② 개인정보처리자는 제1항에 따른 열람 요구 방법과 절차를 마련하는 경우 해당 개인정보의 수집 방법과 절차에
비하여 어렵지 아니하도록 다음 각 호의 사항을 준수하여야 한다.<신설 2017. 10. 17.>
1. 서면, 전화, 전자우편, 인터넷 등 정보주체가 쉽게 활용할 수 있는 방법으로 제공할 것
2. 개인정보를 수집한 창구의 지속적 운영이 곤란한 경우 등 정당한 사유가 있는 경우를 제외하고는 최소한 개인정
보를 수집한 창구 또는 방법과 동일하게 개인정보의 열람을 요구할 수 있도록 할 것
3. 인터넷 홈페이지를 운영하는 개인정보처리자는 홈페이지에 열람 요구 방법과 절차를 공개할 것
③ 정보주체가 법 제35조제2항에 따라 보호위원회를 통하여 자신의 개인정보에 대한 열람을 요구하려는 경우에는
보호위원회가 정하여 고시하는 바에 따라 제1항 각 호의 사항 중 열람하려는 사항을 표시한 개인정보 열람요구서를
보호위원회에 제출해야 한다. 이 경우 보호위원회는 지체 없이 그 개인정보 열람요구서를 해당 공공기관에 이송해
야 한다.<개정 2013. 3. 23., 2014. 11. 19., 2017. 7. 26., 2017. 10. 17., 2020. 8. 4.>
④ 법 제35조제3항 전단에서 “대통령령으로 정하는 기간”이란 10일을 말한다.<개정 2017. 10. 17.>
⑤ 개인정보처리자는 제1항 및 제3항에 따른 개인정보 열람 요구를 받은 날부터 10일 이내에 정보주체에게 해당 개
인정보를 열람할 수 있도록 하는 경우와 제42조제1항에 따라 열람 요구 사항 중 일부를 열람하게 하는 경우에는 열
람할 개인정보와 열람이 가능한 날짜ㆍ시간 및 장소 등(제42조제1항에 따라 열람 요구 사항 중 일부만을 열람하게
하는 경우에는 그 사유와 이의제기방법을 포함한다)을 보호위원회가 정하여 고시하는 열람통지서로 해당 정보주체
에게 알려야 한다. 다만, 즉시 열람하게 하는 경우에는 열람통지서 발급을 생략할 수 있다.<개정 2013. 3. 23., 2014.

개인정보 보호법 시행령
11. 19., 2017. 7. 26., 2017. 10. 17., 2020. 8. 4.>",27,28,1327,true,true,false,true,true,false,false,2026-05-19,active,https://www.law.go.kr/LSW/lsInfoP.do?lsiSeq=286175,/Users/munchaerin/Desktop/졸프 data/개인정보 보호법 시행령(대통령령)(제36340호)(20260519).pdf
kr-pipa-decree-20260519__0074,kr-pipa-decree-20260519,74,제42조,제42조(개인정보 열람의 제한ㆍ연기 및 거절),ARTICLE,"제42조(개인정보 열람의 제한ㆍ연기 및 거절) ① 개인정보처리자는 제41조제1항에 따른 열람 요구 사항 중 일부가 법
제35조제4항 각 호의 어느 하나에 해당하는 경우에는 그 일부에 대하여 열람을 제한할 수 있으며, 열람이 제한되는
사항을 제외한 부분은 열람할 수 있도록 하여야 한다.
② 개인정보처리자가 법 제35조제3항 후단에 따라 정보주체의 열람을 연기하거나 같은 조 제4항에 따라 열람을 거
절하려는 경우에는 열람 요구를 받은 날부터 10일 이내에 연기 또는 거절의 사유 및 이의제기방법을 보호위원회가
정하여 고시하는 열람의 연기ㆍ거절 통지서로 해당 정보주체에게 알려야 한다.<개정 2013. 3. 23., 2014. 11. 19.,
2017. 7. 26., 2020. 8. 4.>",28,28,385,true,true,false,false,true,false,false,2026-05-19,active,https://www.law.go.kr/LSW/lsInfoP.do?lsiSeq=286175,/Users/munchaerin/Desktop/졸프 data/개인정보 보호법 시행령(대통령령)(제36340호)(20260519).pdf
kr-pipa-decree-20260519__0075,kr-pipa-decree-20260519,75,제42조의2,제42조의2(정보전송자 기준),ARTICLE,"제42조의2(정보전송자 기준) 법 제35조의2제1항 각 호 외의 부분 및 제2항 각 호 외의 부분에서 “대통령령으로 정하는
기준에 해당하는 개인정보처리자”란 각각 다음 각 호의 어느 하나에 해당하는 자(이하 “정보전송자”라 한다)를 말한
다. <개정 2025. 10. 1.>
1. 보건의료 관련 기관, 법인 및 단체 중 다음 각 목의 어느 하나에 해당하는 자(이하 “보건의료정보전송자”라 한다)
가. 질병관리청
나. 「국민건강보험법」 제13조에 따른 국민건강보험공단 및 같은 법 제62조에 따른 건강보험심사평가원
다. 「의료법」 제3조의4에 따른 상급종합병원
라. 그 밖에 「보건의료기본법」 제3조제4호에 따른 보건의료기관 중 개인정보를 전송할 수 있는 기술적ㆍ재정적
능력과 그 개인정보가 저장ㆍ관리되고 있는 정보주체의 수 등을 고려하여 보호위원회가 보건복지부장관과 협
의하여 고시하는 자
2. 통신 관련 기관, 법인 및 단체 중 다음 각 목의 어느 하나에 해당하는 자(이하 “통신정보전송자”라 한다)
가. 「전파법」 제10조에 따라 주파수를 할당받아 이동통신서비스를 제공하는 자로서 정보주체와 이동통신서비스
의 이용에 관한 계약을 체결한 자
나. 그 밖에 「전기통신사업법」 제5조제2항에 따른 기간통신사업을 경영하는 자 중 개인정보를 전송할 수 있는 기
술적ㆍ재정적 능력과 그 개인정보가 저장ㆍ관리되고 있는 정보주체의 수 등을 고려하여 보호위원회와 과학기
술정보통신부장관이 공동으로 정하여 고시하는 자
3. 에너지 관련 기관, 법인 및 단체 중 다음 각 목의 어느 하나에 해당하는 자(이하 “에너지정보전송자”라 한다)
가. 「전기사업법」 제2조제10호에 따른 전기판매사업자
나. 다음의 어느 하나에 해당하는 자 중 개인정보를 전송할 수 있는 기술적ㆍ재정적 능력과 그 개인정보가 저장ㆍ
관리되고 있는 정보주체의 수 등을 고려하여 보호위원회와 산업통상부장관이 공동으로 정하여 고시하는 자
1) 「도시가스사업법」 제2조제2호에 따른 도시가스사업자
2) 그 밖의 「도시가스사업법」 제2조제1호의2에 따른 도시가스사업 관련 기관, 법인 및 단체
[본조신설 2025. 2. 25.]
[시행일: 2026. 6. 1.] 제42조의2제3호",28,28,1077,true,true,false,false,true,true,false,2026-05-19,active,https://www.law.go.kr/LSW/lsInfoP.do?lsiSeq=286175,/Users/munchaerin/Desktop/졸프 data/개인정보 보호법 시행령(대통령령)(제36340호)(20260519).pdf
kr-pipa-decree-20260519__0076,kr-pipa-decree-20260519,76,제42조의2,제42조의2(정보전송자 기준),ARTICLE,"제42조의2(정보전송자 기준) ① 법 제35조의2제1항 각 호 외의 부분에서 “대통령령으로 정하는 기준에 해당하는 개인
정보처리자”란 다음 각 호의 어느 하나에 해당하는 개인정보처리자(이하 “본인대상정보전송자”라 한다)를 말한다.
<신설 2026. 2. 19.>
1. 「중소기업기본법 시행령」 제7조에 따라 산정한 같은 영 제3조제1항제1호가목에 따른 평균매출액등이 1,800억원
을 초과하는 자로서 다음 각 목의 어느 하나에 해당하는 자(제2조제5호에 따른 각급 학교 및 「의료법」 제3조에
따른 의료기관은 제외한다). 이 경우 다음 각 목에 규정된 정보주체의 수는 전년도 말 기준 직전 3개월 간 일일평
균을 기준으로 산정한다.
가. 5만명 이상의 정보주체의 민감정보 또는 고유식별정보를 처리하는 자
나. 100만명 이상의 정보주체의 개인정보를 처리하는 자

개인정보 보호법 시행령
2. 공공시스템운영기관
3. 법 제35조의2제2항에 따른 개인정보처리자
② 법 제35조의2제2항 각 호 외의 부분에서 “대통령령으로 정하는 기준에 해당하는 개인정보처리자”란 다음 각 호
의 어느 하나에 해당하는 개인정보처리자(이하 “제3자대상정보전송자”라 한다)를 말한다.<개정 2025. 10. 1., 2026.
2. 19.>
1. 보건의료 관련 기관, 법인 및 단체 중 다음 각 목의 어느 하나에 해당하는 자(이하 “보건의료정보전송자”라 한다)
가. 질병관리청
나. 「국민건강보험법」 제13조에 따른 국민건강보험공단 및 같은 법 제62조에 따른 건강보험심사평가원
다. 「의료법」 제3조의4에 따른 상급종합병원
라. 그 밖에 「보건의료기본법」 제3조제4호에 따른 보건의료기관 중 개인정보를 전송할 수 있는 기술적ㆍ재정적
능력과 그 개인정보가 저장ㆍ관리되고 있는 정보주체의 수 등을 고려하여 보호위원회가 보건복지부장관과 협
의하여 고시하는 자
2. 통신 관련 기관, 법인 및 단체 중 다음 각 목의 어느 하나에 해당하는 자(이하 “통신정보전송자”라 한다)
가. 「전파법」 제10조에 따라 주파수를 할당받아 이동통신서비스를 제공하는 자로서 정보주체와 이동통신서비스
의 이용에 관한 계약을 체결한 자
나. 그 밖에 「전기통신사업법」 제5조제2항에 따른 기간통신사업을 경영하는 자 중 개인정보를 전송할 수 있는 기
술적ㆍ재정적 능력과 그 개인정보가 저장ㆍ관리되고 있는 정보주체의 수 등을 고려하여 보호위원회와 과학기
술정보통신부장관이 공동으로 정하여 고시하는 자
3. 에너지 관련 기관, 법인 및 단체 중 다음 각 목의 어느 하나에 해당하는 자(이하 “에너지정보전송자”라 한다)
가. 「전기사업법」 제2조제10호에 따른 전기판매사업자
나. 다음의 어느 하나에 해당하는 자 중 개인정보를 전송할 수 있는 기술적ㆍ재정적 능력과 그 개인정보가 저장ㆍ
관리되고 있는 정보주체의 수 등을 고려하여 보호위원회와 산업통상부장관이 공동으로 정하여 고시하는 자
1) 「도시가스사업법」 제2조제2호에 따른 도시가스사업자
2) 그 밖의 「도시가스사업법」 제2조제1호의2에 따른 도시가스사업 관련 기관, 법인 및 단체
[본조신설 2025. 2. 25.]
[시행일: 2027. 2. 20.] 제42조의2제1항제1호
[시행일: 2026. 8. 20.] 제42조의2",28,29,1578,true,true,false,false,true,true,false,2026-05-19,active,https://www.law.go.kr/LSW/lsInfoP.do?lsiSeq=286175,/Users/munchaerin/Desktop/졸프 data/개인정보 보호법 시행령(대통령령)(제36340호)(20260519).pdf
kr-pipa-decree-20260519__0077,kr-pipa-decree-20260519,77,제42조의3,제42조의3(일반수신자 기준),ARTICLE,"제42조의3(일반수신자 기준) ① 법 제35조의2제2항제2호에서 “대통령령으로 정하는 시설 및 기술 기준을 충족하는 자
”란 고유의 업무를 수행하는 과정에서 수집한 정보의 진위 여부 등을 확인하기 위하여 개인정보를 전송받는 자로서
다음 각 호의 사항에 관하여 보호위원회가 정하여 고시하는 시설 및 기술을 갖춘 자를 말한다.
1. 표준 전송 절차, 전송시스템 연계 및 전송 보안 기준 등을 충족하는 전송 요구 관련 시스템
2. 전송 이력의 기록ㆍ보관 및 전송받은 개인정보의 분리 보관을 위한 시스템
3. 개인정보에 대한 불법적인 접근 및 침해사고 방지를 위한 탐지 및 차단 시스템
4. 개인정보에 대한 접근권한 관리 및 접근 통제 시스템
② 법 제29조에 따른 안전조치의무를 이행하고 제1항에 따른 시설 및 기술을 갖춘 자(이하 “일반수신자”라 한다)는
법 제35조의2제2항에 따른 전송 요구(이하 “제3자전송요구”라 한다)에 따라 개인정보를 전송받는 업무의 일부 또는
전부를 중지 또는 폐지하려는 경우에는 그 사실을 미리 제42조의9제1항제1호에 따른 중계전문기관(이하 “중계전문
기관”이라 한다)에 통지하고 법 제35조의4제2항에 따른 개인정보 전송 지원 플랫폼(이하 “개인정보전송지원플랫폼
”이라 한다)에 등재해야 한다.
[본조신설 2025. 2. 25.]",29,29,649,true,true,false,false,true,false,false,2026-05-19,active,https://www.law.go.kr/LSW/lsInfoP.do?lsiSeq=286175,/Users/munchaerin/Desktop/졸프 data/개인정보 보호법 시행령(대통령령)(제36340호)(20260519).pdf
kr-pipa-decree-20260519__0078,kr-pipa-decree-20260519,78,제42조의4,제42조의4(전송 요구 대상 정보의 범위),ARTICLE,"제42조의4(전송 요구 대상 정보의 범위) ① 정보주체는 법 제35조의2제1항 또는 제2항에 따라 정보전송자에 대하여 다
음 각 호의 구분에 따른 개인정보를 자신, 법 제35조의3제1항에 따라 지정을 받은 개인정보관리 전문기관(이하 “개
인정보관리 전문기관”이라 한다) 또는 일반수신자에게 전송할 것을 요구할 수 있다. <개정 2025. 10. 1.>

개인정보 보호법 시행령
1. 보건의료정보전송자: 다음 각 목의 보건의료 관련 정보 중 정보주체의 이익, 전송에 필요한 시간ㆍ비용 및 기술적
으로 전송 가능한 합리적인 범위 등을 고려하여 보호위원회가 보건복지부장관과 협의하여 고시하는 정보(이하
“보건의료전송정보”라 한다)로서 해당 보건의료정보전송자가 보유하는 정보
가. 「의료법」 제22조 및 제23조에 따른 진료기록 등 진료와 관련하여 생성된 정보
나. 「약사법」 제30조에 따른 조제기록 등 조제와 관련하여 생성된 정보
다. 「의료기기법」 제2조제1항에 따른 의료기기를 통하여 생성ㆍ수집된 정보
라. 그 밖에 가목부터 다목까지와 유사한 보건의료 관련 정보
2. 통신정보전송자: 「전기통신사업법」 제2조제11호에 따른 기간통신역무를 제공함에 따라 생성된 이용자의 가입정
보, 이용정보, 이용요금의 청구정보 및 납부정보 등의 정보 중 정보주체의 이익, 전송에 필요한 시간ㆍ비용 및 기
술적으로 전송 가능한 합리적인 범위 등을 고려하여 보호위원회와 과학기술정보통신부장관이 공동으로 정하여
고시하는 정보(이하 “통신전송정보”라 한다)로서 해당 통신정보전송자가 보유하는 정보
3. 에너지정보전송자: 다음 각 목의 에너지 관련 정보 중 정보주체의 이익, 전송에 필요한 시간ㆍ비용 및 기술적으로
전송 가능한 합리적인 범위 등을 고려하여 보호위원회, 산업통상부장관 및 기후에너지환경부장관이 공동으로 정
하여 고시하는 정보(이하 “에너지전송정보”라 한다)로서 해당 에너지정보전송자가 보유하는 정보
가. 「전기사업법」 제14조에 따른 전기 공급에 따라 생성된 에너지 사용량 정보, 전기요금의 청구정보 및 납부정
보 등의 정보
나. 「도시가스사업법」 제19조에 따른 도시가스 공급에 따라 생성된 에너지 사용량 정보, 도시가스 요금의 청구정
보 및 납부정보 등의 정보
다. 그 밖에 가목 및 나목과 유사한 에너지 관련 정보
② 정보주체는 제1항에 따른 정보 외에 법 제35조의2제1항에 따라 정보전송자가 보유하는 정보로서 시간, 비용, 기
술 등을 고려하여 정보주체에게 전송할 수 있다고 해당 정보전송자가 자율적으로 정한 정보(이하 “자율전송정보”라
한다)를 자신에게 전송할 것을 요구할 수 있다.
③ 정보주체는 법 제35조의2제2항에 따라 정보전송자에 대하여 보건의료전송정보, 통신전송정보 및 에너지전송정
보를 개인정보관리 전문기관 또는 일반수신자에게 전송할 것을 요구하는 경우 제1항에도 불구하고 전송받는 자에
따라 보호위원회가 정하여 고시하는 정보는 전송을 요구할 수 없다.
④ 보호위원회(제1항제2호 및 제3호에 따라 보호위원회와 공동으로 정하여 고시하는 관계 중앙행정기관의 장을 포
함한다)는 제1항 각 호의 정보가 「전자정부법」 제43조의2제1항에 따른 행정기관등이 보유하는 본인정보에 해당하
는 경우에는 제1항에 따라 고시하기 전에 전송 요구의 대상이 되는 정보 및 전송방법에 대하여 행정안전부장관과
미리 협의해야 한다.
[본조신설 2025. 2. 25.]
[시행일: 2026. 6. 1.] 제42조의4제1항제3호",29,30,1686,true,true,false,false,true,true,false,2026-05-19,active,https://www.law.go.kr/LSW/lsInfoP.do?lsiSeq=286175,/Users/munchaerin/Desktop/졸프 data/개인정보 보호법 시행령(대통령령)(제36340호)(20260519).pdf
kr-pipa-decree-20260519__0079,kr-pipa-decree-20260519,79,제42조의4,제42조의4(전송 요구 대상 정보의 범위),ARTICLE,"제42조의4(전송 요구 대상 정보의 범위) ① 정보주체는 법 제35조의2제1항에 따라 본인대상정보전송자에 대하여 같은
항 각 호의 요건을 모두 충족하는 개인정보 중 다음 각 호의 어느 하나에 해당하지 않는 개인정보(이하 “본인전송정
보”라 한다)를 자신에게 전송할 것을 요구할 수 있다. <신설 2026. 2. 19.>
1. 전송 요구로 인하여 타인의 권리나 정당한 이익을 침해하거나 침해할 우려가 있는 정보
2. 「부정경쟁방지 및 영업비밀보호에 관한 법률」에 따른 영업비밀 또는 「산업기술의 유출방지 및 보호에 관한 법률
」에 따른 산업기술 등 다른 법령에 따라 보호가 필요한 정보
3. 복호화(複號化)되지 않도록 일방향 암호화하여 저장된 정보
② 정보주체는 법 제35조의2제2항에 따라 제3자대상정보전송자에 대하여 다음 각 호의 구분에 따른 개인정보(이하
“제3자전송정보”라 한다)를 법 제35조의3제1항에 따라 지정을 받은 개인정보관리 전문기관(이하 “개인정보관리 전
문기관”이라 한다) 또는 일반수신자에게 전송할 것을 요구할 수 있다.<개정 2025. 10. 1., 2026. 2. 19.>
1. 보건의료정보전송자: 다음 각 목의 보건의료 관련 정보 중 정보주체의 이익, 전송에 필요한 시간ㆍ비용 및 기술적
으로 전송 가능한 합리적인 범위 등을 고려하여 보호위원회가 보건복지부장관과 협의하여 고시하는 정보(이하

개인정보 보호법 시행령
“보건의료전송정보”라 한다)로서 해당 보건의료정보전송자가 보유하는 정보
가. 「의료법」 제22조 및 제23조에 따른 진료기록 등 진료와 관련하여 생성된 정보
나. 「약사법」 제30조에 따른 조제기록 등 조제와 관련하여 생성된 정보
다. 「의료기기법」 제2조제1항에 따른 의료기기를 통하여 생성ㆍ수집된 정보
라. 그 밖에 가목부터 다목까지와 유사한 보건의료 관련 정보
2. 통신정보전송자: 「전기통신사업법」 제2조제11호에 따른 기간통신역무를 제공함에 따라 생성된 이용자의 가입정
보, 이용정보, 이용요금의 청구정보 및 납부정보 등의 정보 중 정보주체의 이익, 전송에 필요한 시간ㆍ비용 및 기
술적으로 전송 가능한 합리적인 범위 등을 고려하여 보호위원회와 과학기술정보통신부장관이 공동으로 정하여
고시하는 정보(이하 “통신전송정보”라 한다)로서 해당 통신정보전송자가 보유하는 정보
3. 에너지정보전송자: 다음 각 목의 에너지 관련 정보 중 정보주체의 이익, 전송에 필요한 시간ㆍ비용 및 기술적으로
전송 가능한 합리적인 범위 등을 고려하여 보호위원회, 산업통상부장관 및 기후에너지환경부장관이 공동으로 정
하여 고시하는 정보(이하 “에너지전송정보”라 한다)로서 해당 에너지정보전송자가 보유하는 정보
가. 「전기사업법」 제14조에 따른 전기 공급에 따라 생성된 에너지 사용량 정보, 전기요금의 청구정보 및 납부정
보 등의 정보
나. 「도시가스사업법」 제19조에 따른 도시가스 공급에 따라 생성된 에너지 사용량 정보, 도시가스 요금의 청구정
보 및 납부정보 등의 정보
다. 그 밖에 가목 및 나목과 유사한 에너지 관련 정보
③ 정보주체는 본인전송정보 외에 본인대상정보전송자가 보유하는 정보로서 시간, 비용, 기술 등을 고려하여 정보
주체에게 전송할 수 있다고 본인대상정보전송자가 자율적으로 정한 정보(이하 “자율전송정보”라 한다)를 자신에게
전송할 것을 요구할 수 있다.<개정 2026. 2. 19.>
④ 정보주체는 법 제35조의2제2항에 따라 제3자대상정보전송자에 대하여 보건의료전송정보, 통신전송정보 및 에너
지전송정보를 개인정보관리 전문기관 또는 일반수신자에게 전송할 것을 요구하는 경우 제2항에도 불구하고 전송받
는 자에 따라 보호위원회가 정하여 고시하는 정보는 전송을 요구할 수 없다.<개정 2026. 2. 19.>
⑤ 보호위원회(제2항제2호 및 제3호에 따라 보호위원회와 공동으로 정하여 고시하는 관계 중앙행정기관의 장을 포
함한다)는 제2항 각 호의 정보가 「전자정부법」 제43조의2제1항에 따른 행정기관등이 보유하는 본인정보에 해당하
는 경우에는 제2항 각 호에 따라 고시하기 전에 전송 요구의 대상이 되는 정보 및 전송방법에 대하여 행정안전부장
관과 미리 협의해야 한다.<개정 2026. 2. 19.>
[본조신설 2025. 2. 25.]
[시행일: 2026. 8. 20.] 제42조의4",30,31,2090,true,true,false,false,true,true,false,2026-05-19,active,https://www.law.go.kr/LSW/lsInfoP.do?lsiSeq=286175,/Users/munchaerin/Desktop/졸프 data/개인정보 보호법 시행령(대통령령)(제36340호)(20260519).pdf
kr-pipa-decree-20260519__0080,kr-pipa-decree-20260519,80,제42조의5,제42조의5(전송 요구의 방법 등),ARTICLE,"제42조의5(전송 요구의 방법 등) ① 정보주체는 법 제35조의2제1항에 따른 전송 요구(이하 “본인전송요구”라 한다)를
하는 경우에는 전송 요구 목적 및 전송을 요구하는 개인정보를 특정해야 한다.
② 정보주체는 제3자전송요구를 하는 경우에는 다음 각 호의 사항을 특정해야 한다.
1. 전송 요구 목적
2. 전송 요구를 받는 자
3. 개인정보를 전송받는 자
4. 전송을 요구하는 개인정보
5. 정기적 전송을 요구하는지 여부 및 요구하는 경우 그 주기[제4항에 따라 정보전송자에게 제42조의9제1항제2호
에 따른 일반전문기관(이하 “일반전문기관”이라 한다) 및 같은 항 제3호에 따른 특수전문기관(이하 “특수전문기관
”이라 한다)에 대한 제3자전송요구를 하는 경우에 한정한다]
6. 전송 요구의 종료시점
7. 전송을 요구하는 개인정보의 보유 및 이용기간
③ 정보주체는 개인정보관리 전문기관 또는 일반수신자를 통하여 정보전송자에게 제3자전송요구를 할 수 있다. 이
경우 개인정보관리 전문기관 또는 일반수신자는 제2항 각 호의 사항에 대하여 정보주체가 그 내용을 명확하게 인지

개인정보 보호법 시행령
하고 제3자전송요구를 할 수 있도록 미리 알려야 한다.
④ 정보주체는 정보전송자에게 일반전문기관 및 특수전문기관에 대한 제3자전송요구를 하는 경우 같은 내역의 개
인정보를 정기적으로 전송할 것을 요구할 수 있다.
⑤ 정보주체는 제1항부터 제4항까지의 규정에 따른 전송 요구를 변경하거나 철회할 수 있다. 이 경우 정보전송자,
개인정보관리 전문기관 및 일반수신자는 전송 요구 변경 및 철회의 방법ㆍ절차가 전송 요구 당시의 방법ㆍ절차보
다 어렵지 않도록 해야 한다.
[본조신설 2025. 2. 25.]",31,32,836,true,true,false,false,true,false,false,2026-05-19,active,https://www.law.go.kr/LSW/lsInfoP.do?lsiSeq=286175,/Users/munchaerin/Desktop/졸프 data/개인정보 보호법 시행령(대통령령)(제36340호)(20260519).pdf
kr-pipa-decree-20260519__0081,kr-pipa-decree-20260519,81,제42조의5,제42조의5(전송 요구의 방법 등),ARTICLE,"제42조의5(전송 요구의 방법 등) ① 정보주체는 법 제35조의2제1항에 따른 전송 요구(이하 “본인전송요구”라 한다)를
하는 경우에는 전송 요구 목적 및 전송을 요구하는 개인정보를 특정해야 한다.
② 본인대상정보전송자는 정보주체가 법 제38조제1항에 따른 대리인을 통해 본인대상정보전송자에게 본인전송요
구를 하는 경우로서 대리인이 제42조의6제3항제1호나목에 따라 사전에 협의한 방식으로 개인정보를 전송하도록
본인전송요구를 하는 경우 정당한 사유 없이 거절해서는 안 된다.<신설 2026. 2. 19.>
③ 정보주체는 제3자전송요구를 하는 경우에는 다음 각 호의 사항을 특정해야 한다.<개정 2026. 2. 19.>
1. 전송 요구 목적
2. 전송 요구를 받는 자
3. 개인정보를 전송받는 자
4. 전송을 요구하는 개인정보
5. 정기적 전송을 요구하는지 여부 및 요구하는 경우 그 주기[제5항에 따라 제3자대상정보전송자에게 제42조의9제
1항제2호에 따른 일반전문기관(이하 “일반전문기관”이라 한다) 및 같은 항 제3호에 따른 특수전문기관(이하 “특
수전문기관”이라 한다)에 대한 제3자전송요구를 하는 경우에 한정한다]
6. 전송 요구의 종료시점
7. 전송을 요구하는 개인정보의 보유 및 이용기간
④ 정보주체는 개인정보관리 전문기관 또는 일반수신자를 통하여 제3자대상정보전송자에게 제3자전송요구를 할
수 있다. 이 경우 개인정보관리 전문기관 또는 일반수신자는 제3항 각 호의 사항에 대하여 정보주체가 그 내용을 명
확하게 인지하고 제3자전송요구를 할 수 있도록 미리 알려야 한다.<개정 2026. 2. 19.>
⑤ 정보주체는 제3자대상정보전송자에게 일반전문기관 및 특수전문기관에 대한 제3자전송요구를 하는 경우 같은
내역의 개인정보를 정기적으로 전송할 것을 요구할 수 있다.<개정 2026. 2. 19.>
⑥ 정보주체는 제1항부터 제5항까지의 규정에 따른 전송 요구를 변경하거나 철회할 수 있다. 이 경우 본인대상정보
전송자, 제3자대상정보전송자, 개인정보관리 전문기관 및 일반수신자는 전송 요구 변경 및 철회의 방법ㆍ절차가 전
송 요구 당시의 방법ㆍ절차보다 어렵지 않도록 해야 한다.<개정 2026. 2. 19.>
[본조신설 2025. 2. 25.]
[시행일: 2026. 8. 20.] 제42조의5",32,32,1120,true,true,false,false,true,false,false,2026-05-19,active,https://www.law.go.kr/LSW/lsInfoP.do?lsiSeq=286175,/Users/munchaerin/Desktop/졸프 data/개인정보 보호법 시행령(대통령령)(제36340호)(20260519).pdf
kr-pipa-decree-20260519__0082,kr-pipa-decree-20260519,82,제42조의6,제42조의6(개인정보 전송의 기한 및 방법 등),ARTICLE,"제42조의6(개인정보 전송의 기한 및 방법 등) ① 법 제35조의2제1항 및 제2항에 따라 전송 요구를 받은 정보전송자는
정보시스템 장애 등으로 전송이 지연되거나 불가능한 사유가 없으면 지체 없이 개인정보를 전송해야 한다. 이 경우
정보전송자는 지체 없이 전송할 수 없는 정당한 사유가 있는 경우에는 정보주체에게 그 사유를 알리고 전송을 연기
할 수 있으며, 그 사유가 소멸하면 지체 없이 개인정보를 전송해야 한다.
② 정보전송자는 개인정보를 전송하는 경우 개인정보의 정확성, 완전성 및 최신성을 유지해야 한다.
③ 정보전송자는 전송의 안전성 및 신뢰성이 보장될 수 있도록 다음 각 호의 방식(본인전송요구의 경우에는 제1호
에 한정한다)에 따라 개인정보를 전송해야 한다.
1. 정보 전송 시 안전한 암호 알고리즘으로 암호화하여 전송하는 방식
2. 정보전송자와 개인정보관리 전문기관 및 일반수신자 간에 미리 협의하여 정하는 방식
3. 정보전송자와 개인정보관리 전문기관 및 일반수신자 간 상호 식별ㆍ인증할 수 있는 방식

개인정보 보호법 시행령
4. 정보전송자와 개인정보관리 전문기관 및 일반수신자 간 상호 확인할 수 있는 방식
④ 정보전송자는 제3자전송요구에 따라 개인정보를 전송하는 경우에는 중계전문기관을 통하여 전송해야 한다. 이
경우 정보전송자는 보건의료전송정보에 대해서는 중계전문기관을 통하여 특수전문기관에만 전송해야 한다.
⑤ 정보전송자는 정보주체가 법 제35조의2제1항에 따라 개인정보 전송을 요구하고 전송 내역 등을 확인할 수 있도
록 본인전송요구 방법, 전송 현황 및 내역을 확인할 수 있는 방법을 인터넷 홈페이지 등에 게재해야 한다. 다만, 보
건의료정보전송자 및 에너지정보전송자의 경우에는 중계전문기관이 대신하여 게재할 수 있다.
⑥ 일반수신자는 제3자전송요구에 따라 개인정보를 전송받는 경우 다음 각 호의 어느 하나에 해당하는 행위로 인하
여 정보주체의 이익을 침해하거나 전송 처리 체계를 저해하지 않도록 노력해야 한다.
1. 법 제16조제1항을 위반하여 전송 요구 목적과 관련 없는 개인정보를 전송하도록 요구하는 행위
2. 법 제16조제3항에 따른 서비스 운영을 위하여 필수적인 경우가 아닌데도 전송받은 정보에 대한 제3자 제공 동의
를 전송 요구와 동시에 받는 행위
3. 법 제35조의2제1항ㆍ제2항에 따른 전송 요구 또는 법 제38조제1항에 따른 권리에 대한 대리 행사를 강요하거나
부당하게 유도하는 행위
4. 법 제35조의3제1항에 따른 개인정보관리 전문기관의 지정을 받지 않고 같은 항 각 호의 업무를 수행하는 행위
5. 정보주체의 동의 없이 제42조의5제2항에 따른 전송 요구 내용을 변경하여 개인정보를 요구하는 행위
6. 자기 또는 제3자의 이익을 위하여 특정 정보주체의 이익을 침해하는 행위
7. 정보주체의 전송 요구를 이유로 개인정보처리자의 전산설비에 지속적ㆍ반복적으로 접근하여 장애를 일으키는
행위
8. 그 밖에 제1호부터 제7호까지와 유사한 행위로서 정보주체의 이익을 침해하거나 전송 처리 체계를 저해하는 행
위
⑦ 일반전문기관, 특수전문기관 및 일반수신자는 제1호에 따른 정보주체의 접근수단을 제2호의 방식으로 사용ㆍ보
관함으로써 보건의료전송정보, 통신전송정보 및 에너지전송정보를 수집해서는 안 된다.
1. 다음 각 목에 따른 정보주체의 접근수단
가. 「전자서명법」 제2조제3호에 따른 전자서명생성정보 및 같은 조 제6호에 따른 인증서
나. 제3자전송요구를 위하여 정보전송자에 등록된 정보주체의 식별자 또는 인증정보
다. 정보주체의 생체정보
2. 다음 각 목의 방법을 통하여 정보주체의 이름으로 열람하는 방식
가. 제1호의 접근수단을 직접 보관하는 방법
나. 제1호의 접근수단에 접근할 수 있는 권한을 확보하는 방법
다. 제1호의 접근수단에 대한 지배권, 이용권 또는 접근권 등을 사실상 확보하는 방법
⑧ 개인정보관리 전문기관 및 일반수신자는 개인정보관리 전문기관 및 일반수신자로서 처리하는 정보와 다른 개인
정보처리자로서 처리하는 정보를 분리하여 보관해야 한다. 다만, 특수전문기관(「의료법」 제3조에 따른 의료기관에
한정한다)이 같은 법 제23조의2제1항에 따른 전자의무기록시스템으로 보건의료전송정보를 진료 목적으로 전송받
는 경우로서 같은 법 제23조제2항에 따라 전자의무기록을 안전하게 관리ㆍ보존하는 경우에는 분리 보관을 하지 않
을 수 있다.
⑨ 정보전송자, 개인정보관리 전문기관 및 일반수신자는 다음 각 호의 보건의료전송정보, 통신전송정보, 에너지전
송정보 및 자율전송정보(이하 “전송요구대상정보”라 한다) 전송 내역을 3년간 보관해야 한다. 다만, 정보전송자의
경우 중계전문기관이 대신 보관할 수 있다.
1. 제42조의5제2항 각 호의 사항
2. 정보주체의 전송 요구에 따른 정보 송수신 기록
3. 전송 요구의 철회, 거절 및 전송 중단 내역 및 사유
⑩ 일반전문기관 및 특수전문기관은 제9항에 따른 전송요구대상정보 전송 내역을 제15조의3제4항 각 호의 어느 하
나에 해당하는 방법으로 연 1회 이상 정보주체에게 알려야 한다. 다만, 정보주체가 통지에 대한 거부의사를 표시한
경우에는 통지를 생략할 수 있다.

개인정보 보호법 시행령
⑪ 보호위원회 및 관계 중앙행정기관의 장은 예산의 범위에서 정보전송자에 대하여 개인정보의 전송에 필요한 시
설 및 기술의 구축ㆍ운영 비용 등 전송 요구의 이행에 필요한 비용을 지원할 수 있다.
[본조신설 2025. 2. 25.]",32,34,2640,true,true,false,true,true,false,false,2026-05-19,active,https://www.law.go.kr/LSW/lsInfoP.do?lsiSeq=286175,/Users/munchaerin/Desktop/졸프 data/개인정보 보호법 시행령(대통령령)(제36340호)(20260519).pdf
kr-pipa-decree-20260519__0083,kr-pipa-decree-20260519,83,제42조의6,제42조의6(개인정보 전송의 기한 및 방법 등),ARTICLE,"제42조의6(개인정보 전송의 기한 및 방법 등) ① 법 제35조의2제1항 및 제2항에 따라 전송 요구를 받은 본인대상정보
전송자 및 제3자대상정보전송자(이하 “정보전송자”라 한다)는 정보시스템 장애 등으로 전송이 지연되거나 불가능한
사유가 없으면 지체 없이 개인정보를 전송해야 한다. 이 경우 정보전송자는 지체 없이 전송할 수 없는 정당한 사유가
있는 경우에는 정보주체에게 그 사유를 알리고 전송을 연기할 수 있으며, 그 사유가 소멸하면 지체 없이 개인정보를
전송해야 한다. <개정 2026. 2. 19.>
② 정보전송자는 개인정보를 전송하는 경우 개인정보의 정확성, 완전성 및 최신성을 유지해야 한다.
③ 정보전송자는 전송의 안전성 및 신뢰성이 보장될 수 있도록 다음 각 호의 구분에 따른 방식으로 개인정보를 전
송해야 한다.<개정 2026. 2. 19.>
1. 본인대상정보전송자: 다음 각 목의 요건을 모두 충족하는 방식
가. 정보 전송 시 안전한 암호 알고리즘으로 암호화하여 전송하는 방식일 것
나. 정보주체가 법 제38조제1항에 따라 본인전송요구를 하게 한 대리인이 자동화된 도구를 이용하는 경우에는 개
인정보의 안전성 확보를 위하여 본인대상정보전송자와 해당 대리인이 사전에 협의한 방식일 것
2. 제3자대상정보전송자: 다음 각 목의 요건을 모두 충족하는 방식
가. 제3자대상정보전송자와 개인정보관리 전문기관 및 일반수신자 간에 미리 협의하여 정하는 방식일 것
나. 제3자대상정보전송자와 개인정보관리 전문기관 및 일반수신자 간 상호 식별ㆍ인증할 수 있는 방식일 것
다. 제3자대상정보전송자와 개인정보관리 전문기관 및 일반수신자 간 상호 확인할 수 있는 방식일 것
라. 정보 전송 시 안전한 암호 알고리즘으로 암호화하여 전송하는 방식일 것
④ 본인대상정보전송자는 자신이 관리하는 인터넷 홈페이지를 통해 정보주체가 즉시 열람ㆍ조회할 수 있는 정보를
안전한 암호 알고리즘으로 암호화하여 정보주체가 직접 내려받게 할 수 있다.<신설 2026. 2. 19.>
⑤ 법 제38조제1항에 따라 정보주체의 본인전송요구를 대리한 대리인은 개인정보를 저장하지 않고 본인에게 전달
해야 한다.<신설 2026. 2. 19.>
⑥ 본인대상정보전송자는 정보주체가 법 제35조의2제1항에 따라 개인정보 전송을 요구하고 전송 내역 등을 확인할
수 있도록 본인전송요구 방법, 전송 현황 및 내역을 확인할 수 있는 방법을 인터넷 홈페이지 등에 게재해야 한다. 다
만, 본인대상정보전송자가 보건의료정보전송자 또는 에너지정보전송자에 해당하는 경우에는 중계전문기관이 대신
하여 게재할 수 있다.<개정 2026. 2. 19.>
⑦ 제3자대상정보전송자는 제3자전송요구에 따라 개인정보를 전송하는 경우에는 중계전문기관을 통하여 전송해야
한다. 이 경우 제3자대상정보전송자는 보건의료전송정보에 대해서는 중계전문기관을 통하여 특수전문기관에만 전
송해야 한다.<개정 2026. 2. 19.>
⑧ 일반수신자는 제3자전송요구에 따라 개인정보를 전송받는 경우 다음 각 호의 어느 하나에 해당하는 행위로 인하
여 정보주체의 이익을 침해하거나 전송 처리 체계를 저해하지 않도록 노력해야 한다.<개정 2026. 2. 19.>
1. 법 제16조제1항을 위반하여 전송 요구 목적과 관련 없는 개인정보를 전송하도록 요구하는 행위
2. 법 제16조제3항에 따른 서비스 운영을 위하여 필수적인 경우가 아닌데도 전송받은 정보에 대한 제3자 제공 동의
를 전송 요구와 동시에 받는 행위
3. 법 제35조의2제1항ㆍ제2항에 따른 전송 요구 또는 법 제38조제1항에 따른 권리에 대한 대리 행사를 강요하거나
부당하게 유도하는 행위
4. 법 제35조의3제1항에 따른 개인정보관리 전문기관의 지정을 받지 않고 같은 항 각 호의 업무를 수행하는 행위
5. 정보주체의 동의 없이 제42조의5제3항에 따른 전송 요구 내용을 변경하여 개인정보를 요구하는 행위
6. 자기 또는 제3자의 이익을 위하여 특정 정보주체의 이익을 침해하는 행위
7. 정보주체의 전송 요구를 이유로 개인정보처리자의 전산설비에 지속적ㆍ반복적으로 접근하여 장애를 일으키는
행위

개인정보 보호법 시행령
8. 그 밖에 제1호부터 제7호까지와 유사한 행위로서 정보주체의 이익을 침해하거나 전송 처리 체계를 저해하는 행
위
⑨ 일반전문기관, 특수전문기관 및 일반수신자는 제3자전송요구에 따라 제3자대상정보전송자로부터 개인정보를 전
송받는 경우에는 제1호에 따른 정보주체의 접근수단을 제2호의 방식으로 사용ㆍ보관함으로써 보건의료전송정보,
통신전송정보 및 에너지전송정보를 수집해서는 안 된다.<개정 2026. 2. 19.>
1. 다음 각 목에 따른 정보주체의 접근수단
가. 「전자서명법」 제2조제3호에 따른 전자서명생성정보 및 같은 조 제6호에 따른 인증서
나. 제3자대상정보전송자에 등록된 정보주체의 식별자 또는 인증정보
다. 정보주체의 생체정보
2. 다음 각 목의 방법을 통하여 정보주체의 이름으로 열람하는 방식
가. 제1호의 접근수단을 직접 보관하는 방법
나. 제1호의 접근수단에 접근할 수 있는 권한을 확보하는 방법
다. 제1호의 접근수단에 대한 지배권, 이용권 또는 접근권 등을 사실상 확보하는 방법
⑩ 개인정보관리 전문기관 및 일반수신자는 개인정보관리 전문기관 및 일반수신자로서 처리하는 정보와 다른 개인
정보처리자로서 처리하는 정보를 분리하여 보관해야 한다. 다만, 특수전문기관(「의료법」 제3조에 따른 의료기관에
한정한다)이 같은 법 제23조의2제1항에 따른 전자의무기록시스템으로 보건의료전송정보를 진료 목적으로 전송받
는 경우로서 같은 법 제23조제2항에 따라 전자의무기록을 안전하게 관리ㆍ보존하는 경우에는 분리 보관을 하지 않
을 수 있다.<개정 2026. 2. 19.>
⑪ 정보전송자, 개인정보관리 전문기관 및 일반수신자는 다음 각 호의 본인전송정보, 보건의료전송정보, 통신전송
정보, 에너지전송정보 및 자율전송정보(이하 “전송요구대상정보”라 한다) 전송 내역을 3년간 보관해야 한다. 다만,
제3자대상정보전송자의 경우 중계전문기관이 대신 보관할 수 있다.<개정 2026. 2. 19.>
1. 제42조의5제3항 각 호의 사항
2. 정보주체의 전송 요구에 따른 정보 송수신 기록
3. 전송 요구의 철회, 거절 및 전송 중단 내역 및 사유
⑫ 일반전문기관 및 특수전문기관은 제11항에 따른 전송요구대상정보 전송 내역을 제15조의3제4항 각 호의 어느
하나에 해당하는 방법으로 연 1회 이상 정보주체에게 알려야 한다. 다만, 정보주체가 통지에 대한 거부의사를 표시
한 경우에는 통지를 생략할 수 있다.<개정 2026. 2. 19.>
⑬ 보호위원회 및 관계 중앙행정기관의 장은 예산의 범위에서 정보전송자에 대하여 개인정보의 전송에 필요한 시
설 및 기술의 구축ㆍ운영 비용 등 전송 요구의 이행에 필요한 비용을 지원할 수 있다.<개정 2026. 2. 19.>
[본조신설 2025. 2. 25.]
[시행일: 2026. 8. 20.] 제42조의6",34,35,3378,true,true,false,true,true,false,false,2026-05-19,active,https://www.law.go.kr/LSW/lsInfoP.do?lsiSeq=286175,/Users/munchaerin/Desktop/졸프 data/개인정보 보호법 시행령(대통령령)(제36340호)(20260519).pdf
kr-pipa-decree-20260519__0084,kr-pipa-decree-20260519,84,제42조의7,제42조의7(전송 요구 시 적용이 배제되는 법률의 규정),ARTICLE,"제42조의7(전송 요구 시 적용이 배제되는 법률의 규정) 법 제35조의2제4항제3호에서 “대통령령으로 정하는 법률의 규
정”이란 다음 각 호의 규정을 말한다.
1. 「신용정보의 이용 및 보호에 관한 법률」 제32조
2. 「금융실명거래 및 비밀보장에 관한 법률」 제4조
3. 법 제17조 및 제18조
4. 「여신전문금융업법」 제54조의5
5. 「온라인투자연계금융업 및 이용자 보호에 관한 법률」 제33조제4항
6. 「외국환거래법」 제21조
7. 「의료법」 제21조제2항
8. 「약사법」 제30조제3항
9. 「생명윤리 및 안전에 관한 법률」 제52조제2항

개인정보 보호법 시행령
10. 「상속세 및 증여세법」 제85조제2항
11. 「국제조세조정에 관한 법률」 제57조
12. 「지능형전력망의 구축 및 이용촉진에 관한 법률」 제23조제3항
[본조신설 2025. 2. 25.]",35,36,431,true,true,false,false,true,false,false,2026-05-19,active,https://www.law.go.kr/LSW/lsInfoP.do?lsiSeq=286175,/Users/munchaerin/Desktop/졸프 data/개인정보 보호법 시행령(대통령령)(제36340호)(20260519).pdf
kr-pipa-decree-20260519__0085,kr-pipa-decree-20260519,85,제42조의8,제42조의8(전송 요구의 거절 및 전송 중단 등),ARTICLE,"제42조의8(전송 요구의 거절 및 전송 중단 등) ① 법 제35조의2제6항에서 “정보주체의 본인 여부가 확인되지 아니하는
경우 등 대통령령으로 정하는 경우”란 다음 각 호의 어느 하나에 해당하는 경우를 말한다.
1. 법 제22조의2제1항에 따른 법정대리인 동의 여부가 확인되지 않는 경우
2. 법 제35조제4항에 따른 열람의 제한 또는 거절 사유에 해당하는 경우
3. 법 제35조의2제1항 및 제2항에 따른 전송요구대상정보의 전송이 제3자의 권리나 정당한 이익을 침해하는 경우
4. 법 제38조제1항에 따른 대리인 여부가 확인되지 않는 경우
5. 제42조의5제1항 및 제2항에 따른 전송 요구 사항이 특정되지 않는 경우
6. 정보주체의 본인 여부가 확인되지 않는 경우
7. 정보주체의 인증정보를 탈취하는 등 부당한 방법에 의한 전송 요구임을 알게 된 경우
8. 정보주체 본인, 일반전문기관, 특수전문기관 또는 일반수신자가 아닌 자에게 전송해 줄 것을 요구하는 경우
9. 개인정보가 범죄에 악용되는 등 부정한 방법으로 사용되어 정보주체의 이익을 명백히 침해하는 경우
10. 정보주체가 동일한 개인정보에 대하여 정당한 사유 없이 과도하게 반복적으로 전송을 요구하여 업무에 지장을
초래하는 경우
11. 정보주체가 제3자의 기망이나 협박 때문에 전송 요구를 한 것으로 의심될 만한 정황이 확인되는 등 전송 요구를
거절하거나 전송을 중단할 합리적 사유가 있는 경우
② 정보전송자는 제1항 각 호의 어느 하나에 해당하는 사유로 정보주체의 전송 요구를 거절하거나 전송을 중단한
경우에는 지체 없이 해당 사실 및 그 사유를 정보주체에게 통지해야 한다. 다만, 정보주체가 개인정보관리 전문기관
또는 일반수신자를 통하여 전송 요구를 하는 경우에는 해당 개인정보관리 전문기관 또는 일반수신자를 통하여 통
지할 수 있다.
[본조신설 2025. 2. 25.]",36,36,915,true,true,false,false,true,false,false,2026-05-19,active,https://www.law.go.kr/LSW/lsInfoP.do?lsiSeq=286175,/Users/munchaerin/Desktop/졸프 data/개인정보 보호법 시행령(대통령령)(제36340호)(20260519).pdf
kr-pipa-decree-20260519__0086,kr-pipa-decree-20260519,86,제42조의8,제42조의8(전송 요구의 거절 및 전송 중단 등),ARTICLE,"제42조의8(전송 요구의 거절 및 전송 중단 등) ① 법 제35조의2제6항에서 “정보주체의 본인 여부가 확인되지 아니하는
경우 등 대통령령으로 정하는 경우”란 다음 각 호의 어느 하나에 해당하는 경우를 말한다. <개정 2026. 2. 19.>
1. 법 제22조의2제1항에 따른 법정대리인 동의 여부가 확인되지 않는 경우
2. 법 제35조제4항에 따른 열람의 제한 또는 거절 사유에 해당하는 경우
3. 법 제35조의2제1항 및 제2항에 따른 전송요구대상정보의 전송이 제3자의 권리나 정당한 이익을 침해하는 경우
4. 법 제38조제1항에 따른 대리인 여부가 확인되지 않는 경우
5. 제42조의5제1항 및 제3항에 따른 전송 요구 사항이 특정되지 않는 경우
6. 정보주체의 본인 여부가 확인되지 않는 경우
7. 정보주체의 인증정보를 탈취하는 등 부당한 방법에 의한 전송 요구임을 알게 된 경우
8. 정보주체 본인, 일반전문기관, 특수전문기관 또는 일반수신자가 아닌 자에게 전송해 줄 것을 요구하는 경우
9. 개인정보가 범죄에 악용되는 등 부정한 방법으로 사용되어 정보주체의 이익을 명백히 침해하는 경우
10. 정보주체가 동일한 개인정보에 대하여 정당한 사유 없이 과도하게 반복적으로 전송을 요구하여 업무에 지장을
초래하는 경우
11. 정보주체가 제3자의 기망이나 협박 때문에 전송 요구를 한 것으로 의심될 만한 정황이 확인되는 등 전송 요구를
거절하거나 전송을 중단할 합리적 사유가 있는 경우
② 정보전송자는 제1항 각 호의 어느 하나에 해당하는 사유로 정보주체의 전송 요구를 거절하거나 전송을 중단한
경우에는 지체 없이 해당 사실 및 그 사유를 정보주체에게 통지해야 한다. 다만, 정보주체가 개인정보관리 전문기관
또는 일반수신자를 통하여 전송 요구를 하는 경우에는 해당 개인정보관리 전문기관 또는 일반수신자를 통하여 통
지할 수 있다.

개인정보 보호법 시행령
[본조신설 2025. 2. 25.]
[시행일: 2026. 8. 20.] 제42조의8",36,37,974,true,true,false,false,true,false,false,2026-05-19,active,https://www.law.go.kr/LSW/lsInfoP.do?lsiSeq=286175,/Users/munchaerin/Desktop/졸프 data/개인정보 보호법 시행령(대통령령)(제36340호)(20260519).pdf
kr-pipa-decree-20260519__0087,kr-pipa-decree-20260519,87,제42조의9,제42조의9(개인정보관리 전문기관의 업무 등),ARTICLE,"제42조의9(개인정보관리 전문기관의 업무 등) ① 개인정보관리 전문기관은 다음 각 호와 같이 구분한다.
1. 중계전문기관: 법 제35조의3제1항제1호 및 제2호에 따른 업무로서 개인정보 전송 중계에 필요한 기능을 제공하
고 관련 시스템을 운영하는 업무 및 정보전송자의 전송을 지원하는 업무(이하 “중계업무”라 한다)를 수행하는 자
2. 일반전문기관: 법 제35조의3제1항제3호에 따른 업무로서 통합조회, 맞춤형 서비스, 연구, 교육 등을 위하여 정보
전송자로부터 전송받은 개인정보(보건의료전송정보는 제외한다)를 관리ㆍ분석하는 업무를 수행하는 자
3. 특수전문기관: 법 제35조의3제1항제3호에 따른 업무로서 통합조회, 맞춤형 서비스, 연구, 교육 등을 위하여 정보
전송자로부터 전송받은 보건의료전송정보를 관리ㆍ분석하는 업무를 수행하는 자
② 중계전문기관은 일반전문기관, 특수전문기관 및 일반수신자 업무를 함께 수행해서는 안 된다.
③ 중계전문기관은 중계업무를 수행하기 위하여 필요한 경우에는 「정보통신망 이용촉진 및 정보보호 등에 관한 법
률」 제23조의5제1항에 따른 연계정보를 처리할 수 있다.
④ 보호위원회 또는 관계 중앙행정기관의 장은 예산의 범위에서 중계전문기관의 운영에 필요한 비용을 지원할 수
있다.
[본조신설 2025. 2. 25.]",37,37,642,true,true,false,false,true,false,false,2026-05-19,active,https://www.law.go.kr/LSW/lsInfoP.do?lsiSeq=286175,/Users/munchaerin/Desktop/졸프 data/개인정보 보호법 시행령(대통령령)(제36340호)(20260519).pdf
kr-pipa-decree-20260519__0088,kr-pipa-decree-20260519,88,제42조의10,제42조의10(개인정보관리 전문기관의 지정 신청 등),ARTICLE,"제42조의10(개인정보관리 전문기관의 지정 신청 등) ① 법 제35조의3제1항에 따라 개인정보관리 전문기관으로 지정받
으려는 자는 제2항에 따른 지정권자에게 다음 각 호의 서류를 제출하여 지정을 신청해야 한다. 이 경우 개인정보관
리 전문기관으로 지정받으려는 자는 개인정보전송지원플랫폼을 통하여 제출할 수 있다.
1. 지정신청서
2. 정관 또는 규약(법 제2조제6호가목에 해당하는 공공기관에 대해서는 적용하지 않는다)
3. 사업계획서
4. 개인정보 관리 계획서
5. 최근 3년간의 재무제표(법 제2조제6호가목에 해당하는 공공기관에 대해서는 적용하지 않는다)
6. 법 제35조의3제2항에 따른 지정요건을 갖추었음을 증명할 수 있는 서류
② 법 제35조의3제1항에 따라 개인정보관리 전문기관을 지정할 수 있는 자(이하 “지정권자”라 한다)는 다음 각 호와
같다.
1. 중계전문기관: 보호위원회 또는 중계전문기관이 전송받으려는 정보와 관련된 관계 중앙행정기관의 장. 다만, 보
건의료전송정보에 관한 중계전문기관의 경우에는 보건복지부장관으로 한다.
2. 일반전문기관: 보호위원회 또는 일반전문기관이 전송받으려는 정보와 관련된 관계 중앙행정기관의 장
3. 특수전문기관: 보건복지부장관
③ 제1항에 따른 지정 신청을 받은 지정권자는 「전자정부법」 제36조제1항에 따른 행정정보의 공동이용을 통하여
법인 등기사항증명서(개인정보관리 전문기관으로 지정받으려는 자가 법인인 경우에 한정한다)를 확인해야 한다.
④ 개인정보관리 전문기관으로 지정받으려는 자는 제1항에 따른 지정 신청을 하기 전에 지정권자에게 제42조의
11에 따른 지정요건 세부기준을 갖추었는지에 대한 예비심사를 신청할 수 있다.
[본조신설 2025. 2. 25.]",37,37,846,true,true,false,false,true,false,false,2026-05-19,active,https://www.law.go.kr/LSW/lsInfoP.do?lsiSeq=286175,/Users/munchaerin/Desktop/졸프 data/개인정보 보호법 시행령(대통령령)(제36340호)(20260519).pdf
kr-pipa-decree-20260519__0089,kr-pipa-decree-20260519,89,제42조의11,제42조의11(개인정보관리 전문기관의 지정요건 세부기준),ARTICLE,"제42조의11(개인정보관리 전문기관의 지정요건 세부기준) ① 법 제35조의3제2항에 따른 개인정보관리 전문기관의 지
정요건별 세부기준은 다음 각 호와 같다.
1. 다음 각 목의 기술수준 및 전문성을 모두 갖출 것
가. 정보주체의 권리와 이익 등을 증대하고 정보주체와의 이해상충을 방지하기 위한 사업계획이 타당하고 건전할
것
나. 개인정보관리 전문기관 업무를 위한 개인정보 관리 계획이 적정할 것

개인정보 보호법 시행령
다. 개인정보관리 전문기관 업무를 효과적으로 수행하기 위하여 보호위원회가 정하여 고시하는 설비 및 기술을
갖추고 있을 것
2. 다음 각 목의 안전성 확보조치 수준을 모두 갖출 것
가. 법 제29조에 따른 안전조치의무를 이행하기 위한 요건을 갖출 것
나. 개인정보관리 전문기관을 안전하게 운영하기 위하여 보호위원회가 정하여 고시하는 보호체계를 적정하게 갖
출 것
3. 다음 각 목의 재정능력을 모두 갖출 것(법 제2조제6호가목에 해당하는 공공기관에 대해서는 적용하지 않는다)
가. 재무구조가 건전하고 안전성이 있을 것
나. 다음의 구분에 따른 자본금[법인의 경우에는 납입자본금(비영리법인의 경우에는 기본재산)을 말하고, 법인이
아닌 단체의 경우에는 해당 단체가 보유하는 자산의 가액을 말한다. 이하 이 목에서 같다]을 갖출 것
1) 중계전문기관: 자본금 10억원 이상
2) 일반전문기관 및 특수전문기관: 자본금 1억원 이상
다. 손해배상책임의 이행을 위한 보험 또는 공제에 가입하거나 준비금을 적립할 것(법 제39조의7제2항 각 호의
어느 하나에 해당하는 자에 대해서는 적용하지 않는다). 이 경우 보험ㆍ공제의 최저가입금액 또는 준비금의 최
소적립금액의 기준은 별표 1의2와 같다.
② 제1항에도 불구하고 다음 각 호의 어느 하나에 해당하는 기관ㆍ법인 또는 단체가 개인정보관리 전문기관으로 지
정받으려는 경우 지정권자는 보호위원회에 요청(보호위원회가 지정권자인 경우는 제외한다)하여 보호위원회의 심
의ㆍ의결을 거친 후 제1항 각 호에 따른 지정요건 세부기준 중 일부 또는 전부에 대한 심사 없이 해당 지정요건 세
부기준을 갖춘 것으로 처리할 수 있다. 다만, 제1항 각 호에 따른 지정요건 세부기준 전부에 대한 심사를 생략할 수
있는 경우는 제1호 및 제2호의 기관ㆍ법인 또는 단체가 개인정보관리 전문기관으로 지정받으려는 경우에 한정한다
.
1. 「의료법」 제3조에 따른 의료기관(보건의료전송정보를 전송받는 경우에 한정한다)
2. 중앙행정기관 또는 지방자치단체
3. 제2호 외의 공공기관
[본조신설 2025. 2. 25.]",37,38,1254,true,true,false,true,true,false,false,2026-05-19,active,https://www.law.go.kr/LSW/lsInfoP.do?lsiSeq=286175,/Users/munchaerin/Desktop/졸프 data/개인정보 보호법 시행령(대통령령)(제36340호)(20260519).pdf
kr-pipa-decree-20260519__0090,kr-pipa-decree-20260519,90,제42조의12,제42조의12(개인정보관리 전문기관의 지정 등),ARTICLE,"제42조의12(개인정보관리 전문기관의 지정 등) ① 지정권자는 제42조의10제1항에 따라 지정을 신청한 자가 제42조의
11에 따른 지정요건 세부기준을 갖추었다고 인정하는 경우에는 그 자를 개인정보관리 전문기관으로 지정할 수 있다.
이 경우 지정권자는 제42조의10제1항에 따라 지정을 신청한 자가 지정요건 세부기준의 일부를 충족하지 못한 경우
에는 일정 기간 내에 그 기준을 충족할 것을 조건으로 지정할 수 있고, 지정 후 그 조건의 이행 여부를 확인해야 한다
.
② 개인정보관리 전문기관은 다음 각 호의 사항(보호위원회가 정하여 고시하는 경미한 내용은 제외한다)을 변경하
려는 경우 미리 지정권자의 승인을 받아야 한다.
1. 사업계획서(전송받으려는 정보의 추가 또는 변경을 포함한다)
2. 개인정보 관리 계획서
③ 개인정보관리 전문기관 지정의 유효기간은 3년으로 한다.
④ 지정권자는 개인정보관리 전문기관이 제3항에 따른 지정 유효기간의 연장을 신청하면 제42조의11에 따른 지정
요건 세부기준에 적합하다고 인정하는 경우에는 개인정보관리 전문기관으로 재지정할 수 있다.
⑤ 지정권자(보호위원회는 제외한다)는 다음 각 호의 결정을 하려면 보호위원회와 미리 협의해야 한다.
1. 제1항에 따른 지정 및 제4항에 따른 재지정(중계전문기관에 한정한다)
2. 제2항에 따른 변경 승인(일반전문기관 및 특수전문기관의 경우에는 전송요구대상정보와 관련되는 경우에 한정한
다)
⑥ 지정권자(제1호의 경우에는 보호위원회를 제외한다)는 제1항에 따른 지정, 제2항에 따른 변경 승인 및 제4항에
따른 재지정을 한 경우에는 그에 관한 다음 각 호의 조치를 해야 한다.

개인정보 보호법 시행령
1. 보호위원회에 통지
2. 관보에 공고하거나 지정권자의 홈페이지에 게시(변경 승인의 경우는 제외한다)
⑦ 중계전문기관은 중계업무의 일부 또는 전부를 중지 또는 폐지하려는 경우에는 중지 또는 폐지 예정일의 6개월
전까지 지정권자에게 통보해야 한다. 이 경우 지정권자는 해당 중계전문기관에게 다음 각 호의 어느 하나에 해당하
는 조치를 하도록 명할 수 있다.
1. 해당 중계전문기관이 보유하고 있는 개인정보의 파기(다른 법령에 따라 보존해야 하는 경우는 제외한다)
2. 수행 중인 업무의 다른 중계전문기관으로의 이전
3. 업무 중지ㆍ폐지 예정 사실의 다음 각 목의 자에 대한 통지
가. 해당 중계전문기관이 보유하고 있는 개인정보의 정보주체
나. 해당 중계전문기관에 정보를 전송하는 정보전송자
다. 해당 중계전문기관으로부터 정보를 전송받는 일반전문기관, 특수전문기관 및 일반수신자
⑧ 일반전문기관 및 특수전문기관은 개인정보 전송 관련 업무의 일부 또는 전부를 중지 또는 폐지하려는 경우에는
그 사실을 미리 중계전문기관에 통지하고 개인정보전송지원플랫폼에 등재해야 한다.
[본조신설 2025. 2. 25.]",38,39,1385,true,true,false,false,true,false,false,2026-05-19,active,https://www.law.go.kr/LSW/lsInfoP.do?lsiSeq=286175,/Users/munchaerin/Desktop/졸프 data/개인정보 보호법 시행령(대통령령)(제36340호)(20260519).pdf
kr-pipa-decree-20260519__0091,kr-pipa-decree-20260519,91,제42조의13,제42조의13(개인정보관리 전문기관의 금지행위),ARTICLE,"제42조의13(개인정보관리 전문기관의 금지행위) 법 제35조의3제3항제2호에서 “대통령령으로 정하는 행위”란 별표 1의
3에 따른 행위를 말한다.
[본조신설 2025. 2. 25.]",39,39,101,true,true,false,false,true,false,false,2026-05-19,active,https://www.law.go.kr/LSW/lsInfoP.do?lsiSeq=286175,/Users/munchaerin/Desktop/졸프 data/개인정보 보호법 시행령(대통령령)(제36340호)(20260519).pdf
kr-pipa-decree-20260519__0092,kr-pipa-decree-20260519,92,제42조의14,제42조의14(개인정보관리 전문기관의 지정취소 등),ARTICLE,"제42조의14(개인정보관리 전문기관의 지정취소 등) ① 지정권자는 법 제35조의3제4항에 따라 개인정보관리 전문기관
이 제42조의12제1항 후단에 따른 조건을 이행하지 않은 경우에는 개인정보관리 전문기관의 지정을 취소할 수 있다.
② 지정권자(보호위원회는 제외한다)는 개인정보관리 전문기관의 지정을 취소하려면 보호위원회와 미리 협의해야
한다.
③ 지정권자(제1호의 경우에는 보호위원회를 제외한다)는 개인정보관리 전문기관의 지정을 취소한 경우에는 그에
관한 다음 각 호의 조치를 해야 한다.
1. 보호위원회에 통지
2. 관보에 공고하거나 지정권자의 홈페이지에 게시
[본조신설 2025. 2. 25.]",39,39,334,true,true,false,false,true,false,false,2026-05-19,active,https://www.law.go.kr/LSW/lsInfoP.do?lsiSeq=286175,/Users/munchaerin/Desktop/졸프 data/개인정보 보호법 시행령(대통령령)(제36340호)(20260519).pdf
kr-pipa-decree-20260519__0093,kr-pipa-decree-20260519,93,제42조의15,제42조의15(개인정보 전송 요구에 대한 보호위원회의 관리ㆍ감독),ARTICLE,"제42조의15(개인정보 전송 요구에 대한 보호위원회의 관리ㆍ감독) ① 보호위원회는 법 제35조의4제1항에 따라 정보전
송자 현황을 관리ㆍ감독하기 위하여 개인정보처리자에게 정보전송자 여부 확인에 필요한 자료의 제출을 요구할 수
있다.
② 보호위원회는 본인전송요구 및 제3자전송요구에 대한 정보전송자의 이행 여부, 개인정보관리 전문기관의 지정
요건 충족 여부 및 일반수신자의 시설ㆍ기술 기준 충족 여부 등에 관한 사항을 관리ㆍ감독하기 위하여 정보전송자,
개인정보관리 전문기관 및 일반수신자에게 다음 각 호의 구분에 따른 자료의 제출을 요구할 수 있으며, 자료 제출을
요구받은 자는 특별한 사정이 없으면 그 요구에 따라야 한다.
1. 정보전송자: 제42조의6제9항에 따른 개인정보 전송 내역에 관한 자료
2. 개인정보관리 전문기관: 다음 각 목의 자료
가. 제1호의 자료
나. 개인정보의 처리 및 관리에 관한 자료
다. 전송 요구 방법에 관한 자료(일반전문기관 및 특수전문기관에 한정한다)
라. 개인정보관리 전문기관의 지정요건을 충족하고 있음을 증명할 수 있는 자료
3. 일반수신자: 다음 각 목의 자료
가. 제1호 및 제2호나목의 자료

개인정보 보호법 시행령
나. 전송 요구 방법에 관한 자료
다. 제42조의3제1항에 따른 시설 및 기술을 갖추었음을 증명할 수 있는 자료
[본조신설 2025. 2. 25.]",39,40,674,true,true,false,false,true,false,false,2026-05-19,active,https://www.law.go.kr/LSW/lsInfoP.do?lsiSeq=286175,/Users/munchaerin/Desktop/졸프 data/개인정보 보호법 시행령(대통령령)(제36340호)(20260519).pdf
kr-pipa-decree-20260519__0094,kr-pipa-decree-20260519,94,제42조의15,제42조의15(개인정보 전송 요구에 대한 보호위원회의 관리ㆍ감독),ARTICLE,"제42조의15(개인정보 전송 요구에 대한 보호위원회의 관리ㆍ감독) ① 보호위원회는 법 제35조의4제1항에 따라 정보전
송자 현황을 관리ㆍ감독하기 위하여 개인정보처리자에게 정보전송자 여부 확인에 필요한 자료의 제출을 요구할 수
있다.
② 보호위원회는 본인전송요구 및 제3자전송요구에 대한 정보전송자의 이행 여부, 개인정보관리 전문기관의 지정
요건 충족 여부 및 일반수신자의 시설ㆍ기술 기준 충족 여부 등에 관한 사항을 관리ㆍ감독하기 위하여 정보전송자,
개인정보관리 전문기관 및 일반수신자에게 다음 각 호의 구분에 따른 자료의 제출을 요구할 수 있으며, 자료 제출을
요구받은 자는 특별한 사정이 없으면 그 요구에 따라야 한다.<개정 2026. 2. 19.>
1. 정보전송자: 제42조의6제11항에 따른 개인정보 전송 내역에 관한 자료
2. 개인정보관리 전문기관: 다음 각 목의 자료
가. 제1호의 자료
나. 개인정보의 처리 및 관리에 관한 자료
다. 전송 요구 방법에 관한 자료(일반전문기관 및 특수전문기관에 한정한다)
라. 개인정보관리 전문기관의 지정요건을 충족하고 있음을 증명할 수 있는 자료
3. 일반수신자: 다음 각 목의 자료
가. 제1호 및 제2호나목의 자료
나. 전송 요구 방법에 관한 자료
다. 제42조의3제1항에 따른 시설 및 기술을 갖추었음을 증명할 수 있는 자료
[본조신설 2025. 2. 25.]
[시행일: 2026. 8. 20.] 제42조의15",40,40,706,true,true,false,false,true,false,false,2026-05-19,active,https://www.law.go.kr/LSW/lsInfoP.do?lsiSeq=286175,/Users/munchaerin/Desktop/졸프 data/개인정보 보호법 시행령(대통령령)(제36340호)(20260519).pdf
kr-pipa-decree-20260519__0095,kr-pipa-decree-20260519,95,제42조의16,제42조의16(개인정보전송지원플랫폼의 구축 및 운영 등),ARTICLE,"제42조의16(개인정보전송지원플랫폼의 구축 및 운영 등) ① 보호위원회는 제3자전송요구와 관련하여 개인정보의 안전
하고 효율적인 전송을 위하여 필요한 경우에는 정보전송자, 개인정보관리 전문기관 및 일반수신자가 개인정보전송
지원플랫폼에 등재하게 해야 한다.
② 제1항에 따라 개인정보전송지원플랫폼에 등재된 정보전송자, 일반전문기관, 특수전문기관 및 일반수신자는 제
3자전송요구에 따라 개인정보를 전송하거나 전송받는 경우 중계전문기관을 통하여 개인정보전송플랫폼에 다음 각
호의 자료를 제출해야 한다.
1. 제42조의6제9항에 따른 개인정보 전송 내역
2. 전송받은 정보의 제3자 제공 동의 내역(정보전송자는 제외한다)
③ 보호위원회는 개인정보 전송 이력의 효율적 관리를 위하여 필요한 경우에는 다른 법령에 따라 개인정보 전송을
지원하는 정보시스템을 운영하는 자에게 개인정보전송지원플랫폼과 연계하여 정보주체의 전송 요구 내역 등을 제
공할 것을 요청할 수 있다.
[본조신설 2025. 2. 25.]",40,40,499,true,true,false,false,true,false,false,2026-05-19,active,https://www.law.go.kr/LSW/lsInfoP.do?lsiSeq=286175,/Users/munchaerin/Desktop/졸프 data/개인정보 보호법 시행령(대통령령)(제36340호)(20260519).pdf
kr-pipa-decree-20260519__0096,kr-pipa-decree-20260519,96,제42조의16,제42조의16(개인정보전송지원플랫폼의 구축 및 운영 등),ARTICLE,"제42조의16(개인정보전송지원플랫폼의 구축 및 운영 등) ① 보호위원회는 제3자전송요구와 관련하여 개인정보의 안전
하고 효율적인 전송을 위하여 필요한 경우에는 제3자대상정보전송자, 개인정보관리 전문기관 및 일반수신자가 개인
정보전송지원플랫폼에 등재하게 해야 한다. <개정 2026. 2. 19.>
② 제1항에 따라 개인정보전송지원플랫폼에 등재된 제3자대상정보전송자, 일반전문기관, 특수전문기관 및 일반수
신자는 제3자전송요구에 따라 개인정보를 전송하거나 전송받는 경우 중계전문기관을 통하여 개인정보전송플랫폼
에 다음 각 호의 자료를 제출해야 한다.<개정 2026. 2. 19.>
1. 제42조의6제11항에 따른 개인정보 전송 내역

개인정보 보호법 시행령
2. 전송받은 정보의 제3자 제공 동의 내역(제3자대상정보전송자는 제외한다)
③ 보호위원회는 개인정보 전송 이력의 효율적 관리를 위하여 필요한 경우에는 다른 법령에 따라 개인정보 전송을
지원하는 정보시스템을 운영하는 자에게 개인정보전송지원플랫폼과 연계하여 정보주체의 전송 요구 내역 등을 제
공할 것을 요청할 수 있다.
[본조신설 2025. 2. 25.]
[시행일: 2026. 8. 20.] 제42조의16",40,41,593,true,true,false,false,true,false,false,2026-05-19,active,https://www.law.go.kr/LSW/lsInfoP.do?lsiSeq=286175,/Users/munchaerin/Desktop/졸프 data/개인정보 보호법 시행령(대통령령)(제36340호)(20260519).pdf
kr-pipa-decree-20260519__0097,kr-pipa-decree-20260519,97,제43조,제43조(개인정보의 정정ㆍ삭제 등),ARTICLE,"제43조(개인정보의 정정ㆍ삭제 등) ① 정보주체는 법 제36조제1항에 따라 개인정보처리자에게 그 개인정보의 정정 또
는 삭제를 요구하려면 개인정보처리자가 마련한 방법과 절차에 따라 요구하여야 한다. 이 경우 개인정보처리자가 개
인정보의 정정 또는 삭제 요구 방법과 절차를 마련할 때에는 제41조제2항을 준용하되, “열람”은 “정정 또는 삭제”로
본다. <개정 2017. 10. 17.>
② 다른 개인정보처리자로부터 개인정보를 제공받아 개인정보파일을 처리하는 개인정보처리자는 법 제36조제1항
에 따른 개인정보의 정정 또는 삭제 요구를 받으면 그 요구에 따라 해당 개인정보를 정정ㆍ삭제하거나 그 개인정보
정정ㆍ삭제에 관한 요구 사항을 해당 개인정보를 제공한 기관의 장에게 지체 없이 알리고 그 처리 결과에 따라 필
요한 조치를 하여야 한다.<개정 2017. 10. 17.>
③ 개인정보처리자는 제1항과 제2항에 따른 개인정보 정정ㆍ삭제 요구를 받은 날부터 10일 이내에 법 제36조제2항
에 따라 해당 개인정보의 정정ㆍ삭제 등의 조치를 한 경우에는 그 조치를 한 사실을, 법 제36조제1항 단서에 해당하
여 삭제 요구에 따르지 아니한 경우에는 그 사실 및 이유와 이의제기방법을 보호위원회가 정하여 고시하는 개인정
보 정정ㆍ삭제 결과 통지서로 해당 정보주체에게 알려야 한다.<개정 2013. 3. 23., 2014. 11. 19., 2017. 7. 26., 2017.
10. 17., 2020. 8. 4.>",41,41,729,true,true,false,false,true,false,false,2026-05-19,active,https://www.law.go.kr/LSW/lsInfoP.do?lsiSeq=286175,/Users/munchaerin/Desktop/졸프 data/개인정보 보호법 시행령(대통령령)(제36340호)(20260519).pdf
kr-pipa-decree-20260519__0098,kr-pipa-decree-20260519,98,제44조,제44조(개인정보의 처리정지 등),ARTICLE,"제44조(개인정보의 처리정지 등) ① 정보주체는 법 제37조제1항에 따라 개인정보처리자에게 자신의 개인정보 처리의
정지를 요구하려면 개인정보처리자가 마련한 방법과 절차에 따라 요구하여야 한다. 이 경우 개인정보처리자가 개인
정보의 처리 정지 요구 방법과 절차를 마련할 때에는 제41조제2항을 준용하되, “열람”은 “처리 정지”로 본다. <개정
2017. 10. 17.>
② 개인정보처리자는 제1항에 따른 개인정보 처리정지 요구를 받은 날부터 10일 이내에 법 제37조제2항 본문에 따
라 해당 개인정보의 처리정지 조치를 한 경우에는 그 조치를 한 사실을, 같은 항 단서에 해당하여 처리정지 요구에
따르지 않은 경우에는 그 사실 및 이유와 이의제기방법을 보호위원회가 정하여 고시하는 개인정보 처리정지 요구
에 대한 결과 통지서로 해당 정보주체에게 알려야 한다.<개정 2013. 3. 23., 2014. 11. 19., 2017. 7. 26., 2017. 10.
17., 2020. 8. 4.>",41,41,498,true,true,false,false,true,false,false,2026-05-19,active,https://www.law.go.kr/LSW/lsInfoP.do?lsiSeq=286175,/Users/munchaerin/Desktop/졸프 data/개인정보 보호법 시행령(대통령령)(제36340호)(20260519).pdf
kr-pipa-decree-20260519__0099,kr-pipa-decree-20260519,99,제44조의2,제44조의2(자동화된 결정에 대한 거부 및 설명 등 요구의 방법 및 절차),ARTICLE,"제44조의2(자동화된 결정에 대한 거부 및 설명 등 요구의 방법 및 절차) ① 정보주체는 법 제37조의2제1항에 따른 자동
화된 결정(이하 “자동화된 결정”이라 한다)에 대해 같은 항 본문에 따라 거부하는 경우에는 개인정보처리자가 마련
하여 제44조의4제1항제5호에 따라 공개하는 방법과 절차에 따라야 한다.
② 정보주체는 법 제37조의2제2항에 따라 자동화된 결정에 대해 개인정보처리자에게 다음 각 호의 설명 또는 검토
를 요구할 수 있다. 이 경우 정보주체의 설명 또는 검토 요구는 개인정보처리자가 마련하여 제44조의4제1항제5호
에 따라 공개하는 방법과 절차에 따라야 한다.
1. 해당 자동화된 결정의 기준 및 처리 과정 등에 대한 설명
2. 정보주체가 개인정보 추가 등의 의견을 제출하여 개인정보처리자가 해당 의견을 자동화된 결정에 반영할 수 있
는지에 대한 검토
③ 제1항 및 제2항에 따른 정보주체의 자동화된 결정에 대한 거부, 설명 및 검토 요구(이하 “거부ㆍ설명등요구”라
한다)의 방법과 절차를 개인정보처리자가 마련하는 경우 준수해야 할 사항에 관하여는 제41조제2항을 준용한다. 이
경우 “열람 요구”는 “거부ㆍ설명등요구”로 본다.
[본조신설 2024. 3. 12.]

개인정보 보호법 시행령",41,42,620,true,true,false,false,true,false,false,2026-05-19,active,https://www.law.go.kr/LSW/lsInfoP.do?lsiSeq=286175,/Users/munchaerin/Desktop/졸프 data/개인정보 보호법 시행령(대통령령)(제36340호)(20260519).pdf
kr-pipa-decree-20260519__0100,kr-pipa-decree-20260519,100,제44조의3,제44조의3(거부ㆍ설명등요구에 따른 조치),ARTICLE,"제44조의3(거부ㆍ설명등요구에 따른 조치) ① 개인정보처리자는 정보주체가 제44조의2제1항에 따라 자동화된 결정에
대해 거부하는 경우에는 정당한 사유가 없으면 다음 각 호의 어느 하나에 해당하는 조치를 하고 그 결과를 정보주체
에게 알려야 한다.
1. 해당 자동화된 결정을 적용하지 않는 조치
2. 인적 개입에 의한 재처리
② 개인정보처리자는 정보주체가 제44조의2제2항에 따라 자동화된 결정에 대해 같은 항 제1호에 따른 설명을 요구
하는 경우 정당한 사유가 없으면 다음 각 호의 사항을 포함한 간결하고 의미있는 설명을 정보주체에게 제공해야 한
다. 다만, 개인정보처리자는 해당 자동화된 결정이 정보주체의 권리 또는 의무에 중대한 영향을 미치지 않는 경우에
는 정보주체에게 제44조의4제1항제2호 및 제3호의 사항을 알릴 수 있다.
1. 해당 자동화된 결정의 결과
2. 해당 자동화된 결정에 사용된 주요 개인정보의 유형
3. 제2호에 따른 개인정보의 유형이 자동화된 결정에 미친 영향 등 자동화된 결정의 주요 기준
4. 해당 자동화된 결정에 사용된 주요 개인정보의 처리 과정 등 자동화된 결정이 이루어지는 절차
③ 개인정보처리자는 정보주체가 제44조의2제2항에 따라 같은 항 제2호에 따른 검토를 요구하는 경우에는 정당한
사유가 없으면 정보주체가 제출한 의견의 반영 여부를 검토하고 정보주체에게 반영 여부 및 반영 결과를 알려야 한
다.
④ 개인정보처리자는 다른 사람의 생명ㆍ신체ㆍ재산과 그 밖의 이익을 부당하게 침해할 우려가 있는 등 정당한 사
유가 있어 법 제38조제5항에 따라 거부ㆍ설명등요구를 거절하는 경우에는 그 사유를 정보주체에게 지체 없이 서면
등의 방법으로 알려야 한다.
⑤ 개인정보처리자는 제1항부터 제3항까지의 규정에 따라 정보주체의 거부ㆍ설명등요구에 따른 조치를 하는 경우
에는 정보주체의 거부ㆍ설명등요구를 받은 날부터 30일 이내에 서면등의 방법으로 해야 한다. 다만, 30일 이내에
처리하기 어려운 정당한 사유가 있는 경우에는 정보주체에게 그 사유를 알리고 2회에 한정하여 각각 30일의 범위
에서 그 기간을 연장할 수 있다.
⑥ 제1항부터 제5항까지의 규정에 따른 정보주체의 거부ㆍ설명등요구에 따른 조치에 관한 세부 사항은 보호위원회
가 정하여 고시한다.
[본조신설 2024. 3. 12.]",42,42,1129,true,true,false,false,true,false,false,2026-05-19,active,https://www.law.go.kr/LSW/lsInfoP.do?lsiSeq=286175,/Users/munchaerin/Desktop/졸프 data/개인정보 보호법 시행령(대통령령)(제36340호)(20260519).pdf
kr-pipa-decree-20260519__0101,kr-pipa-decree-20260519,101,제44조의4,제44조의4(자동화된 결정의 기준과 절차 등의 공개),ARTICLE,"제44조의4(자동화된 결정의 기준과 절차 등의 공개) ① 개인정보처리자는 법 제37조의2제4항에 따라 다음 각 호의 사
항을 정보주체가 쉽게 확인할 수 있도록 인터넷 홈페이지 등을 통해 공개해야 한다. 다만, 인터넷 홈페이지 등을 운
영하지 않거나 지속적으로 알려야 할 필요가 없는 경우에는 미리 서면등의 방법으로 정보주체에게 알릴 수 있다.
1. 자동화된 결정이 이루어진다는 사실과 그 목적 및 대상이 되는 정보주체의 범위
2. 자동화된 결정에 사용되는 주요 개인정보의 유형과 자동화된 결정의 관계
3. 자동화된 결정 과정에서의 고려사항 및 주요 개인정보가 처리되는 절차
4. 자동화된 결정 과정에서 민감정보 또는 14세 미만 아동의 개인정보를 처리하는 경우 그 목적 및 처리하는 개인정
보의 구체적인 항목
5. 자동화된 결정에 대하여 정보주체가 거부ㆍ설명등요구를 할 수 있다는 사실과 그 방법 및 절차
② 개인정보처리자는 제1항 각 호의 사항을 공개할 때에는 정보주체가 해당 내용을 쉽게 알 수 있도록 표준화ㆍ체
계화된 용어를 사용해야 하며, 정보주체가 쉽게 이해할 수 있도록 동영상ㆍ그림ㆍ도표 등 시각적인 방법 등을 활용
할 수 있다.
[본조신설 2024. 3. 12.]",42,42,602,true,true,false,false,true,false,false,2026-05-19,active,https://www.law.go.kr/LSW/lsInfoP.do?lsiSeq=286175,/Users/munchaerin/Desktop/졸프 data/개인정보 보호법 시행령(대통령령)(제36340호)(20260519).pdf
kr-pipa-decree-20260519__0102,kr-pipa-decree-20260519,102,제45조,제45조(대리인의 범위 등),ARTICLE,"제45조(대리인의 범위 등) ① 법 제38조에 따라 정보주체를 대리할 수 있는 자는 다음 각 호와 같다.
1. 정보주체의 법정대리인
2. 정보주체로부터 위임을 받은 자

개인정보 보호법 시행령
② 제1항에 따른 대리인이 법 제38조에 따라 정보주체를 대리할 때에는 개인정보처리자에게 보호위원회가 정하여
고시하는 정보주체의 위임장을 제출하여야 한다.<개정 2013. 3. 23., 2014. 11. 19., 2017. 7. 26., 2020. 8. 4.>",42,43,253,true,true,false,false,true,false,false,2026-05-19,active,https://www.law.go.kr/LSW/lsInfoP.do?lsiSeq=286175,/Users/munchaerin/Desktop/졸프 data/개인정보 보호법 시행령(대통령령)(제36340호)(20260519).pdf
kr-pipa-decree-20260519__0103,kr-pipa-decree-20260519,103,제46조,제46조(정보주체 또는 대리인의 확인),ARTICLE,"제46조(정보주체 또는 대리인의 확인) ① 개인정보처리자는 제41조제1항에 따른 열람, 제43조제1항에 따른 정정ㆍ삭제
, 법 제35조의2에 따른 전송, 법 제37조제1항에 따른 처리정지 또는 동의 철회 등의 요구(이하 이 조, 제47조 및 제
48조에서 “열람등요구”라 한다)를 받았을 때에는 열람등요구를 한 사람이 본인이거나 정당한 대리인인지를 확인하
여야 한다. <개정 2020. 8. 4., 2023. 9. 12., 2025. 2. 25.>
② 공공기관인 개인정보처리자가 「전자정부법」 제36조제1항에 따른 행정정보의 공동이용을 통하여 제1항에 따른
확인을 할 수 있는 경우에는 행정정보의 공동이용을 통하여 확인하여야 한다. 다만, 해당 공공기관이 행정정보의 공
동이용을 할 수 없거나 정보주체가 확인에 동의하지 아니하는 경우에는 그러하지 아니하다.
③ 보호위원회 및 관계 중앙행정기관의 장은 법 제35조의2에 따른 개인정보의 전송 요구와 관련하여 제1항에 따른
개인정보처리자의 본인 또는 대리인 여부 확인을 지원하기 위하여 필요한 경우에는 「주민등록법」 제30조제1항에
따른 주민등록전산정보자료 및 「가족관계의 등록 등에 관한 법률」 제11조제6항에 따른 등록전산정보자료를 관계
기관에 요청할 수 있다.<신설 2025. 2. 25.>",43,43,639,true,true,false,false,true,false,false,2026-05-19,active,https://www.law.go.kr/LSW/lsInfoP.do?lsiSeq=286175,/Users/munchaerin/Desktop/졸프 data/개인정보 보호법 시행령(대통령령)(제36340호)(20260519).pdf
kr-pipa-decree-20260519__0104,kr-pipa-decree-20260519,104,제47조,제47조(수수료 등의 금액 등),ARTICLE,"제47조(수수료 등의 금액 등) ① 법 제38조제3항에 따른 수수료와 우송료의 금액은 열람등요구에 필요한 실비의 범위
에서 해당 개인정보처리자가 정하는 바에 따른다. 다만, 개인정보처리자가 지방자치단체인 경우에는 그 지방자치단
체의 조례로 정하는 바에 따르고, 법 제38조제3항 단서에 따른 수수료는 전송요구대상정보의 특성 및 필요 설비의
구축ㆍ운영 비용 등을 고려하여 보호위원회가 정하여 고시하는 기준에 따라 산정해야 한다. <개정 2025. 2. 25.>
② 개인정보처리자는 열람등요구를 하게 된 사유가 그 개인정보처리자에게 있는 경우에는 수수료와 우송료를 청구
해서는 아니 된다.
③ 법 제38조제3항에 따른 수수료 또는 우송료는 다음 각 호의 구분에 따른 방법으로 낸다. 다만, 국회, 법원, 헌법재
판소, 중앙선거관리위원회, 중앙행정기관 및 그 소속 기관(이하 이 조에서 “국가기관”이라 한다) 또는 지방자치단체
인 개인정보처리자는 「전자금융거래법」 제2조제11호에 따른 전자지급수단 또는 「정보통신망 이용촉진 및 정보보
호 등에 관한 법률」 제2조제1항제10호에 따른 통신과금서비스를 이용하여 수수료 또는 우송료를 내게 할 수 있다.
<개정 2023. 9. 12.>
1. 국가기관인 개인정보처리자에게 내는 경우: 수입인지
2. 지방자치단체인 개인정보처리자에게 내는 경우: 수입증지
3. 국가기관 및 지방자치단체 외의 개인정보처리자에게 내는 경우: 해당 개인정보처리자가 정하는 방법
④ 정보전송자는 일반전문기관, 특수전문기관 및 일반수신자가 제42조의5제3항 전단에 따라 정보주체를 대신하여
제3자전송요구를 하는 경우에는 일반전문기관, 특수전문기관 및 일반수신자에게 법 제38조제3항 단서에 따른 수수
료를 청구할 수 있다.<신설 2025. 2. 25.>",43,43,875,true,true,false,false,true,false,false,2026-05-19,active,https://www.law.go.kr/LSW/lsInfoP.do?lsiSeq=286175,/Users/munchaerin/Desktop/졸프 data/개인정보 보호법 시행령(대통령령)(제36340호)(20260519).pdf
kr-pipa-decree-20260519__0105,kr-pipa-decree-20260519,105,제47조,제47조(수수료 등의 금액 등),ARTICLE,"제47조(수수료 등의 금액 등) ① 법 제38조제3항에 따른 수수료와 우송료의 금액은 열람등요구에 필요한 실비의 범위
에서 해당 개인정보처리자가 정하는 바에 따른다. 다만, 개인정보처리자가 지방자치단체인 경우에는 그 지방자치단
체의 조례로 정하는 바에 따르고, 법 제38조제3항 단서에 따른 수수료는 전송요구대상정보의 특성 및 필요 설비의
구축ㆍ운영 비용 등을 고려하여 보호위원회가 정하여 고시하는 기준에 따라 산정해야 한다. <개정 2025. 2. 25.>
② 개인정보처리자는 열람등요구를 하게 된 사유가 그 개인정보처리자에게 있는 경우에는 수수료와 우송료를 청구
해서는 아니 된다.
③ 법 제38조제3항에 따른 수수료 또는 우송료는 다음 각 호의 구분에 따른 방법으로 낸다. 다만, 국회, 법원, 헌법재
판소, 중앙선거관리위원회, 중앙행정기관 및 그 소속 기관(이하 이 조에서 “국가기관”이라 한다) 또는 지방자치단체
인 개인정보처리자는 「전자금융거래법」 제2조제11호에 따른 전자지급수단 또는 「정보통신망 이용촉진 및 정보보
호 등에 관한 법률」 제2조제1항제10호에 따른 통신과금서비스를 이용하여 수수료 또는 우송료를 내게 할 수 있다.
<개정 2023. 9. 12.>

개인정보 보호법 시행령
1. 국가기관인 개인정보처리자에게 내는 경우: 수입인지
2. 지방자치단체인 개인정보처리자에게 내는 경우: 수입증지
3. 국가기관 및 지방자치단체 외의 개인정보처리자에게 내는 경우: 해당 개인정보처리자가 정하는 방법
④ 제3자대상정보전송자는 일반전문기관, 특수전문기관 및 일반수신자가 제42조의5제4항 전단에 따라 정보주체를
대신하여 제3자전송요구를 하는 경우에는 일반전문기관, 특수전문기관 및 일반수신자에게 법 제38조제3항 단서에
따른 수수료를 청구할 수 있다.<신설 2025. 2. 25., 2026. 2. 19.>
[시행일: 2026. 8. 20.] 제47조",43,44,932,true,true,false,false,true,false,false,2026-05-19,active,https://www.law.go.kr/LSW/lsInfoP.do?lsiSeq=286175,/Users/munchaerin/Desktop/졸프 data/개인정보 보호법 시행령(대통령령)(제36340호)(20260519).pdf
kr-pipa-decree-20260519__0106,kr-pipa-decree-20260519,106,제48조,제48조(열람 요구 지원시스템의 구축 등),ARTICLE,"제48조(열람 요구 지원시스템의 구축 등) ① 개인정보처리자는 열람등요구 및 그에 대한 통지를 갈음하여 해당 업무를
전자적으로 처리할 수 있도록 시스템을 구축ㆍ운영하거나 그 밖의 절차를 정하여 해당 업무를 처리할 수 있다.
② 보호위원회는 개인정보처리자 중 공공기관이 보유하고 있는 개인정보에 관한 열람등요구 및 그에 대한 통지에
관한 공공기관의 업무 수행을 효율적으로 지원하기 위하여 시스템을 구축ㆍ운영할 수 있다.<개정 2013. 3. 23.,
2014. 11. 19., 2017. 7. 26., 2020. 8. 4.>
제6장의2 삭제 <2023. 9. 12.>
제48조의2 삭제 <2023. 9. 12.>
제48조의3 삭제 <2023. 9. 12.>
제48조의4 삭제 <2023. 9. 12.>
제48조의5 삭제 <2023. 9. 12.>
제48조의6 삭제 <2023. 9. 12.>",44,44,441,true,true,false,false,true,false,false,2026-05-19,active,https://www.law.go.kr/LSW/lsInfoP.do?lsiSeq=286175,/Users/munchaerin/Desktop/졸프 data/개인정보 보호법 시행령(대통령령)(제36340호)(20260519).pdf
kr-pipa-decree-20260519__0107,kr-pipa-decree-20260519,107,제48조의7,제48조의7(손해배상책임의 이행을 위한 보험 등 가입 대상자의 범위 및 기준 등),ARTICLE,"제48조의7(손해배상책임의 이행을 위한 보험 등 가입 대상자의 범위 및 기준 등) ① 법 제39조의7제1항에서 “대통령령
으로 정하는 기준에 해당하는 자”란 다음 각 호의 요건을 모두 갖춘 자(이하 “가입대상개인정보처리자”라 한다)를 말
한다. <개정 2024. 3. 12.>
1. 전년도(법인의 경우에는 직전 사업연도를 말한다)의 매출액등이 10억원 이상일 것
2. 전년도 말 기준 직전 3개월간 그 개인정보가 저장ㆍ관리되고 있는 정보주체(제15조의3제2항제2호에 해당하는
정보주체는 제외한다. 이하 이 조에서 같다)의 수가 일일평균 1만명 이상일 것. 다만, 해당 연도에 영업의 전부 또
는 일부의 양수, 분할ㆍ합병 등으로 개인정보를 이전받은 경우에는 이전받은 시점을 기준으로 정보주체의 수가
1만명 이상일 것
② 법 제39조의7제2항제1호에서 “대통령령으로 정하는 공공기관, 비영리법인 및 단체”란 다음 각 호의 기관을 말한
다.<신설 2024. 3. 12.>
1. 공공기관. 다만, 제2조제2호부터 제5호까지에 해당하는 공공기관으로서 제32조제4항 각 호에 해당하는 공공기관
은 제외한다.
2. 「공익법인의 설립ㆍ운영에 관한 법률」 제2조에 따른 공익법인
3. 「비영리민간단체 지원법」 제4조에 따라 등록한 단체
③ 법 제39조의7제2항제2호에서 “대통령령으로 정하는 자”란 다음 각 호의 요건을 모두 갖춘 자를 말한다.<개정
2024. 3. 12.>
1. 「소상공인기본법」 제2조제1항에 따른 소상공인으로부터 개인정보가 분실ㆍ도난ㆍ유출ㆍ위조ㆍ변조 또는 훼손
되지 않도록 개인정보의 저장ㆍ관리 업무를 위탁받은 자
2. 제1호에 따라 위탁받은 업무에 대하여 법 제39조 및 제39조의2에 따른 손해배상책임의 이행을 보장하는 보험 또
는 공제에 가입하거나 준비금을 적립하는 등 필요한 조치를 한 자

개인정보 보호법 시행령
④ 가입대상개인정보처리자가 보험 또는 공제에 가입하거나 준비금을 적립할 경우 최저가입금액(준비금을 적립하
는 경우 최소적립금액을 말한다. 이하 이 조에서 같다)의 기준은 별표 1의4와 같다. 다만, 가입대상개인정보처리자
가 보험 또는 공제 가입과 준비금 적립을 병행하는 경우에는 보험 또는 공제 가입금액과 준비금 적립금액을 합산한
금액이 별표 1의4에서 정한 최저가입금액의 기준 이상이어야 한다.<개정 2023. 9. 12., 2024. 3. 12.>
[본조신설 2020. 8. 4.]
제48조의8 삭제 <2023. 9. 12.>
제48조의9 삭제 <2023. 9. 12.>
제48조의10 삭제 <2023. 9. 12.>
제48조의11 삭제 <2023. 9. 12.>
제48조의12 삭제 <2023. 9. 12.>
제48조의13 삭제 <2023. 9. 12.>
제7장 개인정보 분쟁조정",44,45,1350,true,true,false,false,true,false,false,2026-05-19,active,https://www.law.go.kr/LSW/lsInfoP.do?lsiSeq=286175,/Users/munchaerin/Desktop/졸프 data/개인정보 보호법 시행령(대통령령)(제36340호)(20260519).pdf
kr-pipa-decree-20260519__0108,kr-pipa-decree-20260519,108,제48조의14,제48조의14(당연직위원),ARTICLE,"제48조의14(당연직위원) 분쟁조정위원회의 당연직위원은 보호위원회의 고위공무원단에 속하는 일반직공무원으로서
개인정보 보호에 관한 업무를 담당하는 사람 중 보호위원회 위원장이 지명하는 사람으로 한다. <개정 2017. 7. 26.,
2020. 8. 4.>
[본조신설 2016. 7. 22.]
[제48조의2에서 이동 <2020. 8. 4.>]",45,45,189,true,true,false,false,true,false,false,2026-05-19,active,https://www.law.go.kr/LSW/lsInfoP.do?lsiSeq=286175,/Users/munchaerin/Desktop/졸프 data/개인정보 보호법 시행령(대통령령)(제36340호)(20260519).pdf
kr-pipa-decree-20260519__0109,kr-pipa-decree-20260519,109,제49조,제49조(조정부의 구성 및 운영),ARTICLE,"제49조(조정부의 구성 및 운영) ① 법 제40조제6항에 따른 조정부(이하 “조정부”라 한다)는 분쟁조정위원회 위원장이
지명하는 5명 이내의 위원으로 구성하되, 그 중 1명은 변호사 자격이 있는 위원으로 한다. <개정 2016. 7. 22.>
② 분쟁조정위원회 위원장은 조정부의 회의를 소집한다.
③ 분쟁조정위원회의 위원장은 조정부의 회의를 소집하려면 회의 날짜ㆍ시간ㆍ장소 및 안건을 정하여 회의 개최
7일 전까지 조정부의 각 위원에게 알려야 한다. 다만, 긴급한 사정이 있는 경우에는 그러하지 아니하다.
④ 조정부의 장은 조정부 위원 중에서 호선(互選)한다.
⑤ 제1항부터 제4항까지의 규정에서 정한 사항 외에 조정부의 구성 및 운영 등에 필요한 사항은 분쟁조정위원회의
의결을 거쳐 분쟁조정위원회의 위원장이 정한다.",45,45,401,true,true,false,false,false,false,false,2026-05-19,active,https://www.law.go.kr/LSW/lsInfoP.do?lsiSeq=286175,/Users/munchaerin/Desktop/졸프 data/개인정보 보호법 시행령(대통령령)(제36340호)(20260519).pdf
kr-pipa-decree-20260519__0110,kr-pipa-decree-20260519,110,제49조의2,제49조의2(분쟁조정 전문위원회),ARTICLE,"제49조의2(분쟁조정 전문위원회) ① 분쟁조정위원회는 개인정보에 관한 분쟁의 조정과 관련된 사항의 전문적인 검토
를 위하여 분쟁조정위원회에 분야별 전문위원회(이하 “분쟁조정전문위원회”라 한다)를 둘 수 있다.
② 분쟁조정전문위원회는 위원장 1명을 포함한 10명 이내의 위원으로 구성한다.
③ 분쟁조정전문위원회 위원은 다음 각 호의 사람 중에서 분쟁조정위원회 위원장이 임명하거나 위촉하고, 분쟁조정
전문위원회 위원장은 분쟁조정전문위원회 위원 중에서 분쟁조정위원회 위원장이 지명한다.
1. 분쟁조정위원회 위원
2. 개인정보 보호 관련 업무를 담당하는 중앙행정기관의 관계 공무원
3. 대학에서 개인정보 보호 분야의 조교수 이상으로 재직하고 있거나 재직하였던 사람
4. 공인된 연구기관에서 개인정보 보호 관련 분야의 5년 이상 연구경력이 있는 사람
5. 변호사 자격을 취득한 후 개인정보 보호 관련 분야에 1년 이상 경력이 있는 사람
6. 그 밖에 개인정보 보호 및 분쟁의 조정과 관련하여 전문지식과 경험이 풍부한 사람

개인정보 보호법 시행령
④ 제1항부터 제3항까지에서 규정한 사항 외에 분쟁조정전문위원회의 구성 및 운영 등에 필요한 사항은 분쟁조정
위원회의 의결을 거쳐 분쟁조정위원회 위원장이 정한다.
[본조신설 2023. 9. 12.]",45,46,635,true,true,false,false,true,false,false,2026-05-19,active,https://www.law.go.kr/LSW/lsInfoP.do?lsiSeq=286175,/Users/munchaerin/Desktop/졸프 data/개인정보 보호법 시행령(대통령령)(제36340호)(20260519).pdf
kr-pipa-decree-20260519__0111,kr-pipa-decree-20260519,111,제50조,제50조(사무기구),ARTICLE,"제50조(사무기구) ① 법 제40조제8항에 따른 분쟁조정 접수 및 사실 확인 등 분쟁조정에 필요한 사무처리는 보호위원
회의 사무기구가 수행한다. <개정 2020. 8. 4.>
② 사무기구는 분쟁조정 접수ㆍ진행 및 당사자 통지 등 분쟁조정에 필요한 사무를 전자적으로 처리하기 위하여 분
쟁조정업무시스템을 구축하여 운영할 수 있다.<신설 2020. 8. 4.>
[전문개정 2016. 7. 22.]",46,46,219,true,true,false,false,false,false,false,2026-05-19,active,https://www.law.go.kr/LSW/lsInfoP.do?lsiSeq=286175,/Users/munchaerin/Desktop/졸프 data/개인정보 보호법 시행령(대통령령)(제36340호)(20260519).pdf
kr-pipa-decree-20260519__0112,kr-pipa-decree-20260519,112,제51조,제51조(분쟁조정위원회 등의 운영),ARTICLE,"제51조(분쟁조정위원회 등의 운영) ① 분쟁조정위원회 위원장은 분쟁조정위원회의 회의를 소집하며, 그 의장이 된다.
② 분쟁조정위원회 위원장이 분쟁조정위원회의 회의를 소집하려면 회의 날짜ㆍ시간ㆍ장소 및 안건을 정하여 회의
개최 7일 전까지 각 위원에게 알려야 한다. 다만, 긴급한 사정이 있는 경우에는 그러하지 아니하다.
③ 분쟁조정위원회 및 조정부의 회의는 공개하지 아니한다. 다만, 필요하다고 인정되는 경우에는 분쟁조정위원회의
의결로 당사자 또는 이해관계인에게 방청을 하게 할 수 있다.",46,46,273,true,true,false,false,false,false,false,2026-05-19,active,https://www.law.go.kr/LSW/lsInfoP.do?lsiSeq=286175,/Users/munchaerin/Desktop/졸프 data/개인정보 보호법 시행령(대통령령)(제36340호)(20260519).pdf
kr-pipa-decree-20260519__0113,kr-pipa-decree-20260519,113,제51조의2,제51조의2(조정 불응 의사의 통지),ARTICLE,"제51조의2(조정 불응 의사의 통지) 개인정보처리자는 법 제43조제3항에 따른 특별한 사유가 있어 분쟁조정에 응하지
않으려는 경우에는 법 제43조제2항에 따른 분쟁조정의 통지를 받은 날부터 10일 이내에 그 사유를 명시하여 분쟁조
정 불응 의사를 분쟁조정위원회에 알려야 한다.
[본조신설 2023. 9. 12.]",46,46,174,true,true,false,false,true,false,false,2026-05-19,active,https://www.law.go.kr/LSW/lsInfoP.do?lsiSeq=286175,/Users/munchaerin/Desktop/졸프 data/개인정보 보호법 시행령(대통령령)(제36340호)(20260519).pdf
kr-pipa-decree-20260519__0114,kr-pipa-decree-20260519,114,제51조의3,제51조의3(분쟁조정위원회의 사무기구 및 조사ㆍ열람 등),ARTICLE,"제51조의3(분쟁조정위원회의 사무기구 및 조사ㆍ열람 등) ① 법 제45조제2항 전단에서 “대통령령으로 정하는 사무기
구”란 제50조제1항에 따라 분쟁조정에 필요한 사무처리를 담당하는 보호위원회의 사무기구를 말한다.
② 분쟁조정위원회는 법 제45조제2항에 따라 조사ㆍ열람을 하려는 경우에는 그 7일 전까지 조사ㆍ열람 대상자에게
다음 각 호의 사항을 문서로 알려야 한다. 다만, 조사ㆍ열람 목적을 침해할 우려가 있는 경우에는 미리 알리지 않을
수 있다.
1. 조사ㆍ열람의 목적
2. 조사ㆍ열람의 기간과 장소
3. 조사ㆍ열람을 하는 사람의 직위와 성명
4. 조사ㆍ열람의 범위와 내용
5. 정당한 사유가 있는 경우 조사ㆍ열람을 거부할 수 있다는 사실
6. 정당한 사유 없이 조사ㆍ열람을 거부ㆍ방해 또는 기피할 경우 불이익의 내용
7. 그 밖에 분쟁조정을 위한 조사ㆍ열람에 필요한 사항
③ 분쟁조정위원회는 법 제45조제2항에 따라 조사ㆍ열람을 할 때에는 분쟁당사자 또는 분쟁당사자가 지명하는 자
가 입회하거나 의견을 진술하도록 요청할 수 있다.
④ 분쟁조정위원회는 법 제45조제5항에 따라 의견을 들으려면 회의 일시 및 장소를 정하여 회의 개최 15일 전까지
분쟁당사자 또는 참고인에게 출석을 통지해야 한다.
[본조신설 2023. 9. 12.]",46,46,635,true,true,false,false,false,false,false,2026-05-19,active,https://www.law.go.kr/LSW/lsInfoP.do?lsiSeq=286175,/Users/munchaerin/Desktop/졸프 data/개인정보 보호법 시행령(대통령령)(제36340호)(20260519).pdf
kr-pipa-decree-20260519__0115,kr-pipa-decree-20260519,115,제51조의4,제51조의4(조정안에 대한 거부 의사 통지 등),ARTICLE,"제51조의4(조정안에 대한 거부 의사 통지 등) ① 분쟁조정위원회는 법 제47조제2항에 따라 당사자에게 조정안을 제시
할 때에는 같은 조 제3항에 따라 조정안을 제시받은 날부터 15일 이내에 수락 여부를 알리지 않으면 조정을 수락한
것으로 본다는 사실을 알려야 한다.
② 법 제47조제2항에 따라 조정안을 제시받은 당사자는 조정안을 거부하려는 경우에는 조정안을 제시받은 날부터
15일 이내에 인편, 등기우편 또는 전자우편의 방법으로 그 의사를 분쟁조정위원회에 알려야 한다.
[본조신설 2023. 9. 12.]

개인정보 보호법 시행령",46,47,298,true,true,false,false,true,false,false,2026-05-19,active,https://www.law.go.kr/LSW/lsInfoP.do?lsiSeq=286175,/Users/munchaerin/Desktop/졸프 data/개인정보 보호법 시행령(대통령령)(제36340호)(20260519).pdf
kr-pipa-decree-20260519__0116,kr-pipa-decree-20260519,116,제52조,제52조(집단분쟁조정의 신청 대상),ARTICLE,"제52조(집단분쟁조정의 신청 대상) 법 제49조제1항에서 “대통령령으로 정하는 사건”이란 다음 각 호의 요건을 모두 갖
춘 사건을 말한다.
1. 피해 또는 권리침해를 입은 정보주체의 수가 다음 각 목의 정보주체를 제외하고 50명 이상일 것
가. 개인정보처리자와 분쟁해결이나 피해보상에 관한 합의가 이루어진 정보주체
나. 같은 사안으로 다른 법령에 따라 설치된 분쟁조정기구에서 분쟁조정 절차가 진행 중인 정보주체
다. 해당 개인정보 침해로 인한 피해에 대하여 법원에 소(訴)를 제기한 정보주체
2. 사건의 중요한 쟁점이 사실상 또는 법률상 공통될 것",47,47,306,true,true,false,false,true,false,false,2026-05-19,active,https://www.law.go.kr/LSW/lsInfoP.do?lsiSeq=286175,/Users/munchaerin/Desktop/졸프 data/개인정보 보호법 시행령(대통령령)(제36340호)(20260519).pdf
kr-pipa-decree-20260519__0117,kr-pipa-decree-20260519,117,제53조,제53조(집단분쟁조정 절차의 개시),ARTICLE,"제53조(집단분쟁조정 절차의 개시) ① 법 제49조제2항 후단에서 “대통령령으로 정하는 기간”이란 14일 이상의 기간을
말한다.
② 법 제49조제2항 후단에 따른 집단분쟁조정 절차의 개시 공고는 분쟁조정위원회의 인터넷 홈페이지 또는 「신문
등의 진흥에 관한 법률」에 따라 전국을 보급지역으로 하는 일반일간신문에 게재하는 방법으로 한다.<개정 2015.
12. 30.>",47,47,205,true,true,false,false,false,false,false,2026-05-19,active,https://www.law.go.kr/LSW/lsInfoP.do?lsiSeq=286175,/Users/munchaerin/Desktop/졸프 data/개인정보 보호법 시행령(대통령령)(제36340호)(20260519).pdf
kr-pipa-decree-20260519__0118,kr-pipa-decree-20260519,118,제54조,제54조(집단분쟁조정 절차에 대한 참가 신청),ARTICLE,"제54조(집단분쟁조정 절차에 대한 참가 신청) ① 법 제49조에 따른 집단분쟁조정(이하 “집단분쟁조정”이라 한다)의 당
사자가 아닌 정보주체 또는 개인정보처리자가 법 제49조제3항에 따라 추가로 집단분쟁조정의 당사자로 참가하려면
법 제49조제2항 후단의 공고기간에 문서로 참가 신청을 하여야 한다.
② 분쟁조정위원회는 제1항에 따라 집단분쟁조정 당사자 참가 신청을 받으면 제1항의 신청기간이 끝난 후 10일 이
내에 참가 인정 여부를 문서로 알려야 한다.",47,47,254,true,true,false,false,true,false,false,2026-05-19,active,https://www.law.go.kr/LSW/lsInfoP.do?lsiSeq=286175,/Users/munchaerin/Desktop/졸프 data/개인정보 보호법 시행령(대통령령)(제36340호)(20260519).pdf
kr-pipa-decree-20260519__0119,kr-pipa-decree-20260519,119,제55조,제55조(집단분쟁조정 절차의 진행),ARTICLE,"제55조(집단분쟁조정 절차의 진행) ① 집단분쟁조정 절차가 개시된 후 제52조제1호가목부터 다목까지의 어느 하나에
해당하게 된 정보주체는 당사자에서 제외된다.
② 분쟁조정위원회는 제52조 각 호의 요건을 모두 갖춘 사건에 대하여 집단분쟁조정 절차가 개시되고 나면 그 후
집단분쟁조정 당사자 중 일부가 같은 조 제1호가목부터 다목까지의 어느 하나에 해당하게 되어 같은 조 제1호의 요
건을 갖추지 못하게 되더라도 집단분쟁조정 절차를 중지하지 아니한다.",47,47,251,true,true,false,false,true,false,false,2026-05-19,active,https://www.law.go.kr/LSW/lsInfoP.do?lsiSeq=286175,/Users/munchaerin/Desktop/졸프 data/개인정보 보호법 시행령(대통령령)(제36340호)(20260519).pdf
kr-pipa-decree-20260519__0120,kr-pipa-decree-20260519,120,제56조,제56조(수당과 여비),ARTICLE,"제56조(수당과 여비) 분쟁조정위원회, 조정부 및 분쟁조정전문위원회의 회의에 출석한 위원 등에게는 예산의 범위에서
수당과 여비를 지급할 수 있다. 다만, 공무원인 위원이 그 소관 업무와 직접적으로 관련되어 출석하는 경우에는 그러
하지 아니하다. <개정 2023. 9. 12.>",47,47,154,true,true,false,false,false,false,false,2026-05-19,active,https://www.law.go.kr/LSW/lsInfoP.do?lsiSeq=286175,/Users/munchaerin/Desktop/졸프 data/개인정보 보호법 시행령(대통령령)(제36340호)(20260519).pdf
kr-pipa-decree-20260519__0121,kr-pipa-decree-20260519,121,제57조,제57조(분쟁조정 세칙),ARTICLE,"제57조(분쟁조정 세칙) 법 및 이 영에서 규정한 사항 외에 분쟁의 조정절차 및 조정업무의 처리 등 분쟁조정위원회의
운영 및 집단분쟁조정을 위하여 필요한 사항은 분쟁조정위원회의 의결을 거쳐 분쟁조정위원회의 위원장이 정한다.
<개정 2023. 9. 12.>
제8장 보칙 및 벌칙",47,47,154,true,true,false,false,false,false,false,2026-05-19,active,https://www.law.go.kr/LSW/lsInfoP.do?lsiSeq=286175,/Users/munchaerin/Desktop/졸프 data/개인정보 보호법 시행령(대통령령)(제36340호)(20260519).pdf
kr-pipa-decree-20260519__0122,kr-pipa-decree-20260519,122,제58조,제58조(개선권고 및 징계권고),ARTICLE,"제58조(개선권고 및 징계권고) ① 법 제61조제2항ㆍ제3항에 따른 개선권고 및 법 제65조제2항ㆍ제3항에 따른 징계권
고는 권고 사항, 권고 사유 및 조치 결과 회신기간 등을 분명하게 밝힌 문서로 하여야 한다.
② 제1항에 따른 권고를 받은 자는 권고 내용에 따라 필요한 조치를 하고, 그 결과를 보호위원회 또는 관계 중앙행
정기관의 장에게 문서로 통보해야 한다. 다만, 권고 내용대로 조치하기 곤란하다고 판단되는 특별한 사정이 있는 경
우에는 그 사유를 통보해야 한다.<개정 2013. 3. 23., 2014. 11. 19., 2017. 7. 26., 2020. 8. 4.>",47,47,323,true,true,false,false,false,false,false,2026-05-19,active,https://www.law.go.kr/LSW/lsInfoP.do?lsiSeq=286175,/Users/munchaerin/Desktop/졸프 data/개인정보 보호법 시행령(대통령령)(제36340호)(20260519).pdf
kr-pipa-decree-20260519__0123,kr-pipa-decree-20260519,123,제59조,제59조(침해 사실의 신고 등),ARTICLE,"제59조(침해 사실의 신고 등) 보호위원회는 법 제62조제2항에 따라 개인정보에 관한 권리 또는 이익 침해 사실 신고의
접수ㆍ처리 등에 관한 업무를 효율적으로 수행하기 위한 전문기관으로 한국인터넷진흥원을 지정한다. <개정 2013.
3. 23., 2014. 11. 19., 2017. 7. 26., 2020. 8. 4.>

개인정보 보호법 시행령",47,48,193,true,true,false,false,true,false,false,2026-05-19,active,https://www.law.go.kr/LSW/lsInfoP.do?lsiSeq=286175,/Users/munchaerin/Desktop/졸프 data/개인정보 보호법 시행령(대통령령)(제36340호)(20260519).pdf
kr-pipa-decree-20260519__0124,kr-pipa-decree-20260519,124,제60조,제60조(자료제출 요구 및 검사),ARTICLE,"제60조(자료제출 요구 및 검사) ① 법 제63조제1항제3호에서 “대통령령으로 정하는 경우”란 개인정보 유출 등 정보주
체의 개인정보에 관한 권리 또는 이익을 침해하는 사건ㆍ사고 등이 발생하였거나 발생할 가능성이 상당히 있는 경
우를 말한다.
② 보호위원회는 법 제63조제1항 및 제2항에 따른 자료의 제출 요구 및 검사 등을 위하여 한국인터넷진흥원의 장에
게 기술적인 사항을 자문하는 등 필요한 지원을 요청할 수 있다.<개정 2013. 3. 23., 2014. 11. 19., 2015. 12. 30.,
2017. 7. 26., 2020. 8. 4.>
③ 삭제<2023. 9. 12.>
④ 삭제<2023. 9. 12.>
⑤ 삭제<2023. 9. 12.>
⑥ 삭제<2023. 9. 12.>
⑦ 삭제<2023. 9. 12.>",48,48,404,true,true,false,false,true,false,false,2026-05-19,active,https://www.law.go.kr/LSW/lsInfoP.do?lsiSeq=286175,/Users/munchaerin/Desktop/졸프 data/개인정보 보호법 시행령(대통령령)(제36340호)(20260519).pdf
kr-pipa-decree-20260519__0125,kr-pipa-decree-20260519,125,제60조의2,제60조의2(과징금의 산정기준 등),ARTICLE,"제60조의2(과징금의 산정기준 등) ① 법 제64조의2제1항 각 호 외의 부분 본문에 따른 전체 매출액은 다음 각 호의 구
분에 따른 금액으로 한다. <개정 2026. 5. 19.>
1. 위반행위가 있었던 사업연도(이하 이 항에서 “해당사업연도”라 한다)의 첫날 현재 사업을 개시한 지 3년 이상인
경우: 다음 각 목의 금액 중 큰 금액
가. 해당사업연도의 직전 사업연도(이하 이 항에서 “직전사업연도”라 한다)의 매출액
나. 해당사업연도 직전 3개 사업연도의 연평균 매출액
2. 해당사업연도의 첫날 현재 사업을 개시한 지 1년 이상 3년 미만인 경우: 다음 각 목의 금액 중 큰 금액
가. 직전사업연도의 매출액
나. 사업개시일부터 직전사업연도 말일까지의 매출액을 연평균 매출액으로 환산한 금액
3. 직전사업연도에 사업을 개시한 경우로서 해당사업연도의 첫날 현재 사업을 개시한 지 1년 미만인 경우: 사업개시
일부터 직전사업연도 말일까지의 매출액을 연매출액으로 환산한 금액
4. 해당사업연도에 사업을 개시한 경우: 사업개시일부터 위반행위일까지의 매출액을 연매출액으로 환산한 금액
② 법 제64조의2제1항 각 호 외의 부분 단서에서 “대통령령으로 정하는 경우”란 다음 각 호의 어느 하나에 해당하
는 경우를 말한다.
1. 다음 각 목의 어느 하나에 해당하는 사유로 영업실적이 없는 경우
가. 영업을 개시하지 않은 경우
나. 영업을 중단한 경우
다. 수익사업을 영위하지 않는 등 가목 및 나목에 준하는 경우
2. 재해 등으로 인하여 매출액 산정자료가 소멸되거나 훼손되는 등 객관적인 매출액의 산정이 곤란한 경우
③ 법 제64조의2제2항에 따른 위반행위와 관련이 없는 매출액은 제1항에 따른 전체 매출액 중 다음 각 호의 어느
하나에 해당하는 금액으로 한다.
1. 개인정보의 처리와 관련이 없는 재화 또는 서비스의 매출액
2. 제4항에 따라 제출받은 자료 등에 근거하여 보호위원회가 위반행위로 인하여 직접 또는 간접적으로 영향을 받는
재화 또는 서비스의 매출액이 아닌 것으로 인정하는 매출액
④ 보호위원회는 제1항부터 제3항까지의 규정에 따른 매출액 산정 등을 위하여 재무제표 등의 자료가 필요한 경우
20일 이내의 기간을 정하여 해당 개인정보처리자에게 관련 자료의 제출을 요청할 수 있다.
⑤ 법 제64조의2제5항제4호에서 “대통령령으로 정하는 사유가 있는 경우”란 해당 개인정보처리자가 위반행위를 시
정하고 보호위원회가 정하여 고시하는 기준에 해당되는 경우를 말한다.
⑥ 법 제64조의2제6항에 따른 과징금의 산정기준과 산정절차는 별표 1의5와 같다.
[본조신설 2023. 9. 12.]",48,48,1279,true,true,false,false,true,false,false,2026-05-19,active,https://www.law.go.kr/LSW/lsInfoP.do?lsiSeq=286175,/Users/munchaerin/Desktop/졸프 data/개인정보 보호법 시행령(대통령령)(제36340호)(20260519).pdf
kr-pipa-decree-20260519__0126,kr-pipa-decree-20260519,126,제60조의3,제60조의3(과징금의 부과 및 납부),ARTICLE,"제60조의3(과징금의 부과 및 납부) ① 보호위원회는 법 제64조의2에 따라 과징금을 부과하려는 경우에는 해당 위반행
위를 조사ㆍ확인한 후 위반사실ㆍ부과금액ㆍ이의 제기 방법 및 이의 제기 기간 등을 서면으로 명시하여 과징금 부

개인정보 보호법 시행령
과대상자에게 통지해야 한다.
② 제1항에 따라 통지를 받은 자는 통지를 받은 날부터 30일 이내에 보호위원회가 지정하는 금융기관에 과징금을
납부해야 한다.
③ 제2항에 따라 과징금의 납부를 받은 금융기관은 과징금을 납부한 자에게 영수증을 발급해야 한다.
④ 금융기관이 제2항에 따라 과징금을 수납한 때에는 지체 없이 그 사실을 보호위원회에 통보해야 한다.
[본조신설 2023. 9. 12.]",48,49,359,true,true,false,true,true,false,false,2026-05-19,active,https://www.law.go.kr/LSW/lsInfoP.do?lsiSeq=286175,/Users/munchaerin/Desktop/졸프 data/개인정보 보호법 시행령(대통령령)(제36340호)(20260519).pdf
kr-pipa-decree-20260519__0127,kr-pipa-decree-20260519,127,제60조의4,제60조의4(과징금의 납부기한 연기 및 분할 납부),ARTICLE,"제60조의4(과징금의 납부기한 연기 및 분할 납부) ① 보호위원회는 법 제64조의2제1항에 따른 과징금의 납부기한을 「
행정기본법」 제29조 및 같은 법 시행령 제7조에 따라 연기하는 경우에는 원래 납부기한의 다음 날부터 2년을 초과
할 수 없다.
② 보호위원회는 법 제64조의2제1항에 따른 과징금을 「행정기본법」 제29조 및 같은 법 시행령 제7조에 따라 분할
납부하게 하는 경우에는 각 분할된 납부기한 간의 간격은 6개월을 초과할 수 없으며, 분할 횟수는 6회를 초과할 수
없다.
③ 제1항 및 제2항에서 규정한 사항 외에 과징금 납부기한 연기 및 분할 납부 신청 등에 필요한 사항은 보호위원회
가 정하여 고시한다.
[본조신설 2023. 9. 12.]",49,49,367,true,true,false,false,false,false,false,2026-05-19,active,https://www.law.go.kr/LSW/lsInfoP.do?lsiSeq=286175,/Users/munchaerin/Desktop/졸프 data/개인정보 보호법 시행령(대통령령)(제36340호)(20260519).pdf
kr-pipa-decree-20260519__0128,kr-pipa-decree-20260519,128,제60조의5,제60조의5(환급가산금의 이자율),ARTICLE,"제60조의5(환급가산금의 이자율) 법 제64조의2제9항에서 “대통령령으로 정하는 이자율”이란 「국세기본법 시행령」 제
43조의3제2항 본문에 따른 이자율을 말한다.
[본조신설 2023. 9. 12.]",49,49,111,true,true,false,false,false,false,false,2026-05-19,active,https://www.law.go.kr/LSW/lsInfoP.do?lsiSeq=286175,/Users/munchaerin/Desktop/졸프 data/개인정보 보호법 시행령(대통령령)(제36340호)(20260519).pdf
kr-pipa-decree-20260519__0129,kr-pipa-decree-20260519,129,제61조,제61조(결과의 공표),ARTICLE,"제61조(결과의 공표) ① 보호위원회는 법 제66조제1항에 따라 다음 각 호의 사항을 보호위원회 인터넷 홈페이지 등에
게재하여 공표할 수 있다.
1. 위반행위의 내용
2. 위반행위를 한 자
3. 개선권고, 시정조치 명령, 과징금의 부과, 고발, 징계권고, 과태료 부과의 내용 및 결과
② 보호위원회는 법 제66조제2항에 따라 개선권고, 시정조치 명령, 과징금의 부과, 고발, 징계권고 및 과태료 부과처
분 등(이하 이 조에서 “처분등”이라 한다)을 받은 자에게 다음 각 호의 사항을 공표할 것을 명할 수 있다. 이 경우 공
표의 내용ㆍ횟수, 매체와 지면의 크기 등을 정하여 명해야 하며, 처분등을 받은 자와 공표 문안 등에 관하여 협의할
수 있다.
1. 위반행위의 내용
2. 위반행위를 한 자
3. 처분등을 받았다는 사실
③ 보호위원회는 제1항에 따라 공표하려는 경우 또는 제2항에 따라 공표할 것을 명하려는 경우에는 위반행위의 내
용 및 정도, 위반 기간 및 횟수, 위반행위로 인하여 발생한 피해의 범위 및 결과 등을 고려해야 한다.
④ 보호위원회는 공표 또는 공표명령에 대한 심의ㆍ의결 전에 처분등을 받은 자에게 소명자료를 제출하거나 의견
을 진술할 수 있는 기회를 주어야 한다.
[전문개정 2023. 9. 12.]",49,49,626,true,true,false,false,false,false,false,2026-05-19,active,https://www.law.go.kr/LSW/lsInfoP.do?lsiSeq=286175,/Users/munchaerin/Desktop/졸프 data/개인정보 보호법 시행령(대통령령)(제36340호)(20260519).pdf
kr-pipa-decree-20260519__0130,kr-pipa-decree-20260519,130,제62조,제62조(업무의 위탁),ARTICLE,"제62조(업무의 위탁) ① 삭제 <2015. 12. 30.>
② 보호위원회는 법 제68조제1항에 따라 법 제24조의2제4항에 따른 대체가입수단 제공의 지원에 관한 업무를 다음
각 호의 기관에 위탁할 수 있다.<개정 2013. 3. 23., 2014. 11. 19., 2015. 12. 30., 2017. 7. 26., 2020. 8. 4., 2022. 7.
19.>
1. 「전자정부법」 제72조제1항에 따른 한국지역정보개발원

개인정보 보호법 시행령
2. 한국인터넷진흥원
3. 대체가입수단의 개발ㆍ제공ㆍ관리 업무를 안전하게 수행할 수 있는 기술적ㆍ재정적 능력과 설비를 보유한 것으
로 인정되어 보호위원회가 정하여 고시하는 법인ㆍ기관ㆍ단체
③ 보호위원회(제10호의 경우 보호위원회 외의 지정권자를 포함한다. 이하 제4항 각 호 외의 부분 및 제5항에서 같
다)는 법 제68조제1항에 따라 다음 각 호의 사항에 관한 업무를 제4항에 따른 기관에 위탁할 수 있다.<개정 2013.
3. 23., 2014. 11. 19., 2015. 12. 30., 2017. 7. 26., 2020. 8. 4., 2022. 7. 19., 2023. 9. 12., 2025. 2. 25., 2025. 9. 23.>
1. 법 제7조의8제5호에 따른 개인정보 보호를 위한 국제기구와 외국의 개인정보 보호기구와의 교류ㆍ협력
2. 법 제7조의8제6호에 따른 개인정보 보호에 관한 법령ㆍ정책ㆍ제도ㆍ실태 등의 조사ㆍ연구
3. 법 제7조의8제7호에 따른 개인정보 보호에 관한 기술개발의 지원ㆍ보급
4. 법 제11조의2제1항에 따른 개인정보 보호수준 평가 및 같은 조 제2항에 따른 평가 자료의 제출 요청
5. 법 제13조제1호에 따른 개인정보 보호에 관한 교육ㆍ홍보
6. 법 제13조제2호에 따른 개인정보 보호와 관련된 기관ㆍ단체의 육성 및 지원
7. 법 제13조제3호에 따른 개인정보 보호 인증마크의 시행 지원
8. 법 제13조제4호에 따른 개인정보처리자의 자율적인 규약의 시행 지원
9. 법 제33조제6항에 따른 관계 전문가의 육성 및 영향평가 기준의 개발
10. 법 제35조제2항에 따른 열람 요구의 접수 및 처리
11. 법 제63조에 따른 자료제출 요구 및 검사 중 다음 각 목의 사항과 관련된 자료제출 요구 및 검사
가. 법 제34조제3항 전단에 따른 신고에 대한 기술지원
나. 법 제62조에 따라 개인정보침해 신고센터에 접수된 신고의 접수ㆍ처리 및 상담
12. 제36조제2항에 따른 평가기관 지정신청서의 접수 및 같은 조 제6항에 따른 신고 사항의 접수
13. 법 제35조의3에 따른 개인정보관리 전문기관의 지정에 관한 다음 각 목의 사항
가. 제42조의10제1항에 따른 개인정보관리 전문기관 지정 신청의 접수 및 신청 내용의 확인
나. 제42조의10제4항에 따른 개인정보관리 전문기관 지정에 관한 예비심사
다. 제42조의12제1항 후단에 따른 지정 조건의 이행 여부 확인
14. 법 제35조의4제2항에 따른 개인정보전송지원플랫폼의 운영
④ 보호위원회가 제3항 각 호의 사항에 관한 업무를 위탁할 수 있는 기관은 다음 각 호와 같다.<신설 2022. 7. 19.>
1. 한국인터넷진흥원
2. 개인정보 보호 분야에 전문성을 갖춘 것으로 인정되어 보호위원회가 정하여 고시하는 법인ㆍ기관 또는 단체
⑤ 보호위원회가 제2항부터 제4항까지의 규정에 따라 업무를 위탁하는 경우에는 위탁받는 기관과 위탁업무의 내용
을 관보나 보호위원회의 인터넷 홈페이지에 공고해야 한다.<개정 2022. 7. 19.>
[제목개정 2022. 7. 19.]",49,50,1735,true,true,false,false,true,false,false,2026-05-19,active,https://www.law.go.kr/LSW/lsInfoP.do?lsiSeq=286175,/Users/munchaerin/Desktop/졸프 data/개인정보 보호법 시행령(대통령령)(제36340호)(20260519).pdf
kr-pipa-decree-20260519__0131,kr-pipa-decree-20260519,131,제62조의2,제62조의2(민감정보 및 고유식별정보의 처리),ARTICLE,"제62조의2(민감정보 및 고유식별정보의 처리) ① 보호위원회(제62조제3항에 따라 보호위원회의 권한을 위탁받은 자를
포함한다)는 다음 각 호의 사무를 수행하기 위하여 불가피한 경우 민감정보와 제19조에 따른 주민등록번호, 여권번
호, 운전면허의 면허번호 또는 외국인등록번호가 포함된 자료를 처리할 수 있다. <개정 2020. 8. 4., 2023. 9. 12.>
1. 법 제7조의9제1항제4호부터 제6호까지의 규정에 따른 사항의 심의ㆍ의결에 관한 사무
2. 법 제24조의2제4항에 따른 주민등록번호 대체 방법 제공을 위한 시스템 구축 등 제반조치 마련 및 지원에 관한
사무
3. 삭제<2023. 9. 12.>
4. 법 제62조제3항에 따른 개인정보침해 신고센터의 업무에 관한 사무
5. 법 제63조제1항 및 제2항에 따른 자료의 제출 및 검사에 관한 사무
6. 법 제63조의2에 따른 사전 실태점검에 관한 사무
7. 법 제64조의2에 따른 과징금의 부과 및 징수에 관한 사무

개인정보 보호법 시행령
② 분쟁조정위원회는 법 제45조, 제47조 및 제49조에 따른 개인정보 분쟁 조정에 관한 사무를 수행하기 위하여 불
가피한 경우 민감정보와 제19조에 따른 주민등록번호, 여권번호, 운전면허의 면허번호 또는 외국인등록번호가 포함
된 자료를 처리할 수 있다.<개정 2020. 8. 4., 2023. 9. 12.>
③ 정보전송자 및 중계전문기관은 법 제35조의2에 따른 개인정보의 전송 요구에 관한 사무를 수행하기 위하여 불
가피한 경우 제19조에 따른 주민등록번호, 여권번호, 운전면허의 면허번호 또는 외국인등록번호(정보전송자의 경우
에는 보유하고 있는 주민등록번호 등으로 한정한다)가 포함된 자료를 처리(본인 여부 확인을 하는 경우로 한정한다
)할 수 있다.<신설 2025. 2. 25.>
[본조신설 2014. 8. 6.]
[제목개정 2020. 8. 4.]",50,51,926,true,true,false,false,true,false,false,2026-05-19,active,https://www.law.go.kr/LSW/lsInfoP.do?lsiSeq=286175,/Users/munchaerin/Desktop/졸프 data/개인정보 보호법 시행령(대통령령)(제36340호)(20260519).pdf
kr-pipa-decree-20260519__0132,kr-pipa-decree-20260519,132,제62조의3,제62조의3(규제의 재검토),ARTICLE,"제62조의3(규제의 재검토) ① 보호위원회는 다음 각 호의 사항에 대하여 다음 각 호의 기준일을 기준으로 3년마다(매
3년이 되는 해의 기준일과 같은 날 전까지를 말한다) 그 타당성을 검토하여 개선 등의 조치를 해야 한다. <신설
2020. 8. 4., 2022. 3. 8., 2023. 9. 12., 2024. 3. 12., 2025. 2. 25.>
1. 삭제<2025. 2. 25.>
2. 제15조의3에 따른 개인정보 이용ㆍ제공내역을 통지해야 하는 자의 범위, 통지해야 하는 정보의 종류 및 통지 주
기와 방법: 2023년 9월 15일
3. 제48조의7에 따른 손해배상책임의 이행을 위한 보험 등 가입 대상자의 범위 및 기준: 2020년 8월 5일
4. 제29조의3에 따른 개인정보처리자 간 가명정보의 결합: 2024년 1월 1일
5. 제42조의2부터 제42조의4까지의 규정에 따른 정보전송자 및 전송 정보 등에 관한 사항: 2025년 1월 1일
6. 제42조의5부터 제42조의8까지의 규정에 따른 개인정보 전송 요구 및 전송 방법에 관한 사항: 2025년 1월 1일
7. 제42조의9부터 제42조의16까지의 규정에 따른 개인정보관리 전문기관 등에 관한 사항 등: 2025년 1월 1일
8. 제29조의2에 따른 결합전문기관의 지정 등에 관한 사항: 2026년 1월 1일
9. 제29조의4에 따른 결합전문기관의 관리ㆍ감독 등에 관한 사항: 2025년 1월 1일
② 보호위원회는 다음 각 호의 사항에 대하여 다음 각 호의 기준일을 기준으로 2년마다(매 2년이 되는 해의 1월 1일
전까지를 말한다) 그 타당성을 검토하여 개선 등의 조치를 해야 한다.<개정 2024. 3. 12., 2025. 2. 25.>
1. 삭제<2025. 2. 25.>
2. 제32조제4항ㆍ제6항 및 별표 1에 따른 개인정보 보호책임자의 자격 요건 및 개인정보 보호책임자의 독립성 보장
을 위한 개인정보처리자의 준수 사항: 2025년 1월 1일
3. 제44조의2부터 제44조의4까지의 규정에 따른 자동화된 결정의 거부ㆍ설명등요구의 절차 및 방법, 자동화된 결정
의 거부ㆍ설명등요구에 따른 조치, 자동화된 결정의 기준과 절차 등의 공개: 2025년 1월 1일
③ 삭제<2022. 3. 8.>
[전문개정 2014. 12. 9.]",51,51,1117,true,true,false,false,true,false,false,2026-05-19,active,https://www.law.go.kr/LSW/lsInfoP.do?lsiSeq=286175,/Users/munchaerin/Desktop/졸프 data/개인정보 보호법 시행령(대통령령)(제36340호)(20260519).pdf
kr-pipa-decree-20260519__0133,kr-pipa-decree-20260519,133,제63조,제63조(과태료의 부과기준),ARTICLE,"제63조(과태료의 부과기준) 법 제75조에 따른 과태료의 부과기준은 별표 2와 같다. <개정 2020. 8. 4., 2023. 9. 12.>
부칙 <제36340호,2026. 5. 19.>
이 영은 공포한 날부터 시행한다.",51,51,123,true,true,false,false,false,false,false,2026-05-19,active,https://www.law.go.kr/LSW/lsInfoP.do?lsiSeq=286175,/Users/munchaerin/Desktop/졸프 data/개인정보 보호법 시행령(대통령령)(제36340호)(20260519).pdf
kr-medical-device-act-20260701__0001,kr-medical-device-act-20260701,1,제2조,제2조(정의),ARTICLE,"제2조(정의) ① 이 법에서 “의료기기”란 사람이나 동물에게 단독 또는 조합하여 사용되는 기구ㆍ기계ㆍ장치ㆍ재료ㆍ소
프트웨어 또는 이와 유사한 제품으로서 다음 각 호의 어느 하나에 해당하는 제품을 말한다. 다만, 「약사법」에 따른
의약품과 의약외품 및 「장애인복지법」 제65조에 따른 장애인보조기구 중 의지(義肢)ㆍ보조기(補助器)는 제외한다.
<개정 2018. 12. 11.>
1. 질병을 진단ㆍ치료ㆍ경감ㆍ처치 또는 예방할 목적으로 사용되는 제품
2. 상해(傷害) 또는 장애를 진단ㆍ치료ㆍ경감 또는 보정할 목적으로 사용되는 제품
3. 구조 또는 기능을 검사ㆍ대체 또는 변형할 목적으로 사용되는 제품
4. 임신을 조절할 목적으로 사용되는 제품
② 이 법에서 “기술문서”란 의료기기의 성능과 안전성 등 품질에 관한 자료로서 해당 품목의 원자재, 구조, 사용목적
, 사용방법, 작용원리, 사용 시 주의사항, 시험규격 등이 포함된 문서를 말한다.
③ 이 법에서 “의료기기취급자”란 의료기기를 업무상 취급하는 다음 각 호의 어느 하나에 해당하는 자로서 이 법에
따라 허가를 받거나 신고를 한 자, 「의료법」에 따른 의료기관 개설자 및 「수의사법」에 따른 동물병원 개설자를 말
한다.
1. 의료기기 제조업자
2. 의료기기 수입업자
3. 의료기기 수리업자
4. 의료기기 판매업자
5. 의료기기 임대업자
④ 이 법에서 “의료기기 표준코드”란 의료기기를 식별하고 체계적ㆍ효율적으로 관리하기 위하여 용기나 외장 등에
표준화된 체계에 따라 표기되는 숫자, 바코드[전자태그(RFID tag)를 포함한다] 등을 말한다.<신설 2016. 12. 2.>",1,1,797,true,false,true,false,false,true,false,2026-07-01,active,https://www.law.go.kr/lsLawLinkInfo.do?chrClsCd=010202&lsJoLnkSeq=900516573,/Users/munchaerin/Desktop/졸프 data/의료기기법(법률)(제21263호)(20260701).pdf
kr-medical-device-act-20260701__0002,kr-medical-device-act-20260701,2,제24조,제24조(기재 및 광고의 금지 등),ARTICLE,"제24조(기재 및 광고의 금지 등) ① 의료기기의 용기, 외장, 포장 또는 첨부문서에 해당 의료기기에 관하여 다음 각 호
의 사항을 표시하거나 적어서는 아니 된다. <개정 2015. 1. 28.>
1. 거짓이나 오해할 염려가 있는 사항
2. 제6조제2항 또는 제15조제2항에 따른 허가 또는 인증을 받지 아니하거나 신고한 사항과 다른 성능이나 효능 및
효과
3. 보건위생상 위해가 발생할 우려가 있는 사용방법이나 사용기간
② 누구든지 의료기기의 광고와 관련하여 다음 각 호의 어느 하나에 해당하는 광고를 하여서는 아니 된다.<개정
2013. 3. 23., 2015. 1. 28., 2021. 3. 23.>
1. 의료기기의 명칭ㆍ제조방법ㆍ성능이나 효능 및 효과 또는 그 원리에 관한 거짓 또는 과대 광고
2. 의사ㆍ치과의사ㆍ한의사ㆍ수의사 또는 그 밖의 자가 의료기기의 성능이나 효능 및 효과에 관하여 보증ㆍ추천ㆍ
공인ㆍ지도 또는 인정하고 있거나 그러한 의료기기를 사용하고 있는 것으로 오해할 염려가 있는 기사를 사용한

의료기기법
광고
3. 의료기기의 성능이나 효능 및 효과를 암시하는 기사ㆍ사진ㆍ도안을 사용하거나 그 밖에 암시적인 방법을 사용한
광고
4. 의료기기에 관하여 낙태를 암시하거나 외설적인 문서 또는 도안을 사용한 광고
5. 제6조제2항 또는 제15조제2항에 따라 허가 또는 인증을 받지 아니하거나 신고한 사항과 다른 의료기기의 명칭ㆍ
제조방법ㆍ성능이나 효능 및 효과에 관한 광고. 다만, 제26조제1항 단서에 해당하는 의료기기의 경우에는 식품의
약품안전처장이 정하여 고시하는 절차 및 방법, 허용범위 등에 따라 광고할 수 있다.
6. 삭제<2021. 3. 23.>
7. 제25조제1항에 따른 자율심의를 받지 아니한 광고 또는 심의받은 내용과 다른 내용의 광고
③ 제1항 및 제2항에 따른 의료기기의 표시ㆍ기재 및 광고의 범위 등에 관하여 필요한 사항은 총리령으로 정한다.
<개정 2013. 3. 23.>
[2021. 3. 23. 법률 제17978호에 의하여 2020. 8. 28. 헌법재판소에서 위헌 결정된 이 조 제2항제6호를 삭제함.]",17,18,1036,true,false,true,true,false,true,true,2026-07-01,active,https://www.law.go.kr/lsLawLinkInfo.do?chrClsCd=010202&lsJoLnkSeq=900516573,/Users/munchaerin/Desktop/졸프 data/의료기기법(법률)(제21263호)(20260701).pdf
kr-medical-device-act-rule-20260701__0001,kr-medical-device-act-rule-20260701,1,제45조,제45조(의료기기광고의 범위 등),ARTICLE,"제45조(의료기기광고의 범위 등) 법 제24조제2항 및 제3항에 따라 금지되는 광고의 범위는 다음 각 호의 어느 하나에
해당하는 광고로서 별표 7에 해당하는 광고를 말한다.
1. 「표시ㆍ광고의 공정화에 관한 법률」 제2조제2호에 따른 광고
2. 의료기기취급자(의료기기취급자가 고용한 근로자 등을 포함한다)의 구매 권유, 제품 설명 및 시연 등의 방법을
통한 광고
[전문개정 2021. 6. 24.]",26,26,222,true,false,true,true,false,true,false,2026-07-01,active,https://www.law.go.kr/LSW/lsInfoP.do?lsiSeq=287877,/Users/munchaerin/Desktop/졸프 data/의료기기법 시행규칙(총리령)(제02127호)(20260701).pdf
kr-medical-device-act-rule-annex7-20260701__0001,kr-medical-device-act-rule-annex7-20260701,1,별표7.제1호,별표 7 제1호,ANNEX_ITEM,"1. 의료기기의 명칭ㆍ제조방법ㆍ성능이나 효능 및 효과 또는 그 원리에 관한 거짓
또는 과대광고",1,1,52,true,false,true,true,false,true,false,2026-07-01,active,"https://www.law.go.kr/법령별표서식/(의료기기법%20시행규칙,20260701,별표7)",/Users/munchaerin/Desktop/졸프 data/[별표 7] 금지되는 광고의 범위(제45조제1항 관련)(의료기기법 시행규칙).pdf
kr-medical-device-act-rule-annex7-20260701__0002,kr-medical-device-act-rule-annex7-20260701,2,별표7.제2호,별표 7 제2호,ANNEX_ITEM,"2. 법 제6조제2항 또는 제15조제2항에 따라 허가 또는 인증을 받지 않거나 신고를
하지 않은 의료기기의 명칭ㆍ제조방법ㆍ성능이나 효능 및 효과에 관한 광고",1,1,87,true,false,true,true,false,true,false,2026-07-01,active,"https://www.law.go.kr/법령별표서식/(의료기기법%20시행규칙,20260701,별표7)",/Users/munchaerin/Desktop/졸프 data/[별표 7] 금지되는 광고의 범위(제45조제1항 관련)(의료기기법 시행규칙).pdf
kr-medical-device-act-rule-annex7-20260701__0003,kr-medical-device-act-rule-annex7-20260701,3,별표7.제3호,별표 7 제3호,ANNEX_ITEM,"3. 의료기기의 부작용을 전부 부정하는 표현 또는 부당하게 안전성을 강조하는 표
현의 광고",1,1,50,true,false,true,true,false,true,false,2026-07-01,active,"https://www.law.go.kr/법령별표서식/(의료기기법%20시행규칙,20260701,별표7)",/Users/munchaerin/Desktop/졸프 data/[별표 7] 금지되는 광고의 범위(제45조제1항 관련)(의료기기법 시행규칙).pdf
kr-medical-device-act-rule-annex7-20260701__0004,kr-medical-device-act-rule-annex7-20260701,4,별표7.제4호,별표 7 제4호,ANNEX_ITEM,"4. 허가 또는 인증을 받거나 신고한 의료기기의 효능 및 효과 등과 관련하여 의학
적 임상결과, 임상시험성적서, 관련 논문 또는 학술 자료를 거짓으로 인용하거
나 특허 인증을 받은 것처럼 거짓으로 표시한 광고",1,1,116,true,false,true,true,false,true,false,2026-07-01,active,"https://www.law.go.kr/법령별표서식/(의료기기법%20시행규칙,20260701,별표7)",/Users/munchaerin/Desktop/졸프 data/[별표 7] 금지되는 광고의 범위(제45조제1항 관련)(의료기기법 시행규칙).pdf
kr-medical-device-act-rule-annex7-20260701__0005,kr-medical-device-act-rule-annex7-20260701,5,별표7.제5호,별표 7 제5호,ANNEX_ITEM,"5. 의사, 치과의사, 한의사, 수의사 또는 그 밖의 자가 의료기기의 성능이나 효능 및
효과를 보증한 것으로 오해할 염려가 있는 기사를 사용한 광고",1,1,82,true,false,true,true,false,true,false,2026-07-01,active,"https://www.law.go.kr/법령별표서식/(의료기기법%20시행규칙,20260701,별표7)",/Users/munchaerin/Desktop/졸프 data/[별표 7] 금지되는 광고의 범위(제45조제1항 관련)(의료기기법 시행규칙).pdf
kr-medical-device-act-rule-annex7-20260701__0006,kr-medical-device-act-rule-annex7-20260701,6,별표7.제6호,별표 7 제6호,ANNEX_ITEM,"6. 의사, 치과의사, 한의사, 약사, 한약사, 대학교수 또는 그 밖의 자가 의료기기
를 지정ㆍ공인ㆍ추천ㆍ지도 또는 사용하고 있다는 내용 등의 광고. 다만, 국가,
지방자치단체, 그 밖에 공공단체가 국민보건의 목적으로 지정하여 사용하고 있
는 내용의 광고의 경우에는 그렇지 않다.",1,1,156,true,false,true,true,false,true,false,2026-07-01,active,"https://www.law.go.kr/법령별표서식/(의료기기법%20시행규칙,20260701,별표7)",/Users/munchaerin/Desktop/졸프 data/[별표 7] 금지되는 광고의 범위(제45조제1항 관련)(의료기기법 시행규칙).pdf
kr-medical-device-act-rule-annex7-20260701__0007,kr-medical-device-act-rule-annex7-20260701,7,별표7.제7호,별표 7 제7호,ANNEX_ITEM,"7. 외국 제품을 국내 제품으로 또는 국내 제품을 외국 제품으로 오인하게 할 우려가
있는 광고",1,1,52,true,false,true,true,false,false,false,2026-07-01,active,"https://www.law.go.kr/법령별표서식/(의료기기법%20시행규칙,20260701,별표7)",/Users/munchaerin/Desktop/졸프 data/[별표 7] 금지되는 광고의 범위(제45조제1항 관련)(의료기기법 시행규칙).pdf
kr-medical-device-act-rule-annex7-20260701__0008,kr-medical-device-act-rule-annex7-20260701,8,별표7.제8호,별표 7 제8호,ANNEX_ITEM,"8. 사용자의 감사장 또는 체험담을 이용하거나 구입ㆍ주문이 쇄도한다거나 그 밖에
이와 유사한 표현을 사용한 광고",1,1,62,true,false,true,true,false,false,false,2026-07-01,active,"https://www.law.go.kr/법령별표서식/(의료기기법%20시행규칙,20260701,별표7)",/Users/munchaerin/Desktop/졸프 data/[별표 7] 금지되는 광고의 범위(제45조제1항 관련)(의료기기법 시행규칙).pdf
kr-medical-device-act-rule-annex7-20260701__0009,kr-medical-device-act-rule-annex7-20260701,9,별표7.제9호,별표 7 제9호,ANNEX_ITEM,"9. 효능ㆍ효과를 광고할 때에 ""이를 확실히 보증한다""라는 내용 등의 광고 또는 ""최
고"", ""최상"" 등의 절대적 표현을 사용한 광고",1,1,74,true,false,true,true,false,false,false,2026-07-01,active,"https://www.law.go.kr/법령별표서식/(의료기기법%20시행규칙,20260701,별표7)",/Users/munchaerin/Desktop/졸프 data/[별표 7] 금지되는 광고의 범위(제45조제1항 관련)(의료기기법 시행규칙).pdf
kr-medical-device-act-rule-annex7-20260701__0010,kr-medical-device-act-rule-annex7-20260701,10,별표7.제10호,별표 7 제10호,ANNEX_ITEM,10. 의료기기를 의료기기가 아닌 것으로 오인하게 할 우려가 있는 광고,1,1,39,true,false,true,true,false,true,false,2026-07-01,active,"https://www.law.go.kr/법령별표서식/(의료기기법%20시행규칙,20260701,별표7)",/Users/munchaerin/Desktop/졸프 data/[별표 7] 금지되는 광고의 범위(제45조제1항 관련)(의료기기법 시행규칙).pdf
kr-medical-device-act-rule-annex7-20260701__0011,kr-medical-device-act-rule-annex7-20260701,11,별표7.제11호,별표 7 제11호,ANNEX_ITEM,"11. 특정 의료기관의 명칭과 진료과목 및 연락처 등을 적시하여 의료기관 등이
추천하고 있는 것처럼 암시하는 광고",1,1,63,true,false,true,true,false,false,false,2026-07-01,active,"https://www.law.go.kr/법령별표서식/(의료기기법%20시행규칙,20260701,별표7)",/Users/munchaerin/Desktop/졸프 data/[별표 7] 금지되는 광고의 범위(제45조제1항 관련)(의료기기법 시행규칙).pdf
kr-medical-device-act-rule-annex7-20260701__0012,kr-medical-device-act-rule-annex7-20260701,12,별표7.제12호,별표 7 제12호,ANNEX_ITEM,"12. 의료기기의 성능이나 효능 및 효과를 암시하는 기사, 사진, 도안 또는 그 밖의
암시적 방법을 이용한 광고",1,1,62,true,false,true,true,false,true,false,2026-07-01,active,"https://www.law.go.kr/법령별표서식/(의료기기법%20시행규칙,20260701,별표7)",/Users/munchaerin/Desktop/졸프 data/[별표 7] 금지되는 광고의 범위(제45조제1항 관련)(의료기기법 시행규칙).pdf
kr-medical-device-act-rule-annex7-20260701__0013,kr-medical-device-act-rule-annex7-20260701,13,별표7.제13호,별표 7 제13호,ANNEX_ITEM,"13. 효능이나 성능을 광고할 때에 사용 전후의 비교 등으로 그 사용 결과를 표시 또
는 암시하는 광고",1,1,57,true,false,true,true,false,false,false,2026-07-01,active,"https://www.law.go.kr/법령별표서식/(의료기기법%20시행규칙,20260701,별표7)",/Users/munchaerin/Desktop/졸프 data/[별표 7] 금지되는 광고의 범위(제45조제1항 관련)(의료기기법 시행규칙).pdf
kr-medical-device-act-rule-annex7-20260701__0014,kr-medical-device-act-rule-annex7-20260701,14,별표7.제14호,별표 7 제14호,ANNEX_ITEM,14. 사실 유무와 관계없이 다른 제품을 비방하거나 비방하는 것으로 의심되는 광고,1,1,45,true,false,true,true,false,false,false,2026-07-01,active,"https://www.law.go.kr/법령별표서식/(의료기기법%20시행규칙,20260701,별표7)",/Users/munchaerin/Desktop/졸프 data/[별표 7] 금지되는 광고의 범위(제45조제1항 관련)(의료기기법 시행규칙).pdf
kr-medical-device-act-rule-annex7-20260701__0015,kr-medical-device-act-rule-annex7-20260701,15,별표7.제15호,별표 7 제15호,ANNEX_ITEM,15. 의료기기에 관하여 낙태를 암시하거나 외설적인 문서나 도안을 사용한 광고,1,1,43,true,false,true,true,false,true,false,2026-07-01,active,"https://www.law.go.kr/법령별표서식/(의료기기법%20시행규칙,20260701,별표7)",/Users/munchaerin/Desktop/졸프 data/[별표 7] 금지되는 광고의 범위(제45조제1항 관련)(의료기기법 시행규칙).pdf
kr-medical-device-act-rule-annex7-20260701__0016,kr-medical-device-act-rule-annex7-20260701,16,별표7.제16호,별표 7 제16호,ANNEX_ITEM,"16. 의료기기의 효능ㆍ효과 또는 사용 목적과 관련되는 병의 증상이나 수술 장면을
위협적으로 표시하는 광고",1,2,59,true,false,true,true,false,true,false,2026-07-01,active,"https://www.law.go.kr/법령별표서식/(의료기기법%20시행규칙,20260701,별표7)",/Users/munchaerin/Desktop/졸프 data/[별표 7] 금지되는 광고의 범위(제45조제1항 관련)(의료기기법 시행규칙).pdf
kr-medical-device-act-rule-annex7-20260701__0017,kr-medical-device-act-rule-annex7-20260701,17,별표7.제17호,별표 7 제17호,ANNEX_ITEM,17. 법 제25조제1항에 따라 심의를 받지 않거나 심의받은 내용과 다른 내용의 광고,2,2,47,true,false,true,true,false,false,false,2026-07-01,active,"https://www.law.go.kr/법령별표서식/(의료기기법%20시행규칙,20260701,별표7)",/Users/munchaerin/Desktop/졸프 data/[별표 7] 금지되는 광고의 범위(제45조제1항 관련)(의료기기법 시행규칙).pdf
kr-medical-device-act-rule-annex7-20260701__0018,kr-medical-device-act-rule-annex7-20260701,18,별표7.제18호,별표 7 제18호,ANNEX_ITEM,18. 법 제25조제1항에 따른 심의의 결과 재심의 요청을 받은 광고,2,2,38,true,false,true,true,false,false,false,2026-07-01,active,"https://www.law.go.kr/법령별표서식/(의료기기법%20시행규칙,20260701,별표7)",/Users/munchaerin/Desktop/졸프 data/[별표 7] 금지되는 광고의 범위(제45조제1항 관련)(의료기기법 시행규칙).pdf
kr-pharmaceutical-affairs-act-20260621__0001,kr-pharmaceutical-affairs-act-20260621,1,제2조,제2조(정의),ARTICLE,"제2조(정의) 이 법에서 사용하는 용어의 뜻은 다음과 같다. <개정 2007. 10. 17., 2008. 2. 29., 2009. 12. 29., 2010. 1. 18.,
2011. 6. 7., 2013. 3. 23., 2014. 3. 18., 2016. 12. 2., 2017. 10. 24., 2019. 8. 27.>
1. “약사(藥事)”란 의약품ㆍ의약외품의 제조ㆍ조제ㆍ감정(鑑定)ㆍ보관ㆍ수입ㆍ판매[수여(授與)를 포함한다. 이하 같
다]와 그 밖의 약학 기술에 관련된 사항을 말한다.
2. “약사(藥師)”란 한약에 관한 사항 외의 약사(藥事)에 관한 업무(한약제제에 관한 사항을 포함한다)를 담당하는 자
로서, “한약사”란 한약과 한약제제에 관한 약사(藥事) 업무를 담당하는 자로서 각각 보건복지부장관의 면허를 받
은 자를 말한다.
3. “약국”이란 약사나 한약사가 수여할 목적으로 의약품 조제 업무[약국제제(藥局製劑)를 포함한다]를 하는 장소(그
개설자가 의약품 판매업을 겸하는 경우에는 그 판매업에 필요한 장소를 포함한다)를 말한다. 다만, 의료기관의 조
제실은 예외로 한다.
4. “의약품”이란 다음 각 목의 어느 하나에 해당하는 물품을 말한다.
가. 대한민국약전(大韓民國藥典)에 실린 물품 중 의약외품이 아닌 것
나. 사람이나 동물의 질병을 진단ㆍ치료ㆍ경감ㆍ처치 또는 예방할 목적으로 사용하는 물품 중 기구ㆍ기계 또는
장치가 아닌 것
다. 사람이나 동물의 구조와 기능에 약리학적(藥理學的) 영향을 줄 목적으로 사용하는 물품 중 기구ㆍ기계 또는
장치가 아닌 것
5. “한약”이란 동물ㆍ식물 또는 광물에서 채취된 것으로 주로 원형대로 건조ㆍ절단 또는 정제된 생약(生藥)을 말한
다.
6. “한약제제(韓藥製劑)”란 한약을 한방원리에 따라 배합하여 제조한 의약품을 말한다.
7. “의약외품(醫藥外品)”이란 다음 각 목의 어느 하나에 해당하는 물품(제4호나목 또는 다목에 따른 목적으로 사용
되는 물품은 제외한다)으로서 식품의약품안전처장이 지정하는 것을 말한다.
가. 사람이나 동물의 질병을 치료ㆍ경감(輕減)ㆍ처치 또는 예방할 목적으로 사용되는 섬유ㆍ고무제품 또는 이와
유사한 것
나. 인체에 대한 작용이 약하거나 인체에 직접 작용하지 아니하며, 기구 또는 기계가 아닌 것과 이와 유사한 것
다. 감염병 예방을 위하여 살균ㆍ살충 및 이와 유사한 용도로 사용되는 제제

약사법
8. “신약”이란 화학구조나 본질 조성이 전혀 새로운 신물질의약품 또는 신물질을 유효성분으로 함유한 복합제제 의
약품으로서 식품의약품안전처장이 지정하는 의약품을 말한다.
9. “일반의약품”이란 다음 각 목의 어느 하나에 해당하는 것으로서 보건복지부장관과 협의하여 식품의약품안전처장
이 정하여 고시하는 기준에 해당하는 의약품을 말한다.
가. 오용ㆍ남용될 우려가 적고, 의사나 치과의사의 처방 없이 사용하더라도 안전성 및 유효성을 기대할 수 있는
의약품
나. 질병 치료를 위하여 의사나 치과의사의 전문지식이 없어도 사용할 수 있는 의약품
다. 의약품의 제형(劑型)과 약리작용상 인체에 미치는 부작용이 비교적 적은 의약품
10. “전문의약품”이란 일반의약품이 아닌 의약품을 말한다.
11. “조제”란 일정한 처방에 따라서 두 가지 이상의 의약품을 배합하거나 한 가지 의약품을 그대로 일정한 분량으로
나누어서 특정한 용법에 따라 특정인의 특정된 질병을 치료하거나 예방하는 등의 목적으로 사용하도록 약제를
만드는 것을 말한다.
12. “복약지도(服藥指導)”란 다음 각 목의 어느 하나에 해당하는 것을 말한다.
가. 의약품의 명칭, 용법ㆍ용량, 효능ㆍ효과, 저장 방법, 부작용, 상호 작용이나 성상(性狀) 등의 정보를 제공하는
것
나. 일반의약품을 판매할 때 진단적 판단을 하지 아니하고 구매자가 필요한 의약품을 선택할 수 있도록 도와주는
것
13. “안전용기ㆍ포장”이란 5세 미만 어린이가 열기 어렵게 설계ㆍ고안된 용기나 포장을 말한다.
14. “위탁제조판매업”이란 제조시설을 갖추지 아니하고 식품의약품안전처장으로부터 제조판매품목허가를 받은 의
약품을 의약품제조업자에게 위탁하여 제조판매하는 영업을 말한다.
15. “임상시험”이란 의약품 등의 안전성과 유효성을 증명하기 위하여 사람을 대상으로 해당 약물의 약동(藥動)ㆍ약
력(藥力)ㆍ약리ㆍ임상적 효과를 확인하고 이상반응을 조사하는 시험(생물학적 동등성시험을 포함한다)을 말한다.
다만, 「첨단재생의료 및 첨단바이오의약품 안전 및 지원에 관한 법률」 제2조제3호에 따른 첨단재생의료 임상연
구는 제외한다.
16. “비임상시험”이란 사람의 건강에 영향을 미치는 시험물질의 성질이나 안전성에 관한 각종 자료를 얻기 위하여
실험실과 같은 조건에서 동물ㆍ식물ㆍ미생물과 물리적ㆍ화학적 매체 또는 이들의 구성 성분으로 이루어진 것을
사용하여 실시하는 시험을 말한다.
17. “생물학적 동등성시험”이란 임상시험 중 생물학적 동등성을 입증하기 위한 생체시험으로서 동일 주성분을 함유
한 두 제제의 생체이용률이 통계학적으로 동등하다는 것을 보여주는 시험을 말한다.
18. “희귀의약품”이란 제4호에 따른 의약품 중 다음 각 목의 어느 하나에 해당하는 의약품으로서 식품의약품안전처
장의 지정을 받은 의약품을 말한다.
가. 「희귀질환관리법」 제2조제1호에 따른 희귀질환을 진단하거나 치료하기 위한 목적으로 사용되는 의약품
나. 적용 대상이 드문 의약품으로서 대체 가능한 의약품이 없거나 대체 가능한 의약품보다 현저히 안전성 또는 유
효성이 개선된 의약품
19. “국가필수의약품”이란 질병 관리, 방사능 방재 등 보건의료상 필수적이나 시장 기능만으로는 안정적 공급이 어
려운 의약품으로서 보건복지부장관과 식품의약품안전처장이 관계 중앙행정기관의 장과 협의하여 지정하는 의약
품을 말한다.",1,2,2788,true,false,true,true,false,true,true,2026-06-21,active,https://www.law.go.kr/법령/약사법,/Users/munchaerin/Desktop/졸프 data/약사법(법률)(제21109호)(20260621).pdf
kr-pharmaceutical-affairs-act-20260621__0002,kr-pharmaceutical-affairs-act-20260621,2,제20조,제20조(약국 개설등록),ARTICLE,"제20조(약국 개설등록) ①약사 또는 한약사가 아니면 약국을 개설할 수 없다.
②약국을 개설하려는 자는 보건복지부령으로 정하는 바에 따라 시장ㆍ군수ㆍ구청장(자치구의 구청장을 말한다. 이
하 같다)에게 개설등록을 하여야 한다. 등록된 사항을 변경할 때에도 또한 같다.<개정 2008. 2. 29., 2010. 1. 18.>
③제2항에 따른 등록을 하려는 자는 대통령령으로 정하는 시설 기준에 따라 필요한 시설을 갖추어야 한다.
④시ㆍ도지사는 대통령령으로 정하는 기준에 따라 시ㆍ도의 규칙으로 약국의 개설등록 기준을 정할 수 있다.
⑤다음 각 호의 어느 하나에 해당하는 경우에는 개설등록을 받지 아니한다.
1. 제76조에 따라 개설등록이 취소된 날부터 6개월이 지나지 아니한 자인 경우
2. 약국을 개설하려는 장소가 의료기관의 시설 안 또는 구내인 경우
3. 의료기관의 시설 또는 부지의 일부를 분할ㆍ변경 또는 개수(改修)하여 약국을 개설하는 경우
4. 의료기관과 약국 사이에 전용(專用) 복도ㆍ계단ㆍ승강기 또는 구름다리 등의 통로가 설치되어 있거나 이를 설치
하는 경우
⑥제2항에 따라 개설등록한 약국이 아니면 약국의 명칭이나 이와 비슷한 명칭을 사용하지 못한다.<신설 2014. 3.
18.>
[헌법불합치, 2000헌바84 2002. 9. 19. 약사법(2000. 1. 12. 법률 제6153호로 개정된 것) 제20조제1항은 헌법에 합치
하지 아니한다. 이 법률조항은 입법자가 개정할 때까지 계속 적용된다.]",8,8,732,true,false,true,false,false,false,false,2026-06-21,active,https://www.law.go.kr/법령/약사법,/Users/munchaerin/Desktop/졸프 data/약사법(법률)(제21109호)(20260621).pdf
kr-pharmaceutical-affairs-act-20260621__0003,kr-pharmaceutical-affairs-act-20260621,3,제23조,제23조(의약품 조제),ARTICLE,"제23조(의약품 조제) ①약사 및 한약사가 아니면 의약품을 조제할 수 없으며, 약사 및 한약사는 각각 면허 범위에서 의
약품을 조제하여야 한다. 다만, 약학을 전공하는 대학의 학생은 보건복지부령으로 정하는 범위에서 의약품을 조제할
수 있다. <개정 2008. 2. 29., 2010. 1. 18.>
②약사 또는 한약사가 의약품을 조제할 때에는 약국 또는 의료기관의 조제실(제92조제1항제2호후단에 따라 한국희
귀ㆍ필수의약품센터에 설치된 조제실을 포함한다)에서 하여야 한다. 다만, 시장ㆍ군수ㆍ구청장의 승인을 받은 경우
에는 예외로 한다.<개정 2016. 12. 2.>
③의사 또는 치과의사는 전문의약품과 일반의약품을 처방할 수 있고, 약사는 의사 또는 치과의사의 처방전에 따라
전문의약품과 일반의약품을 조제하여야 한다. 다만, 다음 각 호의 어느 하나에 해당하면 의사 또는 치과의사의 처방
전 없이 조제할 수 있다.<개정 2008. 2. 29., 2009. 12. 29., 2010. 1. 18., 2020. 8. 11.>
1. 의료기관이 없는 지역에서 조제하는 경우
2. 재해가 발생하여 사실상 의료기관이 없게 되어 재해 구호를 위하여 조제하는 경우
3. 감염병이 집단으로 발생하거나 발생할 우려가 있다고 보건복지부장관 또는 질병관리청장이 인정하여 경구용(經
口用) 감염병 예방접종약을 판매하는 경우
4. 사회봉사 활동을 위하여 조제하는 경우
④제1항에도 불구하고 의사 또는 치과의사는 다음 각 호의 어느 하나에 해당하는 경우에는 자신이 직접 조제할 수
있다.<개정 2007. 12. 21., 2008. 2. 29., 2009. 11. 2., 2009. 12. 29., 2010. 1. 18., 2011. 3. 30., 2012. 2. 1., 2015. 7.
24., 2016. 5. 29., 2018. 3. 27., 2021. 1. 5.>
1. 약국이 없는 지역에서 조제하는 경우
2. 재해가 발생하여 사실상 약국이 없게 되어 재해 구호를 위하여 조제하는 경우
3. 응급환자 및 조현병(調絃病) 또는 조울증 등으로 자신 또는 타인을 해칠 우려가 있는 정신질환자에 대하여 조제
하는 경우
4. 입원환자, 「감염병의 예방 및 관리에 관한 법률」 제2조제13호에 따른 감염병환자 중 콜레라ㆍ장티푸스ㆍ파라티
푸스ㆍ세균성이질ㆍ장출혈성대장균감염증ㆍA형간염환자 및 「사회복지사업법」에 따른 사회복지시설에 입소한
자에 대하여 조제하는 경우(사회복지시설에서 숙식을 하지 아니하는 자인 경우에는 해당 시설을 이용하는 동안

약사법
에 조제하는 경우만 해당한다)
5. 주사제를 주사하는 경우
6. 감염병 예방접종약ㆍ진단용 의약품 등 보건복지부령으로 정하는 의약품을 투여하는 경우
7. 「지역보건법」에 따른 보건소 및 보건지소의 의사ㆍ치과의사가 그 업무(보건소와 보건복지부장관이 지정하는 보
건지소의 지역 주민에 대한 외래 진료 업무는 제외한다)로서 환자에 대하여 조제하는 경우
8. 국가유공자 등 예우 및 지원에 관한 법령에 따른 상이등급 1급부터 3급까지에 해당하는 자, 「5ㆍ18민주유공자예
우 및 단체설립에 관한 법률」에 따른 5ㆍ18민주화운동부상자 중 장해등급 1급부터 4급까지에 해당하는 자, 고엽
제 후유의증 환자 지원 등에 관한 법령에 따른 고도장애인, 장애인복지 관련 법령에 따른 1급ㆍ2급 장애인 및 이
에 준하는 장애인, 파킨슨병 환자 또는 한센병 환자에 대하여 조제하는 경우
9. 장기이식을 받은 자에 대하여 이에 관련된 치료를 하거나 후천성 면역결핍증 환자에 대하여 해당 질병을 치료하
기 위하여 조제하는 경우
10. 병역의무를 수행 중인 군인ㆍ의무경찰과 「형의 집행 및 수용자의 처우에 관한 법률」 및 「군에서의 형의 집행
및 군수용자의 처우에 관한 법률」에 따른 교정시설, 「보호소년 등의 처우에 관한 법률」에 따른 보호소년 수용시
설 및 「출입국관리법」에 따른 외국인 보호시설에 수용 중인 자에 대하여 조제하는 경우
11. 「결핵예방법」에 따라 결핵치료제를 투여하는 경우(보건소ㆍ보건지소 및 대한결핵협회 부속의원만 해당한다)
12. 사회봉사 활동을 위하여 조제하는 경우
13. 국가안전보장에 관련된 정보 및 보안을 위하여 처방전을 공개할 수 없는 경우
14. 그 밖에 대통령령으로 정하는 경우
⑤제3항제1호에 따른 의료기관이 없는 지역 및 제4항제1호에 따른 약국이 없는 지역의 범위에 관하여는 보건복지
부장관이 정한다.<개정 2008. 2. 29., 2010. 1. 18.>
⑥한약사가 한약을 조제할 때에는 한의사의 처방전에 따라야 한다. 다만, 보건복지부장관이 정하는 한약 처방의 종
류 및 조제 방법에 따라 조제하는 경우에는 한의사의 처방전 없이도 조제할 수 있다.<개정 2008. 2. 29., 2010. 1.
18.>
⑦ 의료기관의 조제실에서 조제업무에 종사하는 약사는 「의료법」 제18조에 따라 처방전이 교부된 환자를 위하여
의약품을 조제하여서는 아니 된다.",10,11,2396,true,false,true,false,false,true,false,2026-06-21,active,https://www.law.go.kr/법령/약사법,/Users/munchaerin/Desktop/졸프 data/약사법(법률)(제21109호)(20260621).pdf
kr-pharmaceutical-affairs-act-20260621__0004,kr-pharmaceutical-affairs-act-20260621,4,제23조의2,제23조의2(의약품정보의 확인),ARTICLE,"제23조의2(의약품정보의 확인) ① 약사는 제23조제3항에 따라 의약품을 조제하는 경우에는 다음 각 호의 정보(이하
“의약품정보”라 한다)를 미리 확인하여야 한다.
1. 환자에게 처방 또는 투여되고 있는 의약품과 동일한 성분의 의약품인지 여부
2. 식품의약품안전처장이 병용금기, 특정연령대 금기 또는 임부금기 등으로 고시한 성분이 포함되는지 여부
3. 그 밖에 보건복지부령으로 정하는 정보
② 제1항에도 불구하고 약사는 의약품정보를 확인할 수 없는 정당한 사유가 있을 때에는 이를 확인하지 아니할 수
있다.
③ 제1항에 따른 의약품정보의 확인방법ㆍ절차, 제2항에 따른 의약품정보를 확인할 수 없는 정당한 사유 등은 보건
복지부령으로 정한다.
[본조신설 2015. 12. 29.]",11,11,379,true,false,true,false,false,false,true,2026-06-21,active,https://www.law.go.kr/법령/약사법,/Users/munchaerin/Desktop/졸프 data/약사법(법률)(제21109호)(20260621).pdf
kr-pharmaceutical-affairs-act-20260621__0005,kr-pharmaceutical-affairs-act-20260621,5,제24조,제24조(의무 및 준수 사항),ARTICLE,"제24조(의무 및 준수 사항) ①약국에서 조제에 종사하는 약사 또는 한약사는 조제 요구를 받으면 정당한 이유 없이 조
제를 거부할 수 없다.
②약국개설자(해당 약국 종사자를 포함한다. 이하 이 조에서 같다)와 의료기관 개설자(해당 의료기관의 종사자를 포
함한다. 이하 이 조에서 같다)는 다음 각 호의 어느 하나에 해당하는 담합 행위를 하여서는 아니 된다.<개정 2018.
12. 11.>
1. 약국개설자가 특정 의료기관의 처방전을 가진 자에게 약제비의 전부 또는 일부를 면제하여 주는 행위
2. 삭제<2024. 1. 23.>
3. 의료기관 개설자가 처방전을 가진 자에게 특정 약국에서 조제 받도록 지시하거나 유도하는 행위(환자의 요구에
따라 지역 내 약국들의 명칭ㆍ소재지 등을 종합하여 안내하는 행위는 제외한다)
4. 의사 또는 치과의사가 제25조제2항에 따라 의사회 분회 또는 치과의사회 분회가 약사회 분회에 제공한 처방의약
품 목록에 포함되어 있는 의약품과 같은 성분의 다른 품목을 반복하여 처방하는 행위(그 처방전에 따라 의약품을
조제한 약사의 행위도 또한 같다)
5. 제1호부터 제4호까지의 규정에 해당하는 행위와 유사하여 담합의 소지가 있는 행위로서 대통령령으로 정하는 행
위
③제23조제2항에 따른 의료기관의 조제실에 근무하는 약사 또는 한약사가 의약품을 조제할 때에는 식품의약품안
전처장과 협의하여 보건복지부령으로 정하는 사항을 지켜야 한다.<개정 2008. 2. 29., 2010. 1. 18., 2013. 3. 23.>
④약사는 의약품을 조제하면 환자 또는 환자보호자에게 필요한 복약지도(服藥指導)를 구두 또는 복약지도서(복약지
도에 관한 내용을 환자가 읽기 쉽고 이해하기 쉬운 용어로 설명한 서면 또는 전자문서를 말한다)로 하여야 한다. 이
경우 복약지도서의 양식 등 필요한 사항은 보건복지부령으로 정한다.<개정 2014. 3. 18.>
⑤보건복지부장관은 약사가 적정한 처방건수를 조제하게 하여 제4항에 따른 복약지도를 충실히 할 수 있도록 필요
한 조치를 강구할 수 있다.<개정 2008. 3. 3., 2010. 1. 18.>",12,12,1034,true,false,true,false,false,false,true,2026-06-21,active,https://www.law.go.kr/법령/약사법,/Users/munchaerin/Desktop/졸프 data/약사법(법률)(제21109호)(20260621).pdf
kr-mohw-nonmedical-healthcare-guide-20190521__0001,kr-mohw-nonmedical-healthcare-guide-20190521,1,I.개.요,Ⅰ.개 요,GUIDE_SECTION,"PART 1. 비의료 건강관리서비스 가이드라인 및 사례집
Ⅰ
개 요
1 목 적
○ 의료법상 ‘의료행위’의 개념이 불명확해 민간의 건강관리서비스 개발･제공에
어려움을 겪고 있는 상황에 도움을 줄 수 있도록
- 의료법상 의료행위와 그 외의 비의료기관에서 제공 가능한 행위에 대한
구분기준을 명확히 하기 위해 ｢비의료 건강관리서비스 가이드라인 및 사례집｣
(이하 ‘사례집’)을 마련
* 비의료기관이란 의료법 제3조의 의료기관에 해당하지 않고, 체육시설업, 소프트웨어
개발업 등 건강관리서비스를 제공하는 것을 업으로 하는 자를 말함
○ ‘건강관리서비스’를 제공하려는 자는 본래 영업허가를 받은 목적에 따라 영업을
할 때 그 서비스 내용이 ‘의료행위’에 저촉되는지를 판단하기 위해 이 사례집을
참고할 수 있으며,
- 이 사례집이 본래의 영업범위 등을 확장하는 것은 아님을 유의 하여야 함
* (예) 체육시설업을 제공하는 자는 체육시설업을 영위하기 위한 행위 중 의료행위와 구분이
모호한 영역을 판단함에 있어서만 이 사례집을 활용해야 하며, 건강관리 서비스
제공을 이유로 식품판매 등 별도의 영업행위를 할 수 있는 것이 아님
○ 이 사례집은 법령의 제·개정, 판례의 변경, 유권해석의 변경 등에 따라 변경될
수 있음
www.mohw.go.kr • 3 •",7,7,639,true,true,false,false,false,true,true,,active,https://www.mohw.go.kr/,/Users/munchaerin/Desktop/졸프 data/(인쇄본)_비의료_건강관리서비스_가이드라인_및_사례집(1차)_.pdf
kr-mohw-nonmedical-healthcare-guide-20190521__0002,kr-mohw-nonmedical-healthcare-guide-20190521,2,p8,2 비의료 건강관리서비스 개념,GUIDE_SECTION,"비의료 건강관리서비스 가이드라인 및 사례집(1차)
2 비의료 건강관리서비스 개념
○ (정의) 건강의 유지･증진과 질병의 사전예방･악화 방지를 목적으로, 위해한
생활습관을 개선하고 올바른 건강관리를 유도하기 위해
- 제공자의 판단이 개입(의료적 판단 제외)된 상담･교육･훈련･실천 프로그램
작성 및 유관 서비스를 제공하는 행위
○ (제공방식) 이용자와 제공자간 대면 서비스, App 등을 활용한 비대면 서비스,
App의 자동화된 알고리즘에 기반한 서비스 모두 가능
대면 서비스 비대면 서비스 자동화 서비스
◦ 이용자를 대면하여 ◦ App 등 온라인 기반 ◦ App의 자동화된 추천
상담･교육 등을 제공 서비스를 통해 이용자와 기능을 활용, 이용자의
제공자 연결 자가관리 중심 서비스
• 4 • 보건복지부",8,8,392,true,true,false,false,false,true,false,,active,https://www.mohw.go.kr/,/Users/munchaerin/Desktop/졸프 data/(인쇄본)_비의료_건강관리서비스_가이드라인_및_사례집(1차)_.pdf
kr-mohw-nonmedical-healthcare-guide-20190521__0003,kr-mohw-nonmedical-healthcare-guide-20190521,3,II.비의료.건강관리서비스.판단.기준,Ⅱ.비의료 건강관리서비스 판단 기준,GUIDE_SECTION,"PART 1. 비의료 건강관리서비스 가이드라인 및 사례집
Ⅱ
비의료 건강관리서비스 판단 기준
1 비의료기관이 제공 가능한 건강관리서비스
1-1. 건강정보의 확인 및 점검
○ 개인의 객관적 건강정보의 확인 및 점검 등은 의료행위에 해당하지 않으므로
비의료기관에서 제공 가능
행위 구분 행위 예시 제공자 제공기관
◦ 건강검진결과 단순 확인 및 개인동의에 기반한 자료수집 제한 제한
(검진결과 수치 해석 등은 불가) 없음 없음
◦ 웰니스 기기를 활용한 건강정보･지표의 측정 및 모니터링 제한 제한
(체성분, 심박수, 걸음수, 수면패턴, 호흡량 등) 없음 없음
건강정보의
확인･점검
보건인력 제한
◦ 섭취식품의 기록 및 영양소 분석･안내
권장 없음
◦ 개인용 의료기기를 활용한 건강정보･지표･수치의 측정 본인 제한
(심전도･혈압･혈당 등) (자가측정) 없음
www.mohw.go.kr • 5 •",9,9,440,true,true,false,false,true,true,true,,active,https://www.mohw.go.kr/,/Users/munchaerin/Desktop/졸프 data/(인쇄본)_비의료_건강관리서비스_가이드라인_및_사례집(1차)_.pdf
kr-mohw-nonmedical-healthcare-guide-20190521__0004,kr-mohw-nonmedical-healthcare-guide-20190521,4,p10,비의료 건강관리서비스 가이드라인 p.10,GUIDE_SECTION,"비의료 건강관리서비스 가이드라인 및 사례집(1차)
1-2. 비의료적 상담･조언
○ (유형) ① 객관적 정보의 제공 및 분석, ② 건강목표 설정 및 관리,
③ 상담･교육 및 조언으로 구분
① 객관적 정보의 제공 및 분석
- 질환 등 의료관련정보에 해당하더라도 공신력 있는 기관의 공인된 기준･지침･
통계 등에 해당하는 정보(이하 ‘객관적 정보’)를 단순 안내하는 경우 이는
비의료적 상담･조언에 해당함
- 이용자의 건강정보 및 특성 등이 객관적 정보에 해당하는지 여부를 확인하거나
(예: 혈압 및 혈당의 정상범위 판단)
- 공신력 있는 기관의 기준･지침･통계 등 객관적 정보에 따라 ‘건강나이’ 등을
산출하여 주는 행위도 포함함
② 건강목표 설정 및 관리
- 의학적 전문지식･판단이 필요하지 않은 일반적인 건강증진활동 및 질환의
예방･관리활동에 대한 목표설정 및 관리 등을 제공하는 것은 비의료적
상담･조언에 해당함
- 이는 걷기, 건강한 음식먹기, 주1회 이상 운동하기 등의 일상적 건강관리 활동
뿐만 아니라 의사의 기존 처방에 따른 활동을 환자가 잘 이행하는지에 대해
확인하고 동기를 부여하는 것도 포함함
③ 상담･교육 및 조언
- 운동･영양･수면 등 일상적 건강증진활동을 돕기 위한 교습 및 이행 프로그램
등을 제공하는 것은 비의료적 상담･조언에 해당함
- 다만, 상담･교육･조언이 의료인의 진단･처방 등 의료적 내용을 포함하지
않아야 하며, 일부 질환군은 이에 따른 제한이 있을 수 있음
• 6 • 보건복지부",10,10,735,true,true,false,false,false,true,false,,active,https://www.mohw.go.kr/,/Users/munchaerin/Desktop/졸프 data/(인쇄본)_비의료_건강관리서비스_가이드라인_및_사례집(1차)_.pdf
kr-mohw-nonmedical-healthcare-guide-20190521__0005,kr-mohw-nonmedical-healthcare-guide-20190521,5,p11,비의료 건강관리서비스 가이드라인 p.11,GUIDE_SECTION,"PART 1. 비의료 건강관리서비스 가이드라인 및 사례집
○ 만성질환자 대상 서비스 유의사항
- 만성질환자에 대한 비의료적 상담･조언은 만성질환을 관리하는 목적으로
행해져야 함
- 특정 질환의 치료를 직접적 목적으로 하는 상담･조언은 ‘의료행위’성이
높으므로 의료기관에서 제공하여야 함
- 다만, 특정 질환의 치료를 위해 행하더라도, 비의료기관이 의료인의 판단·
지도·감독·의뢰 하에서 행하는 경우 예외적 허용됨
* (예외적 허용 사례)
① 의료적 판단이 전제된 공신력 있는 기준 등이 존재하는 경우
② 질환보유자의 특성을 고려하여 의료인이 특정 방법의 운동･영양 등의 프로그램을
의뢰한 경우 (서면･전자적 방식 등 무관)
③ 의사와 환자간 진료내용에 따른 처방(약 복용 등)이 존재하는 경우 해당 처방을
관리･점검하는 행위
www.mohw.go.kr • 7 •",11,11,426,true,true,false,false,false,true,false,,active,https://www.mohw.go.kr/,/Users/munchaerin/Desktop/졸프 data/(인쇄본)_비의료_건강관리서비스_가이드라인_및_사례집(1차)_.pdf
kr-mohw-nonmedical-healthcare-guide-20190521__0006,kr-mohw-nonmedical-healthcare-guide-20190521,6,p12,2 비의료기관이 제공 불가능한 서비스,GUIDE_SECTION,"비의료 건강관리서비스 가이드라인 및 사례집(1차)
2 비의료기관이 제공 불가능한 서비스
○ ① ｢의료법｣상 ‘의료행위’, ② ｢의료법｣ 및 ｢의료기사 등에 관한 법률｣에서
면허·자격을 갖추어야만 할 수 있는 행위는 비의료기관에서 제공 불가
의사 ◦ 의료와 보건지도
치과의사 ◦ 치과 의료와 구강 보건지도
한의사 ◦ 한방 의료와 한방 보건지도
조산사 ◦ 조산과 임부ㆍ해산부ㆍ산욕부 및 신생아에 대한 보건과 양호지도
의료법
◦ 환자의 간호요구에 대한 관찰, 자료수집, 간호판단 및 요양을 위한 간호
간호사 ◦ 의사, 치과의사, 한의사의 지도하에 시행하는 진료의 보조
◦ 간호 요구자에 대한 교육ㆍ상담 및 건강증진을 위한 활동의 기획과 수행
간호조무사 ◦ 간호사의 업무에 대한 보조
◦ 각종 화학적 또는 생리학적 검사
- 기계ㆍ기구ㆍ시약 등의 보관ㆍ관리ㆍ사용에 관한 업무
임상병리사 - 가검물(可檢物) 등의 채취ㆍ검사에 관한 업무
- 혈액의 채혈ㆍ제제(製劑) 또는 검사용 시약의 조제(調劑) 등 그 밖의
임상병리검사에 관한 업무
방사선사 ◦ 방사선 등의 취급 또는 검사 및 방사선 등 관련 기기의 취급 또는 관리
◦ 신체의 교정 및 재활을 위한 물리요법적 치료
의료기사법 물리치료사 - 신체의 교정 및 재활을 위한 물리요법적 치료와 관련된
및 기기ㆍ약품의 사용ㆍ관리 등에 관한 업무
그 시행령 ◦ 신체적ㆍ정신적 기능장애를 회복시키기 위한 작업요법적 치료
작업치료사 - 신체적ㆍ정신적 기능장애를 회복시키기 위한 작업요법적 치료와
관련된 작업수행 분석ㆍ평가 등에 관한 업무
◦ 보철물의 제작, 수리 또는 가공
치과기공사
※ 치과기공소에서의 제작･수리･가공 가능
◦ 치아 및 구강질환의 예방과 위생 관리 등
치과위생사 - 치아 및 구강질환의 예방 및 위생 관리 등을 위한 보건기관 또는
의료기관에서 구내(口內) 진단용 방사선 촬영에 관한 업무
• 8 • 보건복지부",12,12,925,true,true,false,false,true,true,false,,active,https://www.mohw.go.kr/,/Users/munchaerin/Desktop/졸프 data/(인쇄본)_비의료_건강관리서비스_가이드라인_및_사례집(1차)_.pdf
kr-mohw-nonmedical-healthcare-guide-20190521__0007,kr-mohw-nonmedical-healthcare-guide-20190521,7,p13,3 의료행위 판단 기준,GUIDE_SECTION,"PART 1. 비의료 건강관리서비스 가이드라인 및 사례집
3 의료행위 판단 기준
3-1. 의료행위 정의
○ 의료법 등에서 정하는 의료행위는 의학적 전문지식과 기술에 기초하여 행하는
검사･진단･처방･처치･시술･수술･지도 등의 행위를 의미함
○ 구체적으로는, 질환의 진단 및 직접적인 치료를 위해 행하는 활동으로써,
- 의료인이 행하지 아니하면 보건위생상 위해가 발생할 우려가 있는 행위를
의미함(대법원 2000. 2. 25. 선고 99도4542 판결)
3-2. 의료행위 유형
행위 구분 주요 내용
◦ 의료기기･화학물질･설문 등을 활용하여 대상자의 건강상태를 점검･확인 하는
검사･진단 행위
◦ 대상자의 상태를 듣고 관찰하여 병상 및 병명을 규명･판단하는 행위
◦ 질환의 치료･완화･예방 및 신체 기능 개선을 위하여 전문의약품 복용을 제시하는
행위
처방･처치
◦ 질환의 치료･완화･예방 및 신체 기능 개선을 위하여 화학적･물리적인 방법을
동원하여 환자에게 일정한 조치를 하는 행위
◦ 질환의 치료･완화･예방 및 신체 기능 개선을 위하여 의료기기 등을 이용하여
시술･수술
환자의 신체에 일정한 조작을 가하는 행위
◦ 질환의 진단 후 질환의 관리를 위하여 의학적 지식에 기반하여 환자가 행해야
할 사항 등을 안내하여주는 행위
(의료적)
◦ 질환 예방을 위한 안내 행위 중 의학적 지식에 따른 판단을 필요로 하는 행위
상담･조언
◦ 의학적 지식에 따른 판단을 기반으로 처치･시술･수술 후 부작용 발생가능성 및
관리 유의사항 등을 안내하여 주는 행위
www.mohw.go.kr • 9 •",13,13,770,true,true,false,false,false,true,false,,active,https://www.mohw.go.kr/,/Users/munchaerin/Desktop/졸프 data/(인쇄본)_비의료_건강관리서비스_가이드라인_및_사례집(1차)_.pdf
kr-mohw-nonmedical-healthcare-guide-20190521__0008,kr-mohw-nonmedical-healthcare-guide-20190521,8,p14,비의료 건강관리서비스 가이드라인 p.14,GUIDE_SECTION,"비의료 건강관리서비스 가이드라인 및 사례집(1차)
3-3. 의료행위 판단 기준
○ 의료행위 해당 여부는 ① 의학적 전문지식이 필요한 행위(행위의 근거),
② 대상자의 상태에 따른 진단･처방･처치가 수반되는 행위(행위의 양태),
③ 보건위생상 위해가 발생할 우려가 있는 행위(행위의 효과 및 부작용) 인지
여부에 따라 판단하며, 3가지 조건 중 1개라도 충족될 경우 의료행위에 해당함
대법원 판례(대법원 2018. 6. 19. 선고 2017도19422 판결)
‘의료행위’란 의학적 전문지식을 기초로 하는 경험과 기능으로 진찰, 검안, 처방, 투약 또는 외과적
시술을 시행하여 하는 질병의 예방 또는 치료행위 및 그 밖에 의료인이 행하지 아니하면
보건위생상 위해가 생길 우려가 있는 행위를 의미한다. ‘의료인이 행하지 아니하면 보건위생상
위해가 생길 우려’는 추상적 위험으로도 충분하므로, 구체적으로 환자에게 위험이 발생하지
아니하였다고 해서 보건위생상의 위해가 없다고 할 수는 없다.
① 의학적 전문지식
- 의료인 등이 아닌 경우 취득하거나 판단하기 어려운 정보 및 지식에 근거하여
행하는 행위인지 여부
- 단순히 ‘질환･의료정보’에 해당하는지 여부가 아니라, 해당 정보의 해석 및
판단에 의학적 전문지식이 필요한지를 고려
- 공신력 있는 기관에서 제시하고 있는 지침･기준 등을 단순히 안내하는 행위는
의학적 전문지식에 근거한 행위로 볼 수 없으나, 출처 등을 명확히 명시하여야 함
② 대상자의 상태에 따른 진단･처방･처치
- 대상자의 건강상태 등을 확인하여 특정한 병명･병상 등을 확인하여 주려는
의도가 있는지 여부
※ 이때의 확인이라 함은 ‘확정적인 가능성’을 의미하며, ‘잠정적인 가능성’을 언급하며
의료기관 내원을 통해 명확한 진료를 받아볼 것을 권유하는 행위는 해당하지 아니함
• 10 • 보건복지부",14,14,899,true,true,false,true,false,true,false,,active,https://www.mohw.go.kr/,/Users/munchaerin/Desktop/졸프 data/(인쇄본)_비의료_건강관리서비스_가이드라인_및_사례집(1차)_.pdf
kr-mohw-nonmedical-healthcare-guide-20190521__0009,kr-mohw-nonmedical-healthcare-guide-20190521,9,p15,비의료 건강관리서비스 가이드라인 p.15,GUIDE_SECTION,"PART 1. 비의료 건강관리서비스 가이드라인 및 사례집
- 진단･처방･처치란 질환･장애･상해 등을 치유하거나 그 정도를 경감시키기
위하여 직접적으로 계획된 체계적인 과정과 활동을 의미함
- 따라서, 일상적인 건강관리활동을 통해 건강을 증진하고자 하는 행위는
간접적인 행위로써 의료행위에 해당하지 않음
③ 보건위생상 위해 발생 우려
- 의료인이 행하지 아니하면 환자의 건강상태에 악영향을 미칠 가능성에
기반하여 판단하여야 하며, 생체적합성 문제를 야기하거나 침습적인 행위
등이 대표적인 사례임
- 질환 보유자에게 질환의 직접적 치료를 목적으로 일상적인 건강관리활동의
범위를 벗어난 재활치료 등의 서비스를 제공하는 경우 의료인이 행하지
아니하면 위해도가 높은 행위로 볼 수 있음
※ 제공자가 환자의 질환을 인지하고 해당 질환의 치료에 영향을 주기 위한 목적으로 서비스를
제공하는 것을 의미함
- 다만, 의료기관(의료인)의 처방･판단･의뢰 등이 존재하는 상황에서 해당 범위
내의 상담･교육 등의 서비스를 제공하는 것은 보건위생상 위해 발생 우려가
높은 행위로 보기 어려움
www.mohw.go.kr • 11 •",15,15,563,true,true,false,false,true,true,false,,active,https://www.mohw.go.kr/,/Users/munchaerin/Desktop/졸프 data/(인쇄본)_비의료_건강관리서비스_가이드라인_및_사례집(1차)_.pdf
kr-mohw-nonmedical-healthcare-guide-20190521__0010,kr-mohw-nonmedical-healthcare-guide-20190521,10,p16,비의료 건강관리서비스 가이드라인 p.16,GUIDE_SECTION,"비의료 건강관리서비스 가이드라인 및 사례집(1차)
3-4. 비의료기관의 의료행위 금지규정 위반 대표사례
◎ 검사･진단･처방･처치･시술･수술 등의 대표적 의료행위와 더불어, 다음의 사항은
‘의료적 상담･조언’에 해당하므로 비의료기관의 수행 시 의료법상 의료행위의 위반
소지가 있음
(1) 특정 증상에 대해 질환의 발생유무･위험을 직접적으로 확인하여 주는 행위
○ 공신력있는 통계･논문･연구 등에 대한 근거자료에 기반하지 않고 비의료기관이
직접 개인의 건강진단(검진) 결과 및 혈압･혈당･몸무게 등 건강지표에 근거하여
특정 질병의 발생위험 등을 예측하여 제공하는 행위
○ 이용자가 건강상태를 입력하거나 유선으로 상담한 내용을 바탕으로 특정 질환의
의심 소견 등 진단과 유사한 상담･조언 등을 제공하는 행위
(2) 질병의 치료를 직접적 목적으로 하는 상담 및 조언행위
○ 의사의 처방･진단･의뢰가 없는 상황에서, 음식 및 영양분의 섭취 등이 질환의
치료 및 완화에 영향을 미치는 질환의 보유자를 대상으로, 해당 질환을
관리하기 위해 의학적 지식에 기반하여 지침 및 식단 등을 제공하는 행위
○ 의사의 처방･진단･의뢰가 없는 상황에서, 운동 프로그램의 주기･방법 등이
질환의 치료 및 완화에 영향을 미치는 질환의 보유자를 대상으로 해당 질환을
관리하기 위해 재활 등 운동방법･프로그램 등을 제공하는 행위로써, 경우에
따라 부작용이 발생할 수 있는 행위
○ 의사의 처방･진단･의뢰가 없는 상황에서, 단순히 일반인의 정상범위 내에서
관리하라는 가이드를 주는 것을 벗어나서, 환자 개인의 특성과 질환 관련 수치
등을 고려하여 맞춤형 관리수준 등을 설정하여 주는 행위
• 12 • 보건복지부",16,16,826,true,true,false,false,false,true,false,,active,https://www.mohw.go.kr/,/Users/munchaerin/Desktop/졸프 data/(인쇄본)_비의료_건강관리서비스_가이드라인_및_사례집(1차)_.pdf
kr-mohw-nonmedical-healthcare-guide-20190521__0011,kr-mohw-nonmedical-healthcare-guide-20190521,11,p17,비의료 건강관리서비스 가이드라인 p.17,GUIDE_SECTION,"PART 1. 비의료 건강관리서비스 가이드라인 및 사례집
(3) 질병 확인을 위한 문진･검사･처치 등을 행하고 의료기관에 의뢰하는 행위
○ 비의료기관이 간호사 등을 고용하여 이용자에게 문진, 소변검사, 신체계측 등을
시행한 후, 이를 의료기관에 송부하여 이용자의 건강상태 및 질병관련 소견
등을 제공받는 행위
www.mohw.go.kr • 13 •",17,17,194,true,true,false,false,false,true,false,,active,https://www.mohw.go.kr/,/Users/munchaerin/Desktop/졸프 data/(인쇄본)_비의료_건강관리서비스_가이드라인_및_사례집(1차)_.pdf
kr-mohw-nonmedical-healthcare-guide-20190521__0012,kr-mohw-nonmedical-healthcare-guide-20190521,12,p18,4 비의료기관의 건강관리서비스 제공 시 유의할 사항,GUIDE_SECTION,"비의료 건강관리서비스 가이드라인 및 사례집(1차)
4 비의료기관의 건강관리서비스 제공 시 유의할 사항
4-1. 서비스 제공 前
○ 비의료기관은 질환의 치료 목적의 서비스가 아닌 보조적 건강관리 서비스를
제공할 수 있음을 이용자에게 사전 안내
* 서비스 계약약관에 명시하고, 서비스 제공시 구두로 설명･안내 등
○ 또한, 질환보유자의 경우 제공받는 서비스가 건강상태 및 보건위생상 위해가
생길 우려가 있는지에 대해 의료기관의 상담을 권고함을 반드시 안내
* (유의사항 예시) 건강활동 목표는 ‘건강한 사람’을 기준으로 설정되어 있으므로 질환을
보유하신 경우 의사와 상담 후 서비스를 이용하도록 권장드립니다.
○ 이 사례집은 ‘의료법’ 상의 의료행위의 판단기준 만을 예시하고 있으므로, 이 외의
규정 및 타 법률상 제한 행위 등은 별도의 검토 필요
주요 예시
◦ 생명윤리 및 안전에 관한 법률상 유전자분석(DTC) 서비스의 허용 범위 (해외 의뢰 포함)
◦ 특정 병원에 대한 예약･방문 권유 서비스 (의료법상 유인･알선)
◦ 보험업계의 경우 금융위가 발표한 ｢건강증진형 보험상품 가이드라인(‘17.11월)｣에 위배되는
행위
4-2. 서비스 제공시
○ 개인으로부터 제공받는 정보의 범위･절차 등은 ‘개인정보보호법’ 및 타 법령을
준수해야 함
• 14 • 보건복지부",18,18,648,true,true,false,false,true,true,false,,active,https://www.mohw.go.kr/,/Users/munchaerin/Desktop/졸프 data/(인쇄본)_비의료_건강관리서비스_가이드라인_및_사례집(1차)_.pdf
kr-mohw-nonmedical-healthcare-guide-20190521__0013,kr-mohw-nonmedical-healthcare-guide-20190521,13,p19,비의료 건강관리서비스 가이드라인 p.19,GUIDE_SECTION,"PART 1. 비의료 건강관리서비스 가이드라인 및 사례집
○ 서비스 제공시 과도한 관리로 인해 건강에 위해한 상황이 발생하지 않도록
서비스 모델을 설계할 필요
* (예) 걸음수에 따른 포인트를 지급하는 서비스 등은, 개인이 과도하게 운동하여 건강에
위해한 상황이 발생하지 않도록 일일 포인트 지급상한 제한, BMI(Body Mass Index;
체질량지수) 정상수치 이하로 체중을 감량한 경우 인센티브 지급 제한 등
- 지급가능한 인센티브의 종류, 한도 등은 관계 법령이 정하는 바를
준수해야 함
4-3. 서비스 제공인력
○ 비의료기관의 건강관리서비스 제공시 관련법 등에서 제공인력을 제한하고 있는
경우 동 법의 규정을 따라야 하며,
- 제한이 없는 경우라도 질환과 관련된 정보안내 및 상담･교육 등의 경우에는
보건관련 인력이 제공하는 것을 권장함
<참고> 보건 및 건강, 의료관련 전문자격･면허 현황
근거법률 제공인력의 면허･자격
국민건강증진법 ◦ (제12조의2) 보건교육사
국민영양관리법 ◦ (제15조) 영양사 (제23조) 임상영양사
◦ (제2조 제6호) 체육지도자
국민체육진흥법 - 스포츠지도사, 건강운동관리사, 장애인스포츠지도사,
유소년스포츠지도사, 노인스포츠지도사
약사법 ◦ (제3조) 약사, (제4조) 한약사
의료기사 등에 관한 법률 ◦ (제2조) 임상병리사, 방사선사, 물리치료사, 작업치료사, 치과위생사
◦ (제5조) 의사･치과의사 및 한의사
의료법 ◦ (제7조) 간호사
◦ (제80조) 간호조무사
※ 비의료기관에서 의료인 및 의료기사 등을 채용하더라도, 의료법 및 의료기사법의 업무범위에
해당하는 행위를 수행할 수 없음에 유의
www.mohw.go.kr • 15 •",19,19,829,true,true,false,false,false,true,false,,active,https://www.mohw.go.kr/,/Users/munchaerin/Desktop/졸프 data/(인쇄본)_비의료_건강관리서비스_가이드라인_및_사례집(1차)_.pdf
kr-mohw-nonmedical-healthcare-guide-20190521__0014,kr-mohw-nonmedical-healthcare-guide-20190521,14,p20,비의료 건강관리서비스 가이드라인 p.20,GUIDE_SECTION,"비의료 건강관리서비스 가이드라인 및 사례집(1차)
<참고> 행위별 상세 예시 및 제공자/제공기관 구분
행위 구분 행위 예시 제공자 제공기관
◦ 건강검진결과 단순 확인 및 개인동의에 기반한 자료수집 제한 제한
(검진결과 수치 해석 등은 불가) 없음 없음
제한 제한
◦ 걸음수, 심박수 등의 기록 및 모니터링
없음 없음
건강정보의 보건관련 제한
◦ 섭취식품의 기록 및 영양소 분석･안내
확인･점검 인력권장 없음
◦ 웰니스 기기를 활용한 건강정보･지표의 측정 제한 제한
(체성분, 수면패턴 등) 없음 없음
◦ 개인용 의료기기를 활용한 건강정보･지표･수치의 측정 제한
본인
(심전도･혈압･혈당 등) 없음
정보제공 및 객관적 분석
◦ (개인의 자가측정에 따른) 혈압･혈당 등이 공신력있는 기준의 보건관련 제한
정상 범위 또는 위험 범위에 해당하는지 확인 인력권장 없음
◦ 건강지표･상태에 따른 동 연령･성별군 중 질환 발생비율 등
객관적인 통계 결과의 제시 제한 제한
(※ 통계결과는 과학적･의학적으로 검증되거나 공신력 있는 없음 없음
기관의 발표자료 등 활용)
◦ 개인의 건강정보를 분석하고, 통계적 결과값에 따른 건강나이
상담 및 등을 산출하여주는 행위 제한 제한
조언 (※ 통계결과는 과학적･의학적으로 검증되거나 공신력 있는 없음 없음
기관의 발표자료 등 활용)
◦ 최근에 유행중인 질환 및 예방접종 관련 정보 등을 안내하여주는 보건관련 제한
행위 인력권장 없음
목표설정 및 관리
제한 제한
◦ 검진주기･병원 내원일 알람 및 안내
없음 없음
◦ (의사의 처방에 따라) 복용중인 약을 제 시간에 복용하고 제한 제한
있는지를 확인하고 알림 없음 없음
• 16 • 보건복지부",20,20,820,true,true,false,false,true,true,true,,active,https://www.mohw.go.kr/,/Users/munchaerin/Desktop/졸프 data/(인쇄본)_비의료_건강관리서비스_가이드라인_및_사례집(1차)_.pdf
kr-mohw-nonmedical-healthcare-guide-20190521__0015,kr-mohw-nonmedical-healthcare-guide-20190521,15,p21,비의료 건강관리서비스 가이드라인 p.21,GUIDE_SECTION,"PART 1. 비의료 건강관리서비스 가이드라인 및 사례집
행위 구분 행위 예시 제공자 제공기관
◦ 건강관리 목표설정(걷기, 하루 섭취칼로리, 검진정기적으로 제한 제한
받기) 및 달성에 따른 인센티브 지급 없음 없음
상담 및 조언
◦ 질환예방을 위한 일반적인 건강관리 주의사항(손씻기, 저염식단 보건관련 제한
먹기 등) 안내 인력권장 없음
보건관련 제한
◦ 금연･절주 등 생활습관 개선을 위한 상담 및 조언
인력권장 없음
◦ 개인의 건강목적 따른 식단구성 및 제공
보건관련 제한
(※ 당뇨병 등 식단이 질환에 영향을 줄 수 있는 경우 의료기관의
인력권장 없음
처방을 확인하는 것을 전제로 조건부 허용)
보건관련 제한
◦ 운동방법 교습 및 운동프로그램 제공
인력권장 없음
◦ 수면･스트레스 관리 등을 위한 상담 및 생활습관 개선 조언
(검사･시술･수술 등 제외) 보건관련 제한
(※ 과학적･의학적으로 검증되거나 공신력 있는 기관의 인력권장 없음
발표자료 등 활용)
◦ 개인의 특정 증상에 대한 질환발생 가능성 상담 및 조언 의료
의료인 등
◦ 처방･처치･시술･수술 후의 부작용 및 관리 주의사항 등 안내 기관
◦ 채혈 등 인체유래물의 채취
의료
검사･진단 ◦ 문진 및 소변･혈액 성분검사 등 건강상태 검사 의료인 등
기관
◦ 건강상태･지표･수치에 기반한 질환명 진단 및 발생위험성 등 확인
의료
처방 ◦ 질환치료를 위한 전문의약품(약사법 제2조 제10호)의 처방 의료인 등
기관
◦ 질환의 치료를 위하여 물리적인 방법을 동원하여 환자에게 의료
처치 의료인 등
일정한 조치를 하는 행위 기관
◦ 질환의 치료를 위하여 의료기기 등을 이용하여 환자의 신체에 의료
시술･수술 의료인 등
일정한 조작을 가하는 행위 기관
※ 해당 보건관련 인력 및 의료인 등은 면허·자격 범위 내의 업무 수행 가능
www.mohw.go.kr • 17 •",21,21,908,true,true,false,false,false,true,false,,active,https://www.mohw.go.kr/,/Users/munchaerin/Desktop/졸프 data/(인쇄본)_비의료_건강관리서비스_가이드라인_및_사례집(1차)_.pdf
kr-mohw-nonmedical-healthcare-guide-20190521__0016,kr-mohw-nonmedical-healthcare-guide-20190521,16,III.비의료.건강관리서비스.적용.사례,Ⅲ.비의료 건강관리서비스 적용 사례,GUIDE_SECTION,"비의료 건강관리서비스 가이드라인 및 사례집(1차)
Ⅲ
비의료 건강관리서비스 적용 사례
◦ 사례집에 제시된 사례들은 그간 질의가 있었거나 명확한 기준이 필요하다는 요청이 있었던
사항에 대해
- 의료행위에 해당하지 않아 서비스 제공이 가능한 행위와 의료행위에 해당하여 제공이
불가능한 행위를 구체적으로 구분해 놓은 것으로,
- 건강관리서비스 제공 시 동 사례를 참고하여 가능 여부를 판단하는 기준으로 활용 가능함
- 동 사례가 새로운 건강관리서비스업을 신설하거나 허용하는 기준은 아니며, 사례들은
주기적으로 업데이트 예정임
1 건강한 사람 대상 서비스 예시
구 분 가능한 행위 불가능한 행위
◦ 질병 정보 알려주기 ◦ 대상자의 건강상태에 따라 필요한 검사
(최근 유행하는 질병정보 등) 등을 결정하거나, 엑스레이 촬영사진의
판독 등 의학적 전문성에 기반하여야
◦ 통계･연구자료 등에 근거하여 특정
하는 행위
질환의 유병률 등을 안내하는 행위
건강한 사람
◦ 대상자의 상태 및 증상 등을 확인하고
대상 서비스 ◦ 건강정보(혈압, 혈당, 비만도 등)를 수집
질병의 의심소견을 밝히거나 의학적
하고 해당 정보의 정상범위 안내해주기
지식에 기반한 상담 및 조언을 행하는
◦ 걸음 수, 식단 등 안내 서비스
행위
• 18 • 보건복지부",22,22,628,true,true,false,false,false,true,false,,active,https://www.mohw.go.kr/,/Users/munchaerin/Desktop/졸프 data/(인쇄본)_비의료_건강관리서비스_가이드라인_및_사례집(1차)_.pdf
kr-mohw-nonmedical-healthcare-guide-20190521__0017,kr-mohw-nonmedical-healthcare-guide-20190521,17,p23,2 비만관리(체중감량) 서비스 예시,GUIDE_SECTION,"PART 1. 비의료 건강관리서비스 가이드라인 및 사례집
2 비만관리(체중감량) 서비스 예시
구 분 가능한 행위 불가능한 행위
◦ BMI 지수의 계산 ◦ 의료적 검사･처방･처치･시술･수술 및
이와 관련한 의료적 상담･조언에 해당
◦ 체성분 분석기를 활용한 체내 성분을
하는 행위
비만도 분석
측정 - 지방용해술･위밴드 수술 등 의료 행위
◦ 적정 목표체중의 제시(공인된 정보에
시행과 직접적으로 관련된 행위
따른 표준체중 기준)
◦ 일일 적정 운동목표량 설정
◦ 운동별 소모칼로리 분석
◦ 운동 방법 교습
운동 서비스
◦ 기간별 운동일지 기록
◦ 운동 독려 알림메시지 전송
◦ 일일 적정 섭취목표량 설정
◦ 식품별 칼로리 분석
◦ 식단 구성 및 판매
식단 서비스
◦ 기간별 섭취칼로리 기록
◦ 체중감량에 좋은 식품에 대한 정보 안내
및 전송
www.mohw.go.kr • 19 •",23,23,436,true,true,false,false,false,false,true,,active,https://www.mohw.go.kr/,/Users/munchaerin/Desktop/졸프 data/(인쇄본)_비의료_건강관리서비스_가이드라인_및_사례집(1차)_.pdf
kr-mohw-nonmedical-healthcare-guide-20190521__0018,kr-mohw-nonmedical-healthcare-guide-20190521,18,p24,3 고혈압･당뇨병 환자 대상 서비스 예시,GUIDE_SECTION,"비의료 건강관리서비스 가이드라인 및 사례집(1차)
3 고혈압･당뇨병 환자 대상 서비스 예시
(cid:2) 혈압･혈당의 측정 및 관리
구 분 가능한 행위 불가능한 행위
◦ 개인용 의료기기를 통해 환자 자가 ◦ 비의료기관이 환자의 혈압을 직접
혈압･혈당 측정 및
기록 측정 후 기록 측정 후 기록
◦ 공신력 있는 기관에서 제시한 범위의 ◦ 수치에 근거하여 고혈압･당뇨병 환자로
정상/주의/위험 판단 및 해당범위 내 진단
목표 설정 ◦ 공신력 있는 기관의 지침 및 의사의
◦ 환자가 의사의 처방에 따라 스스로 처방에 근거하지 않은 비의료기관의
혈압･혈당 관리 및
설정한 목표 수준에 따른 정상/주의/ 자체적인 정상/주의/위험의 판단 및
목표수준 설정
위험 알람 목표수준의 설정
◦ 주기별(예: 7일) 혈압･혈당 수준을
모니터링하고, 평균치보다 벗어난
경우 ‘주의필요’ 등 안내
(cid:3) 고혈압 관리를 위한 상담 및 조언
구 분 가능한 행위 불가능한 행위
◦ 공신력 있는 기관에서 제시하는 ◦ 상황에 따른 혈압 목표
고혈압 예방･관리 사항 등 정보제공 ◦ (약사･의사가 아닌 사람이) 약물에
고혈압
예방 및 관리 및 안내 대해 설명을 하는 것
◦ 병원 내원일 알람 서비스
◦ 운동요법의 효과, 방법 등 안내 ◦ 급격한 혈압강하･상승시 조치방법
◦ 식이요법의 효과, 방법 등 안내 등 의료적 상담
운동 및
식이, 생활습관 ◦ 금연, 금주 등 생활습관 개선 상담
및 조언
• 20 • 보건복지부",24,24,721,true,true,false,true,false,true,false,,active,https://www.mohw.go.kr/,/Users/munchaerin/Desktop/졸프 data/(인쇄본)_비의료_건강관리서비스_가이드라인_및_사례집(1차)_.pdf
kr-mohw-nonmedical-healthcare-guide-20190521__0019,kr-mohw-nonmedical-healthcare-guide-20190521,19,p25,비의료 건강관리서비스 가이드라인 p.25,GUIDE_SECTION,"PART 1. 비의료 건강관리서비스 가이드라인 및 사례집
(cid:4) 당뇨병 관리를 위한 상담 및 조언
구 분 가능한 행위 불가능한 행위
◦ 공신력 있는 기관에서 제시하는 당뇨병 ◦ 상황에 따른 혈당 목표
예방･관리 사항 등 정보제공 및 안내 ◦ (약사･의사가 아닌 사람이) 약물에
◦ 병원 내원일 알람 서비스 대해 설명을 하는 것
당뇨병
예방 및 관리 ◦ 혈당 수치를 주기적으로 점검하고,
위험요인 발생시 병원 내원 등을
권고하는 서비스
◦ 운동요법의 효과, 방법 등 안내
운동 및
◦ 금연, 금주 등 생활습관 개선 상담
생활습관
및 조언
◦ 당뇨병 환자가 주의해야 할 일반적인 ◦ 위험한 혈당 수치별 당질 섭취기준
식이요법 및 식품군 등에 대한 설명 등 의료적 처방에 가까운 행위
◦ 다양한 식단을 제시하고 환자가
선택가능하도록 하는 행위
식이관리
서비스 ◦ 의사의 처방･권고 기준 하에서
환자에게 식단을 구성하여 주는 행위
◦ 환자가 원하는 식단(예: 저염 식단)을
구성하여 주는 행위
www.mohw.go.kr • 21 •",25,25,521,true,true,false,true,false,false,true,,active,https://www.mohw.go.kr/,/Users/munchaerin/Desktop/졸프 data/(인쇄본)_비의료_건강관리서비스_가이드라인_및_사례집(1차)_.pdf
kr-mohw-nonmedical-healthcare-guide-20190521__0020,kr-mohw-nonmedical-healthcare-guide-20190521,20,p26,4 기타 제공 가능한 서비스 예시,GUIDE_SECTION,"비의료 건강관리서비스 가이드라인 및 사례집(1차)
4 기타 제공 가능한 서비스 예시
(cid:2) 개인의 건강정보 확인･수집 및 건강지표 등 산출행위
○ 이용자 본인의 건강관련 수치, 질환 보유 여부 및 질환 관련 정보, 검진결과
등을 ‘개인정보보호법’을 준수하는 범위 내에서 제공
- 운동량(걷기, 달리기, 자전거, 등산 등), 식습관(섭취한 음식, 음주, 흡연 등),
건강 수치정보(BMI, 혈압, 혈당(당화혈색소 등)) 등을 개인의 자가측정에
기반하여 수집하는 행위 가능
- 검진결과, 개인의 질환과 관련한 복약 관련 정보, 병원 방문, 합병증 검사 여부
등의 수집행위 가능
○ 이용자 본인이 스마트폰 App, 웨어러블 기기, 사진 전송, 팩스, 스마트 혈당측정기
등을 통해 직접 입력·전송 또는 자동제공
○ 이용자가 이미 병원 등에서 진단(검진)받은 내용 등을 기초로 하여 이용자의
건강상태 지표(건강나이 등)를 산출하는 행위도 가능
서비스 예시
◦ 개인의 건강검진 결과 및 병원 내원이력･검사 결과 등을 제출하고 보험료 환급 및 할인
◦ 개인의 질환 보유 여부, 질환의 정도, 체력 및 건강관련 상태 등을 종합적으로 판단하여
‘건강나이’를 산출하여 주는 서비스(특정 기능과 관련되어 한정된 건강나이 산출도 가능)
• 22 • 보건복지부",26,26,640,true,true,false,false,true,true,false,,active,https://www.mohw.go.kr/,/Users/munchaerin/Desktop/졸프 data/(인쇄본)_비의료_건강관리서비스_가이드라인_및_사례집(1차)_.pdf
kr-mohw-nonmedical-healthcare-guide-20190521__0021,kr-mohw-nonmedical-healthcare-guide-20190521,21,p27,비의료 건강관리서비스 가이드라인 p.27,GUIDE_SECTION,"PART 1. 비의료 건강관리서비스 가이드라인 및 사례집
(cid:3) 건강활동에 대한 목표설정 및 인센티브 지급 행위
○ 건강증진을 위한 목표를 이용자가 직접 설정하거나, 제공자가 개인의 생활패턴
등을 고려하여 설정하여 주는 서비스
* (예) ( )년마다 건강검진 받기 / 매일 ( )보 걷기 / 연간 ( )보 걷기 / 매주 본인
혈당수치를 ( )회 이상 입력하기 / 매주 식단 ( )회 이상 입력하기
- 걸음수, 주간 운동횟수 등 질환과 직접적 관련이 없는 건강목표행위의 설정은
비의료행위이므로 기관 성격에 관계없이 수행가능
- 체중, 혈압, 혈당 등 질환과 관련이 있는 건강수치의 경우 공신력 있는
기관에서 제시한 ‘정상수치’ 등을 목표로 설정할 경우에 한해 비의료행위이며,
제공자가 임의로 특정 수준을 제시하는 것은 곤란
○ 건강활동 목표의 달성 및 건강활동의 증가･개선 등이 확인되는 경우 인센티브
(보험료 할인･경품 및 포인트 등) 지급 가능
※ 지급가능한 인센티브의 종류, 한도 등은 관계 법령이 정하는 바를 준수해야 함
서비스 예시
◦ 1년 혹은 2년마다 건강검진을 받을 것을 권장하고, 검진을 받고 그 결과를 제출할 경우
인센티브를 지급하는 서비스
◦ 모바일 App을 통해 대상자의 걸음수를 측정하고, 특정 목표수준(예: 하루 1만보 걷기)를
달성한 경우 인센티브를 지급하는 서비스
◦ 비만･과체중 등의 건강위험을 보유한 사람이 적정 체중으로 감량한 경우 인센티브를 지급하는
서비스
www.mohw.go.kr • 23 •",27,27,748,true,true,false,false,true,true,false,,active,https://www.mohw.go.kr/,/Users/munchaerin/Desktop/졸프 data/(인쇄본)_비의료_건강관리서비스_가이드라인_및_사례집(1차)_.pdf
kr-mohw-nonmedical-healthcare-guide-20190521__0022,kr-mohw-nonmedical-healthcare-guide-20190521,22,p28,비의료 건강관리서비스 가이드라인 p.28,GUIDE_SECTION,"비의료 건강관리서비스 가이드라인 및 사례집(1차)
(cid:4) 영양･운동･금연･절주･수면･스트레스 관리 등 상담･조언 행위
○ 건강한 생활습관 개선을 위해 식습관, 신체활동, 생활패턴 등에 대해 영양사･
체육지도자 등의 전문인력을 중심으로 상담･조언을 제공
- (영양) 이용자가 섭취한 식단에 기반하여 조언을 제공하거나, 스스로 자가관리를
할 수 있도록 영양소･칼로리 분석 등을 제공하는 서비스
- (운동) 이용자의 신체상태 및 목적 등에 따라 적정한 운동 주기･강도･방법 등을
교육하는 서비스
- (생활패턴) 금연･절주･수면･스트레스 관리 등 생활습관 개선을 위한 목표설정･
상담･조언･관리 등의 서비스 제공
서비스 예시
◦ 건강증진 목적의 영양･운동과 관련한 종합적인 상담 및 식단･운동 프로그램 등의 구체적인
교육･조언을 제공하는 서비스
◦ 금연･절주를 위한 주기적 알람 서비스, 수면시간 관리 및 점검, 스트레스 관리를 위한 일상생활
습관 개선 및 조언 등을 제공하는 서비스
(cid:5) 질병정보 안내 및 일반적인 예방 방법의 안내 행위
○ 인플루엔자 등 특정 시기에 유행하는 질병에 대해 알람(안내) 서비스를
제공하고, 예방 방법, 주요 증상 등을 안내하는 행위
○ 특정 질병을 보유한 사람에 대해 공신력 있는 기관의 공인된 정보에 따라 발생
가능한 합병증 및 일반적인 예방 방법, 주요 증상 등을 안내하는 행위
※ 예방관리의 내용은 건강증진 및 질병예방을 위한 일상 생활습관(예: 손 씻기, 음식물
익혀먹기 등)의 내용에 국한하며, 질병의 진단･치료･완화로 오인될 수 있는 표현 등을
사용해서는 안됨
• 24 • 보건복지부",28,28,804,true,true,false,false,false,true,false,,active,https://www.mohw.go.kr/,/Users/munchaerin/Desktop/졸프 data/(인쇄본)_비의료_건강관리서비스_가이드라인_및_사례집(1차)_.pdf
kr-mohw-nonmedical-healthcare-guide-20190521__0023,kr-mohw-nonmedical-healthcare-guide-20190521,23,p29,비의료 건강관리서비스 가이드라인 p.29,GUIDE_SECTION,"PART 1. 비의료 건강관리서비스 가이드라인 및 사례집
서비스 예시
◦ 계절별로 많이 발생하는 주요 질병 및 증상을 안내하고, 질병예방을 위한 안내수칙 등을
제공하는 서비스
◦ 주거지역 인근의 병의원 진료과목 및 운영시간 등을 안내하는 서비스
◦ 고혈압･당뇨병 환자에게 발생할 수 있는 합병증의 종류, 주기적인 검사와 진단(병원 내원일)의
알림, 합병증별 증상 등을 알려주는 서비스
(cid:6) 의약품 정보 제공 서비스 행위
○ 이용자가 의약품의 이름, 조제일자, 수량, 복약시간 등을 App에 입력하여
정기적 복용을 위한 알림(안내)을 제공하는 행위
○ 이용자가 입력한 건강증진활동 정보 중 의약품의 성분, 효능·효과, 부작용 등에
관한 정보(허가사항)를 제공하는 행위
서비스 예시
◦ 고객이 스마트폰 App을 통해 의약품의 이름, 조제일자, 수량, 약 종류, 복약시간을 입력하면
규칙적인 알람 등 건강관리를 지원하는 서비스
◦ 의약품의 성분, 효능, 부작용 등에 대한 정보를 제공받는 서비스
◦ 주거지역 인근 모든 약국의 위치 및 운영시간 등을 안내하는 서비스
www.mohw.go.kr • 25 •",29,29,563,true,true,false,true,false,true,false,,active,https://www.mohw.go.kr/,/Users/munchaerin/Desktop/졸프 data/(인쇄본)_비의료_건강관리서비스_가이드라인_및_사례집(1차)_.pdf
kr-mohw-nonmedical-healthcare-guide-20190521__0024,kr-mohw-nonmedical-healthcare-guide-20190521,24,IV.유권해석.절차,Ⅳ.유권해석 절차,GUIDE_SECTION,"비의료 건강관리서비스 가이드라인 및 사례집(1차)
Ⅳ
유권해석 절차
◦ 사례집으로 ‘의료행위’의 해당 여부를 판단하기 어려운 사례는 아래의 절차에 따라 유권해석 요청
(cid:2) 신청 : 민원인 →보건복지부 (~접수 후 10일)
○ 신청 양식에 따른 사항을 기입하여 우편 접수
(보건복지부 보건의료정책실 보건의료정책과)
○ 신청서 접수일*로부터 10일 이내에 신청서를 검토하여 위원회 회부 여부 회신
* 자료 미비사항에 대해서는 보완 요청을 할 수 있음, 보완을 요청한 경우 보완신청서가
접수된 날짜를 기준일로 함
※ 위원회를 거치지 않고 해석 가능한 사항은 신속히 회신(~접수 후 20일)
(cid:3) 자문 : 보건복지부 →위원회 (~접수 후 30일)
○ 신청서 접수일로부터 30일 이내에 위원회를 개최(서면의결 가능)하여 비의료행위에
대한 유권해석 자문 실시
- 다만, ▴위원회 논의에 이견이 있거나, ▴자료 보완 등 재검토가 필요하다고
판단되는 경우 1회에 한하여 위원회 再개최 가능
① 위원회에서 이견이 있어 결론을 내리지 못한 경우에는 위원회 종료 후 20일
이내 재개최
② 자료보완 등 재검토가 필요하다고 판단되는 경우에는 자료를 보완제출한
날부터 20일 이내 위원회 재개최
• 26 • 보건복지부",30,30,622,true,true,false,false,false,true,false,,active,https://www.mohw.go.kr/,/Users/munchaerin/Desktop/졸프 data/(인쇄본)_비의료_건강관리서비스_가이드라인_및_사례집(1차)_.pdf
kr-mohw-nonmedical-healthcare-guide-20190521__0025,kr-mohw-nonmedical-healthcare-guide-20190521,25,p31,비의료 건강관리서비스 가이드라인 p.31,GUIDE_SECTION,"PART 1. 비의료 건강관리서비스 가이드라인 및 사례집
(cid:4) 유권해석 : 보건복지부→민원인 (~위원회 종료 후 7일)
○ 위원회 논의 결과를 고려하여, 위원회 개최일로부터 7일 이내에 신청자에게
유권해석 결과 통보
<유권해석 체계도>
① 신청
◦ 의료행위 해당 여부 유권해석 요청 (민원인 ⇒ 복지부)
* 민원인 ⇒ 복지부
② 위원회 회부 여부 회신 ◦ 위원회를 거치지 않고 해석가능한 사항인지
(~접수 후 10일) 위원회를 거칠 필요가 있는지 판단 후 회신
* 복지부 ⇒ 민원인 * 자료보완 필요시, 자료보완 요청, 자료보완에 걸리는 기간은
복지부 ⇒ 위원회 불산입
※ 위원회를 거치지 않고 해석 가능한 사항은 신속히 회신 (~접수 후 20일)
◦ 위원회에서 신청내용에 대한 의료행위 여부 심의
③ 위원회 개최 * 논의과정에 이견이 있거나 자료보완 등 재검토 필요하다고
(~접수 후 30일) 판단되는 경우 1회에 한하여 위원회 추가 개최 가능
* 위원회 ⇒ 복지부 * 논의과정 이견 : 위원회 종료 후 20일 이내
자료보완 필요 : 자료 보완제출 후 20일 이내
④ 유권해석 회신
(~위원회 종료 후 7일) ◦ 위원회 의견을 참고하여 유권해석 회신
* 복지부 ⇒ 민원인
www.mohw.go.kr • 27 •",31,31,627,true,true,false,false,false,true,false,,active,https://www.mohw.go.kr/,/Users/munchaerin/Desktop/졸프 data/(인쇄본)_비의료_건강관리서비스_가이드라인_및_사례집(1차)_.pdf
kr-mohw-nonmedical-healthcare-guide-20190521__0026,kr-mohw-nonmedical-healthcare-guide-20190521,26,p32,비의료 건강관리서비스 가이드라인 p.32,GUIDE_SECTION,"비의료 건강관리서비스 가이드라인 및 사례집(1차)
신청서 양식
의료행위 여부 유권해석 신청서
법인명(회사명) 사업자등록번호
❶ 신청
성명(대표자) 전화번호
기관
주소
❷ 서비스 명칭
※ 여러 개의 서비스에 대해 유권해석을 요청하는 경우 서비스 별로 각각 신청서를 작성하여야 함
❸ 서비스 주요 내용
1. 기본 정보 (중복 체크 가능) □ 에는 해당되는 곳에 √표를 합니다.
서비스 제공기관 000 (의료기관 / 비의료기관)
□ 의사 □ 간호사 □ 영양사 □ 보건교육사 □ 체육지도자
서비스 제공인력
□ 기타 ( )
서비스 제공목적
□ 온라인･모바일 App □ 유선 전화 □ 대상자 소재지 직접 방문
서비스 제공방식
□ 제공기관 방문 □ 기타 ( )
□ 건강검진 결과서 □ 과거 병력 □ 유가족 병력
대상자로부터 수집하는 정보목록 □ 생활습관(운동, 영양, 흡연, 음주 등) □ 복약정보
□ 기타 (
□ 혈압 □ 혈당 □ 체성분 □ 혈액･체액 성분 □ 신체수치정보
대상자로부터 측정하는 주요 항목 □ 신체활동계측(걸음, 맥박 등) □ 유전자정보
□ 기타 ( )
2. 서비스 상세 내용 설명 (최대한 상세히 기재) : 별첨 자료 활용 가능
비의료 건강관리서비스 가이드라인 및 사례집에 따라 위와 같이 의료행위 여부 유권해석을
신청합니다.
년 월 일
신청기관(신청인)
(서명 또는 인)
보건복지부장관 귀하
• 28 • 보건복지부",32,32,684,true,true,false,false,false,true,false,,active,https://www.mohw.go.kr/,/Users/munchaerin/Desktop/졸프 data/(인쇄본)_비의료_건강관리서비스_가이드라인_및_사례집(1차)_.pdf
kr-mohw-nonmedical-healthcare-guide-20190521__0027,kr-mohw-nonmedical-healthcare-guide-20190521,27,PART2.p35,주요 질의응답,GUIDE_SECTION,"PART 2. 주요 질의응답
Q1
가이드라인 및 사례집의 법적 성격이 무엇인가요?
○ 비의료 건강관리서비스 가이드라인 및 사례집은 의료법상 의료
행위의 개념을 보다 명확히 정의하고, 이에 대한 판단을 돕기 위한
세부적인 지침입니다.
○ 따라서, 이 가이드라인 및 사례집의 ‘의료행위’ 판단기준을 벗어날
경우, 의료법을 위반하는 것으로 판단될 수 있습니다.
Q2
건강관리서비스업 허가가 필요한가요?
○ 별도의 ‘건강관리서비스업’ 개설 허가는 필요하지 않습니다.
※ 현행 법률상 ‘건강관리서비스업’에 대한 허가 등을 규정하고 있지 않음
- 서비스의 제공방식 및 양태에 따라서 관련 법률에 적합한 사업
허가를 받고, 해당 사업의 수행 범위에서 ‘의료행위’와의 충돌
여부를 판단할 필요가 있을 때 본 사례집을 활용합니다.
www.mohw.go.kr • 31 •",35,35,421,true,true,false,false,false,true,false,,active,https://www.mohw.go.kr/,/Users/munchaerin/Desktop/졸프 data/(인쇄본)_비의료_건강관리서비스_가이드라인_및_사례집(1차)_.pdf
kr-mohw-nonmedical-healthcare-guide-20190521__0028,kr-mohw-nonmedical-healthcare-guide-20190521,28,p36,비의료 건강관리서비스 가이드라인 p.36,GUIDE_SECTION,"비의료 건강관리서비스 가이드라인 및 사례집(1차)
Q3
공신력 있는 기관의 기준은 무엇인가요?
○ 공신력 있는 기관이란, 국제기구･정부･공공기관 등 공적인 영역에
있는 기관과
- 대한의학회, 대한당뇨병학회 등 해당 분야의 전문성을 갖춘
기관을 의미합니다.
Q4
과학적･의학적 검증의 기준은 무엇인가요?
○ 과학적･의학적 검증이라 함은 해당 사실이 관련 분야에서 널리
인정된 것으로써 다수의 전문가가 납득할 수 있는 것을 의미
합니다.
○ 따라서, 공신력 있는 기관에서 발간한 자료 혹은 관련 학계에서
널리 인정된 책자 등이 대표적인 사례라 할 것입니다.
• 32 • 보건복지부",36,36,322,true,true,false,false,false,false,false,,active,https://www.mohw.go.kr/,/Users/munchaerin/Desktop/졸프 data/(인쇄본)_비의료_건강관리서비스_가이드라인_및_사례집(1차)_.pdf
kr-mohw-nonmedical-healthcare-guide-20190521__0029,kr-mohw-nonmedical-healthcare-guide-20190521,29,PART2.p37,주요 질의응답,GUIDE_SECTION,"PART 2. 주요 질의응답
비의료기관에서 건강관리서비스를 제공할 때 반드시
Q5
대상자의 질환 보유 여부를 확인하여야 하나요?
○ 일반적으로 ‘건강한 사람’에게 제공하는 것을 전제로 설계･기획된
서비스의 경우 질환의 보유 여부 확인은 의무 사항이 아닙니다.
- 다만, 질환을 보유하고 있을 경우 의사의 상담을 권고한다는 안내
등은 서비스의 안전성을 위하여 권장되는 사항입니다.
○ 질환자를 대상으로 설계･기획된 서비스의 경우 제공하고자 하는
질환관리 서비스 범위에서 대상자의 질환 및 합병증 보유 여부를
확인하여야 할 것입니다.
질병의 치료를 위한 상담･조언 중 비의료기관에 예외적으로 허용된
Q6
행위란 무엇인가요?
○ 상담･조언의 내용이 질환의 치료를 직접적 목적으로 하는 경우
의료기관에서 수행하여야 합니다.
- 비의료기관은 의료기관의 진단･처방･의뢰의 범위 내에서
보조적으로 해당 서비스를 제공할 수 있음을 의미합니다.
- 예를들어 당뇨병 환자에게 혈당 수치에 따른 당질의 섭취
지침을 내리거나, 부상을 당한 환자에게 운동의 지침을 주는 것
등을 의미합니다.
○ 질환자를 대상으로 하더라도 단순한 일상적 건강관리는 비의료기관
에서 수행할 수 있습니다.
www.mohw.go.kr • 33 •",37,37,615,true,true,false,false,true,true,false,,active,https://www.mohw.go.kr/,/Users/munchaerin/Desktop/졸프 data/(인쇄본)_비의료_건강관리서비스_가이드라인_및_사례집(1차)_.pdf
kr-mohw-nonmedical-healthcare-guide-20190521__0030,kr-mohw-nonmedical-healthcare-guide-20190521,30,p38,비의료 건강관리서비스 가이드라인 p.38,GUIDE_SECTION,"비의료 건강관리서비스 가이드라인 및 사례집(1차)
의사의 처방･권고를 확인하기 위해 환자로부터
Q7
의료기관의 소견서 등을 받아야 하나요?
○ 의사의 처방･권고 사항을 ‘서면’으로 확인하는 것을 권장하나,
환자로부터 구두로 확인 받는 것도 가능합니다.
- 예를 들어, 당뇨병 환자에게 의사가 ‘저염 위주로 식사할 것’ 혹은
‘하루 탄수화물 섭취량을 150g 이하로 제한할 것’ 등의 지침을
내린 경우 이를 환자로부터 구두로 확인받고 식단 구성 서비스를
제공하는 것은 가능합니다.
- 특히, 당뇨병 환자에게 식단서비스를 제공할 때 의사로 부터
식습관과 관련하여 주의사항을 처방받은 내용 등이 있는지 미리
확인하도록 권장합니다.
비의료기관에서 건강관리서비스를 제공할 때 반드시
Q8
예시된 보건인력을 고용해야 하나요?
○ 관련 법률에서 제공인력을 제한하고 있다면 해당 법률에 따라야 하나,
그렇지 아니하다면 보건인력의 채용은 ‘권장사항’ 이므로 의무적인
사항은 아닙니다.
○ 이 사례집에서 예시된 ‘보건인력의 권장’이라 함은 서비스의 특성상
보건인력이 해당 서비스를 보다 전문적으로 제공할 수 있다는
취지입니다.
• 34 • 보건복지부",38,38,577,true,true,false,false,false,false,false,,active,https://www.mohw.go.kr/,/Users/munchaerin/Desktop/졸프 data/(인쇄본)_비의료_건강관리서비스_가이드라인_및_사례집(1차)_.pdf
kr-mohw-nonmedical-healthcare-guide-20190521__0031,kr-mohw-nonmedical-healthcare-guide-20190521,31,PART2.p39,주요 질의응답,GUIDE_SECTION,"PART 2. 주요 질의응답
건강관리 업체 등 비의료기관에 속한 의사･간호사가
Q9
행할 수 있는 건강증진 행위의 범위는 어디까지 인가요?
○ 비의료기관에서 의사･간호사를 채용하여도 ‘의료법’상 의료행위를 할
수 없으므로 인력의 채용범위에 따라 비의료기관의 업무 가능범위가
달라지는 것은 아닙니다.
○ 본문에서 예시된 ‘보건인력 권장’에 해당하는 행위는 질환과
관련된 지식･정보의 전문성을 갖춘 자가 서비스를 제공하는 경우
서비스가 더욱 내실화될 수 있음을 의미하는 것입니다.
유권해석을 신청하고 유권해석이 나올 때까지의 기간 동안
Q10
유권해석 상 허용되는 것을 조건으로 조건부 서비스 제공을
할 때에 제공행위가 면책되나요?
○ 의료행위 여부가 불분명하여 유권해석을 신청하였을 경우라 하더라도
추후 ‘의료행위’로 판정되는 경우에는 위와 같은 행위가 면책되지
않습니다.
www.mohw.go.kr • 35 •",39,39,453,true,true,false,false,false,true,false,,active,https://www.mohw.go.kr/,/Users/munchaerin/Desktop/졸프 data/(인쇄본)_비의료_건강관리서비스_가이드라인_및_사례집(1차)_.pdf
kr-mohw-nonmedical-healthcare-guide-20190521__0032,kr-mohw-nonmedical-healthcare-guide-20190521,32,p40,비의료 건강관리서비스 가이드라인 p.40,GUIDE_SECTION,"비의료 건강관리서비스 가이드라인 및 사례집(1차)
비의료기관에서 의료행위를 한 경우 어떤 처벌을
Q11
받게 되나요?
① 의료인이 아닌 자가 의료행위를 한 경우(무면허 의료행위)
- 의료법 제27조제1항 위반으로 5년 이하의 징역이나 5천만원
이하의 벌금 부과 대상입니다.
<의료법>
제27조(무면허 의료행위 등 금지) ① 의료인이 아니면 누구든지 의료행위를
할 수 없으며 의료인도 면허된 것 이외의 의료행위를 할 수 없다. 다만,
다음 각 호의 어느 하나에 해당하는 자는 보건복지부령으로 정하는 범위
에서 의료행위를 할 수 있다.
제87조(벌칙) ② 다음 각 호의 어느 하나에 해당하는 자는 5년 이하의
징역이나 5천만원 이하의 벌금에 처한다.
2. 제12조제2항 및 제3항, 제18조제3항, 제21조의2제5항ㆍ제8항, 제
23조제3항, 제27조제1항, 제33조제2항ㆍ제8항(제82조제3항에서 준
용하는 경우를 포함한다)ㆍ제10항을 위반한 자. 다만, 제12조제3항
의 죄는 피해자의 명시한 의사에 반하여 공소를 제기할 수 없다.
② 의료기관이 아닌 곳에서 의료행위를 행한 경우
- 의료법 제33조제1항 위반으로 500만원 이하의 벌금 부과
대상입니다.
<의료법>
제33조(개설 등) ①의료인은 이 법에 따른 의료기관을 개설하지 아니하고는
의료업을 할 수 없으며, 다음 각 호의 어느 하나에 해당하는 경우 외에는
그 의료기관 내에서 의료업을 하여야 한다.
1. ~ 5. (생 략)
제90조(벌칙) 제16조제1항ㆍ제2항, 제17조제3항ㆍ제4항, 제18조제4항,
제21조제1항 후단, 제21조의2제1항ㆍ제2항, 제22조제1항ㆍ제2항, 제
23조제4항, 제26조, 제27조제2항, 제33조제1항ㆍ제3항(제82조제3항
에서 준용하는 경우를 포함한다)ㆍ제5항(허가의 경우만을 말한다), 제35
조제1항 본문, 제41조, 제42조제1항, 제48조제3항ㆍ제4항, 제77조제2
항을 위반한 자나 제63조에 따른 시정명령을 위반한 자와 의료기관
개설자가 될 수 없는 자에게 고용되어 의료행위를 한 자는 500만원 이하의
벌금에 처한다.
• 36 • 보건복지부",40,40,1032,true,true,false,false,false,true,false,,active,https://www.mohw.go.kr/,/Users/munchaerin/Desktop/졸프 data/(인쇄본)_비의료_건강관리서비스_가이드라인_및_사례집(1차)_.pdf
kr-mohw-nonmedical-healthcare-guide-20190521__0033,kr-mohw-nonmedical-healthcare-guide-20190521,33,PART2.p41,주요 질의응답,GUIDE_SECTION,"PART 2. 주요 질의응답
Q12
개인건강정보(Data)의 공유 절차는?
○ ｢개인정보 보호법｣ 제23조에 따라 건강, 유전자검사 등의 결과로
얻어진 유전정보 등은 민감정보로써 처리가 제한됩니다.
- 다만, 제23조제1항의 단서에 따른 조건을 충족하는 경우 민감
정보의 처리가 가능합니다.
<개인정보 보호법>
제2조(정의) 2. ""처리""란 개인정보의 수집, 생성, 연계, 연동, 기록, 저장,
보유, 가공, 편집, 검색, 출력, 정정(訂正), 복구, 이용, 제공, 공개, 파
기(破棄), 그 밖에 이와 유사한 행위를 말한다.
제23조(민감정보의 처리 제한) ①개인정보처리자는 사상ㆍ신념, 노동조합
ㆍ정당의 가입ㆍ탈퇴, 정치적 견해, 건강, 성생활 등에 관한 정보, 그
밖에 정보주체의 사생활을 현저히 침해할 우려가 있는 개인정보로서
대통령령으로 정하는 정보(이하 ""민감정보""라 한다)를 처리하여서는 아
니 된다. 다만, 다음 각 호의 어느 하나에 해당하는 경우에는 그러하지
아니하다.
1. 정보주체에게 제15조제2항 각 호 또는 제17조제2항 각 호의 사항을
알리고 다른 개인정보의 처리에 대한 동의와 별도로 동의를 받은
경우
2. 법령에서 민감정보의 처리를 요구하거나 허용하는 경우
www.mohw.go.kr • 37 •",41,41,629,true,true,false,false,true,false,false,,active,https://www.mohw.go.kr/,/Users/munchaerin/Desktop/졸프 data/(인쇄본)_비의료_건강관리서비스_가이드라인_및_사례집(1차)_.pdf
kr-mohw-nonmedical-healthcare-guide-20190521__0034,kr-mohw-nonmedical-healthcare-guide-20190521,34,p42,비의료 건강관리서비스 가이드라인 p.42,GUIDE_SECTION,"비의료 건강관리서비스 가이드라인 및 사례집(1차)
○ Data 공유는 건강관리서비스의 전단계로, 원활한 건강관리 서비스를
위한 수단 중의 하나일 수 있습니다.
- ‘18.9월 의료법 시행규칙 개정으로 본인이 진료기록 사본 등을
온라인으로 요청하고, 온라인으로 제3자(보험회사)에 송부 가능토록
개선하였습니다.
<의료법 시행규칙>
제13조의3(기록 열람 등의 요건) ⑤ 제1항, 제3항 및 제4항에 따라 친족
또는 환자(법정대리인을 포함한다)가 환자 또는 본인에 관한 기록의 열
람이나 그 사본의 발급을 ｢정보통신망 이용촉진 및 정보보호 등에 관
한 법률｣에 따른 정보통신망을 이용하여 요청하는 경우에 그 요청자는
신분증의 제시 또는 신분증 사본의 제출을 갈음하여 다음 각 호의 어
느 하나에 해당하는 방법으로 본인확인 절차를 거쳐야 한다.
1. 휴대전화를 통한 본인인증 등 ｢정보통신망 이용촉진 및 정보보호
등에 관한 법률｣ 제23조의3에 따른 본인확인기관에서 제공하는 본인
확인의 방법
2. ｢전자서명법｣ 제2조제3호에 따른 공인전자서명 또는 같은 법 제2조
제8호에 따른 공인인증서를 통한 본인확인의 방법
• 38 • 보건복지부",42,42,577,true,true,false,false,false,false,false,,active,https://www.mohw.go.kr/,/Users/munchaerin/Desktop/졸프 data/(인쇄본)_비의료_건강관리서비스_가이드라인_및_사례집(1차)_.pdf
kr-mohw-nonmedical-healthcare-guide-20190521__0035,kr-mohw-nonmedical-healthcare-guide-20190521,35,p43,비의료 건강관리서비스 가이드라인 p.43,GUIDE_SECTION,"비의료 건강관리서비스 가이드라인 및 사례집(1차)
발 행 일 2019. 5.
인 쇄 일 2019. 5.
발 행 처 보건복지부 건강정책과
세종특별자치시 도움4로 13(정부세종청사 10동)
인쇄/편집 경성문화사 044-868-7636
홈페이지 http://www.mohw.go.kr
(cid:2) 정보 → 법령 → 훈령･예규･고시･지침",43,43,185,true,true,false,false,false,false,false,,active,https://www.mohw.go.kr/,/Users/munchaerin/Desktop/졸프 data/(인쇄본)_비의료_건강관리서비스_가이드라인_및_사례집(1차)_.pdf
kr-mfds-wellness-0091-03-20260212__I,kr-mfds-wellness-0091-03-20260212,1,I,개 요,GUIDE_SECTION,Ⅰ 개 요,7,7,5,true,false,true,false,false,false,false,,active,https://www.mfds.go.kr/brd/m_210/view.do?Data_stts_gubun=C1004&company_cd=&company_nm=&itm_seq_1=0&itm_seq_2=0&multi_itm_seq=0&page=4&seq=15229&srchFr=&srchTo=&srchTp=0&srchWord=,data/rag/source_documents/의료기기와+개인용+건강관리(웰니스)제품+판단기준(지침).pdf
kr-mfds-wellness-0091-03-20260212__I_1,kr-mfds-wellness-0091-03-20260212,2,I.1,배 경,GUIDE_SECTION,"1. 배 경
○ 최근 융복합 신개념 제품이 등장하면서 의료기기와 구분이 모호한
·
웰니스 제품이 개발·시판됨에 따라 의료기기와 개인용 건강관리제품인
비의료기기에 대한 구분기준을 명확하게 하기 위하여 이에 대한
판단기준(이하 ‘기준’이라 한다 .)을 제정하게 되었다.
○ 이 기준을 작성하기 위하여 미국의 「General Wellness: Policy for
Low Risk 월 개정본, FDA GUIDANCE) 개정 사항
Devices」(‘26.1
등을 참고하였다.",7,7,260,true,false,true,false,false,false,false,,active,https://www.mfds.go.kr/brd/m_210/view.do?Data_stts_gubun=C1004&company_cd=&company_nm=&itm_seq_1=0&itm_seq_2=0&multi_itm_seq=0&page=4&seq=15229&srchFr=&srchTo=&srchTp=0&srchWord=,data/rag/source_documents/의료기기와+개인용+건강관리(웰니스)제품+판단기준(지침).pdf
kr-mfds-wellness-0091-03-20260212__I_2,kr-mfds-wellness-0091-03-20260212,3,I.2,목적 및 적용범위,GUIDE_SECTION,"2. 목적 및 적용범위
○ 이 기준은 의료기기법 제 조의 의료기기 체외진단의료기기법
2 ,
제2조의 체외진단의료기기 및 디지털의료제품법 제2조의 디지털
의료제품과 개인용 건강관리제품(일명 웰니스 제품을 말한다. 이하
같다)을 구분하는 기준을 객관적이고 구체적으로 제시하여 제조자
등에게 예측 가능성을 제공하고 의료기기법 적용의 일관성을 높이
는데 그 목적이 있다.
○ 이 기준은 의료기기와 운동 레저 및 일상적 건강관리 목적의 개인용
·
건강관리제품의 구분기준을 명확하게 함으로써 의료기기 해당여부를
판단하기 위해 적용한다.
○ 이 기준 시행 당시 의료기기 제조허가 인증 신고 또는 수입허가 ․ ․ ․
인증․신고를 한 제품에 대하여는 이 기준을 적용하지 아니한다.
○ 이 기준에서 예시로 든 사례는 기준의 이해를 돕기 위해 작성
되었으며, 실제로 제품별 특성과 상황, 새로운 과학적 근거 등을
고려하여 달리 적용될 수 있다.",7,8,461,true,false,true,false,false,false,false,,active,https://www.mfds.go.kr/brd/m_210/view.do?Data_stts_gubun=C1004&company_cd=&company_nm=&itm_seq_1=0&itm_seq_2=0&multi_itm_seq=0&page=4&seq=15229&srchFr=&srchTo=&srchTp=0&srchWord=,data/rag/source_documents/의료기기와+개인용+건강관리(웰니스)제품+판단기준(지침).pdf
kr-mfds-wellness-0091-03-20260212__I_3,kr-mfds-wellness-0091-03-20260212,4,I.3,관련 규정,GUIDE_SECTION,"3. 관련 규정
○ 의료기기법 제 조 정의 제 조 일반행위의 금지
2 ( ), 26 ( )
○ 체외진단의료기기법 제 조 정의 2 ( )
○ 디지털의료제품법 제 조 정의 2 ( )",8,8,99,true,false,true,false,false,false,false,,active,https://www.mfds.go.kr/brd/m_210/view.do?Data_stts_gubun=C1004&company_cd=&company_nm=&itm_seq_1=0&itm_seq_2=0&multi_itm_seq=0&page=4&seq=15229&srchFr=&srchTo=&srchTp=0&srchWord=,data/rag/source_documents/의료기기와+개인용+건강관리(웰니스)제품+판단기준(지침).pdf
kr-mfds-wellness-0091-03-20260212__I_4,kr-mfds-wellness-0091-03-20260212,5,I.4,용어의 정의,GUIDE_SECTION,"4. 용어의 정의
○ 이 기준에서 사용되는 용어의 정의는 다음과 같다 .
￭ 기구 “ 란 여러 부품들이 서로 조합되어 있지만 유용
(Instrument)” ,
한 기계적인 일은 하지 못하고 인간의 지각을 도와주는 보조역
할을 하는 것(예시: 저울, 측량기 등)을 말한다.
￭ 기계 “ (Machine)” 란 여러 부품들이 서로 조합·조립되어 에너지를
가하여 기계적으로 유용한 일을 할 수 있는 것을 말한다.
￭ 장치 “ (Apparatus)” 란 어떤 목적에 따라 기능하도록 그 장소에
장착한 도구, 기계 등을 말한다.
￭ 재료 “ (Material)” 란 제품의 바탕이 되는 것으로, 가공하여 제품
으로 만들어도 원래의 조성을 유지하는 물질을 말한다.
￭ 사용목적
“ (Intended 이란 제품의 제조자가 의도하여 표현한
use)”
기능과 용도를 말한다.
￭ 위해도 란 제품이 사용자의 안전에 미치는 위해의 정도를 말한다
“ (Risk)” .
￭ 소프트웨어
“ 란 컴퓨터 등 시스템을 제어하고 작동
(Software)”
시키기 위한 모든 종류의 프로그램의 총칭을 말한다 .
￭ 앱 “ (App)” 이란 스마트폰, 태블릿PC 등 모바일 플랫폼(Mobile
Platform) 에 다운받아 사용할 수 있는 응용프로그램을 말한다.
* 애플리케이션(application)의 줄임말",9,9,657,true,false,true,false,false,false,false,,active,https://www.mfds.go.kr/brd/m_210/view.do?Data_stts_gubun=C1004&company_cd=&company_nm=&itm_seq_1=0&itm_seq_2=0&multi_itm_seq=0&page=4&seq=15229&srchFr=&srchTo=&srchTp=0&srchWord=,data/rag/source_documents/의료기기와+개인용+건강관리(웰니스)제품+판단기준(지침).pdf
kr-mfds-wellness-0091-03-20260212__II,kr-mfds-wellness-0091-03-20260212,6,II,제품의 정의,GUIDE_SECTION,Ⅱ 제품의 정의,10,10,8,true,false,true,false,false,false,false,,active,https://www.mfds.go.kr/brd/m_210/view.do?Data_stts_gubun=C1004&company_cd=&company_nm=&itm_seq_1=0&itm_seq_2=0&multi_itm_seq=0&page=4&seq=15229&srchFr=&srchTo=&srchTp=0&srchWord=,data/rag/source_documents/의료기기와+개인용+건강관리(웰니스)제품+판단기준(지침).pdf
kr-mfds-wellness-0091-03-20260212__II_1,kr-mfds-wellness-0091-03-20260212,7,II.1,의료기기,GUIDE_SECTION,"1. 의료기기
○ 의료기기 란 사람이나 동물에게 단독 또는 조합하여 사용되는
“ ”
기구·기계·장치·재료 또는 이와 유사한 제품으로서 다음 각 호의
어느 하나에 해당하는 제품을 말한다.
￭ 질병을 진단 치료 경감 처치 또는 예방할 목적으로 사용하는 제품
· · ·
관련 정의
세계보건기구인 WHO에서 발표한 ‘국제질병사인․분류(ICD1))’ 체계를
질병 골격으로 통계청에서 ‘한국표준질병사인․분류(KCD2))’를 고시하여 약
18,300여개로 분류․관리하고 있어 동 범주에 포함되는 경우 질병으로 판단
진단 환자의 상태를 듣고 관찰하여 병상 및 병명을 규명․판단하는 작용
치료 질병, 장애, 상해 등을 낫거나 치유, 완화하기 위해 계획된 체계적 과정과 활동
처치 질병 등에 대해 적절한 약물이나 수술, 재활 등 처방을 내리는 행위
질병을 일으킬 수 있는 위험인자를 조절하여 질병이 일어나거나 재발
예방
하지 않도록 하는 조치
￭ 상해 (傷害) 또는 장애를 진단·치료·경감 또는 보정할 목적으로 사용하는 제품
관련 정의
상해 사람의 생리적 기능 등에 장해가 발생하는 것
신체적, 정신적 손상 또는 기능상실이 장기간에 걸쳐 개인의 일상 또는 사회
장애
생활에 상당한 제약을 초래하는 상태3)
보정 상해 또는 장애 등으로 인한 몸의 결함을 교정하고 보충하는 행위
1) ICD : The International Statistical Classification of Diseases and Related Health Problems
2) KCD : Korea Standard Classification of Diseases
3) 장애인차별금지 및 권리구제 등에 관한 법률 제2조제1항
￭ 구조 또는 기능을 검사 대체 또는 변형할 목적으로 사용하는 제품
·
관련 정의
구조 뼈, 내장기관, 근육, 피부 등 신체의 모든 부분 및 구성 요소를 통칭
기능 뼈, 내장기관, 중추신경계, 근육, 피부 등 신체의 모든 부분 및 구성 요소의 역할 및 작용
의사가 직접하는 문진, 시진, 촉진, 타진, 촉진이외에 병을 진단하기 위해 기기 및
검사
기계 등으로 환자를 전체적 혹은 부분적으로 조사하는 것
대체 신체의 구조 또는 기능을 본래의 상태로 회복시키는 것이 어려운 경우에
효과가 비슷한 다른 것으로 대신하는 것
변형 신체의 외형 및 내부적으로 모양이나 형태, 기능이 이전 것에 비해 달라지는 것
￭ 임신을 조절할 목적으로 사용하는 제품",10,11,1185,true,false,true,false,false,false,false,,active,https://www.mfds.go.kr/brd/m_210/view.do?Data_stts_gubun=C1004&company_cd=&company_nm=&itm_seq_1=0&itm_seq_2=0&multi_itm_seq=0&page=4&seq=15229&srchFr=&srchTo=&srchTp=0&srchWord=,data/rag/source_documents/의료기기와+개인용+건강관리(웰니스)제품+판단기준(지침).pdf
kr-mfds-wellness-0091-03-20260212__II_2,kr-mfds-wellness-0091-03-20260212,8,II.2,체외진단의료기기,GUIDE_SECTION,"2. 체외진단의료기기
○ 체외진단의료기기 란 사람이나 동물로부터 유래하는 검체를 체외에서
“ ”
검사하기 위하여 단독 또는 조합하여 사용되는 시약, 대조ㆍ보정 물질,
기구ㆍ기계ㆍ장치, 소프트웨어 등 「의료기기법」제2조제1항에 따른
의료기기로서 다음 각 목의 어느 하나에 해당하는 제품을 말한다.
￭ 생리학적 또는 병리학적 상태를 진단할 목적으로 사용되는 제품
￭ 질병의 소인(素因)을 판단하거나 질병의 예후를 관찰하기 위한 목적으로 사용되는 제품
￭ 선천적인 장애에 대한 정보 제공을 목적으로 사용되는 제품
￭ 혈액, 조직 등을 다른 사람에게 수혈하거나 이식하고자 할 때 안전성 및 적
합성 판단에 필요한 정보 제공을 목적으로 사용되는 제품
￭ 치료 반응 및 치료 결과를 예측하기 위한 목적으로 사용되는 제품
￭ 치료 방법을 결정하거나 치료 효과 또는 부작용을 모니터링하기 위한
목적으로 사용되는 제품",11,11,448,true,false,true,false,false,false,false,,active,https://www.mfds.go.kr/brd/m_210/view.do?Data_stts_gubun=C1004&company_cd=&company_nm=&itm_seq_1=0&itm_seq_2=0&multi_itm_seq=0&page=4&seq=15229&srchFr=&srchTo=&srchTp=0&srchWord=,data/rag/source_documents/의료기기와+개인용+건강관리(웰니스)제품+판단기준(지침).pdf
kr-mfds-wellness-0091-03-20260212__II_3,kr-mfds-wellness-0091-03-20260212,9,II.3,디지털의료기기,GUIDE_SECTION,"3. 디지털의료기기
○ 디지털의료기기 란 지능정보기술 로봇기술 정보통신기술 등
“ ” , ,
총리령으로 정하는 첨단 기술(이하 “디지털기술”이라 한다)이 적
용된 「의료기기법」 제2조제1항에 따른 의료기기(「체외진단의료
기기법」 제2조제1호에 따른 체외진단의료기기를 포함한다) 또는
이와 디지털의료ㆍ건강지원기기가 조합된 제품으로서 다음 각 목의
어느 하나에 해당하는 제품을 말한다.
￭ 질병의 진단ㆍ치료 또는 예후를 관찰하기 위한 목적으로 사용되는 제품
￭ 질병의 치료 반응 및 치료 결과를 예측하기 위한 목적으로 사용되는 제품
￭ 질병의 치료 효과 또는 부작용을 모니터링하기 위한 목적으로 사용되는 제품
￭ 그 밖에 재활을 보조하는 목적으로 사용되는 제품으로서 식품의약품안전처
장이 지정하는 제품",12,12,390,true,false,true,false,false,false,false,,active,https://www.mfds.go.kr/brd/m_210/view.do?Data_stts_gubun=C1004&company_cd=&company_nm=&itm_seq_1=0&itm_seq_2=0&multi_itm_seq=0&page=4&seq=15229&srchFr=&srchTo=&srchTp=0&srchWord=,data/rag/source_documents/의료기기와+개인용+건강관리(웰니스)제품+판단기준(지침).pdf
kr-mfds-wellness-0091-03-20260212__II_4,kr-mfds-wellness-0091-03-20260212,10,II.4,디지털의료․건강지원기기,GUIDE_SECTION,"4. 디지털의료․건강지원기기
○ 디지털의료ㆍ건강지원기기 란 디지털의료기기에 해당하지 아니하나
“ ”
의료의 지원 또는 건강의 유지ㆍ향상을 목적으로 생체신호를 모니
터링ㆍ측정ㆍ수집 및 분석하거나, 생활습관을 기록ㆍ분석하여 식이
ㆍ운동 등 건강관리 정보를 제공하는 목적으로 사용되는 디지털
기술이 적용된 기구ㆍ기계ㆍ장치ㆍ소프트웨어 또는 이와 유사한
제품으로서 식품의약품안전처장이 지정하는 제품을 말한다.",12,12,223,true,false,true,false,false,false,false,,active,https://www.mfds.go.kr/brd/m_210/view.do?Data_stts_gubun=C1004&company_cd=&company_nm=&itm_seq_1=0&itm_seq_2=0&multi_itm_seq=0&page=4&seq=15229&srchFr=&srchTo=&srchTp=0&srchWord=,data/rag/source_documents/의료기기와+개인용+건강관리(웰니스)제품+판단기준(지침).pdf
kr-mfds-wellness-0091-03-20260212__II_5,kr-mfds-wellness-0091-03-20260212,11,II.5,개인용 건강관리제품,GUIDE_SECTION,"5. 개인용 건강관리제품
 일반적인 건강 상태 또는 건강한 활동의 유지·향상을 목적(일상적
건강관리용)으로 사용되거나 건강한 생활 방식의 역할과 위험 또는
영향을 줄이는데 도움이 되는 용도(만성질환자 자가관리용)로 사용
되는 것으로 사용자의 안전에 미치는 위해도가 낮은 개인용 건강
관리제품은 원칙적으로 의료기기(체외진단의료기기 및 디지털의료기기
포함)로 보지 않는다.
 디지털의료제품법 제2조에 따라 식약처장이 지정하는 디지털의료․
건강지원기기에 해당하는 경우에는 디지털의료제품법을 적용한다.
가 일상적 건강관리용
○ 일상적 건강관리용”은 일상생활을 하면서 개인의 건강 상태 또는 건
“
강한 활동을 유지하거나 건강을 향상시키는 것과 관련 있는 경우
이다. 즉, 어떤 질병이나 상태를 언급하지 않고 일반적인 건강상태와
관련된 기능 및 상태의 유지·향상을 목적으로 하는 것을 말한다.
○ 일상적 건강관리용 제품”은 생체 현상 측정 분석용 신체 기능
“ ‘ ․ ’, ‘
향상용’, ‘일상 건강관리 의료 정보 제공용’ 및 ‘운동․레저용’이다.
○ 참고로 체지방 심박수 맥박수 호흡량 또는 산소포화도 등의 신체
, , ( ),
기능을 측정하여 일상적 건강관리에 사용하는 제품은 이에 해당하나
해당 신체 기능을 측정하여 질병의 진단이나 치료 시점 확인 등
의료적으로 사용하는 제품은 제외된다.
○ 또한 일상적 건강관리를 목적으로 비침습적 광학 센싱 사용 센싱을
, ( )
사용하여 혈압․혈당을 측정한 후 그 값을 수치화하지 않고, 그래프나
색깔 등을 통해 변화 추이를 관찰할 수 있는 제품으로 다음 조건을
충족하는 경우에 “일상적 건강관리용 제품”에 해당한다.
￭ 비침습적이며 이식하지 않음
￭ 질병의 진단, 치료, 경감, 처치 또는 예방 등의 목적으로 하지 않음
￭ 식약처에서 허가 또는 인증을 받거나 신고한 의료기기를 대체하기 위한 것은 아님
￭ 특정 임상 조치 또는 의료적 관리를 유도하거나 안내하는 내용 미포함
- 아울러, 혈압값, 혈당값을 측정하여 수치화하거나 질병 또는 상태의
선별, 진단 등을 포함한 의학적 또는 임상적 목적으로 하는 제품은
제외된다.
일상적 건강관리용 제품
￭ (사용목적) ‧개인의 건강상태‧건강활동 유지․향상을 위한 목적으로 사용
1)
￭ (사용용도) 생체 현상 측정‧분석용, 2)신체 기능 향상용,
3)
일상 건강관리 의료정보 제공용, 4)운동‧레저용
￭ (주요기능) ‧체지방, 심박수, 맥박수, 호흡량, 산소포화도
‧비침습적 및 비이식형 방법으로 측정한 혈압․혈당값을 수치화하지
않고 그래프나 색깔 등을 통해 경향을 파악하는 제품
￭ (제외대상) ‧의료적 사용 제품 제외
* 질병의 진단, 치료, 경감, 처치 또는 예방 등을 위한 목적으로 체온,
혈당, 혈압값을 측정하는 제품
나 만성질환자 자가관리용
○ “만성질환자 자가관리용”은
- 건강한 생활 방식의 일부로 특정 만성 질환이나 상태의 위험을 줄이는
데 도움이 될 수 있는 선택을 촉진, 추적 및 장려하기 위한 목적
- 선택을 촉진, 추적 및 장려하기 위한 목적은 다음의 일부로서 건강한 생활
방식은 특정 만성 질환이나 상태를 겪으면서도 잘 사는데 도움이 될 목적
￭ 건강한 생활방식·습관을 유도하여 만성질환 또는 상태의 위험이나 영향을
줄이거나 유지에 도움
￭ 사용목적에 건강한 생활방식·습관의 선택으로 건강관리에 도움
￭ ‘건강한 생활방식·습관의 선택’이 건강 결과에 중요한 역할을 한다는 것이
전문가의 과학적 보고서·논문 등을 통해 일반적․객관적으로 인정된 사실
ex) 당뇨병 환자에게 체중감량 및 염분섭취와 같은 식이활동 조절 등이 도
움이 된다는 사실은 일반적으로 잘 알려진 사실
￭ 건강한 생활방식·습관의 선택을 통해 위험을 완화·유지하는 것으로 알려진
만성질환으로는 심장질환, 고혈압, 저혈압, 2형 당뇨 등이 있다.
○ “만성질환자 자가관리용 제품”은 만성질환 현상 관리용 및 만성
‘ ’ ‘
질환 의료정보 제공용’이다.
만성질환자 자가관리용 제품
￭ (사용목적) ‧특정 만성질환이나 상태의 위험을 줄이는데 도움을 주기 위해 사용
1)
￭ (사용용도) 만성질환 현상 관리용, 2)만성질환 의료정보 제공용
￭ (제공내용) ‧만성질환자(심장질환, 고혈압, 당뇨 등) 건강한 생활방식․습관 유도
￭ (제외대상) ‧의료적 사용 제품 제외
* 질병의 진단, 치료, 경감, 처치 또는 예방 등을 위한 목적으로 체온,
혈당, 혈압값을 측정하는 제품",13,16,2147,true,false,true,false,false,false,false,,active,https://www.mfds.go.kr/brd/m_210/view.do?Data_stts_gubun=C1004&company_cd=&company_nm=&itm_seq_1=0&itm_seq_2=0&multi_itm_seq=0&page=4&seq=15229&srchFr=&srchTo=&srchTp=0&srchWord=,data/rag/source_documents/의료기기와+개인용+건강관리(웰니스)제품+판단기준(지침).pdf
kr-mfds-wellness-0091-03-20260212__III,kr-mfds-wellness-0091-03-20260212,12,III,판단기준,GUIDE_SECTION,Ⅲ 판단기준,17,17,6,true,false,true,false,false,false,false,,active,https://www.mfds.go.kr/brd/m_210/view.do?Data_stts_gubun=C1004&company_cd=&company_nm=&itm_seq_1=0&itm_seq_2=0&multi_itm_seq=0&page=4&seq=15229&srchFr=&srchTo=&srchTp=0&srchWord=,data/rag/source_documents/의료기기와+개인용+건강관리(웰니스)제품+판단기준(지침).pdf
kr-mfds-wellness-0091-03-20260212__III_1,kr-mfds-wellness-0091-03-20260212,13,III.1,일반원칙,GUIDE_SECTION,"1. 일반원칙
○ 의료기기와 개인용 건강관리제품은 사용목적’과 위해도’에 따라 판단한다
‘ ‘ .
○ 사용목적이 의료용 인 경우에는 의료기기로 판단하고 비의료용 인
‘ ’ , ‘ ’
경우에는 의료기기로 판단하지 않는다.
부수적으로, 당해 제품이 위해도가 높은 경우에는 의료기기로 판단한다.",17,17,161,true,false,true,false,false,false,false,,active,https://www.mfds.go.kr/brd/m_210/view.do?Data_stts_gubun=C1004&company_cd=&company_nm=&itm_seq_1=0&itm_seq_2=0&multi_itm_seq=0&page=4&seq=15229&srchFr=&srchTo=&srchTp=0&srchWord=,data/rag/source_documents/의료기기와+개인용+건강관리(웰니스)제품+판단기준(지침).pdf
kr-mfds-wellness-0091-03-20260212__III_2,kr-mfds-wellness-0091-03-20260212,14,III.2,사용목적의 구체적 판단기준,GUIDE_SECTION,"2. 사용목적의 구체적 판단기준
○ 사용목적은 제조자 등에 의해 제공된 규격 (specification), 설명서
(instruction), 정보(information) 등에 표현된 제품의 사용방법 등에
관한 제조자의 객관적인 의도로 판단한다.
○ 사용목적은 표시 광고 구두 또는 서면으로 주로 표현되며 제품의
· , ,
구조와 형태, 그에 표시된 사용목적과 효과, 판매할 때의 선전 또는
설명 등을 종합적으로 고려하여 판단한다.",17,17,240,true,false,true,false,false,false,false,,active,https://www.mfds.go.kr/brd/m_210/view.do?Data_stts_gubun=C1004&company_cd=&company_nm=&itm_seq_1=0&itm_seq_2=0&multi_itm_seq=0&page=4&seq=15229&srchFr=&srchTo=&srchTp=0&srchWord=,data/rag/source_documents/의료기기와+개인용+건강관리(웰니스)제품+판단기준(지침).pdf
kr-mfds-wellness-0091-03-20260212__III_2_가,kr-mfds-wellness-0091-03-20260212,15,III.2.가,위해도 판단 요소,GUIDE_SECTION,"가 위해도 판단 요소
○ 생체적합성 문제를 야기하는지 여부
○ 침습적인지 여부
○ 사용 의도대로 작동되지 않을 경우 사용자에게 상해 질병이 ,
발생하는지 여부
○ 심정지 사망 등 위급한 상황을 탐지하는지 여부
,
○ 기기의 기능이나 특성을 통제 변경하는지 여부
,",18,18,147,true,false,true,false,false,false,false,,active,https://www.mfds.go.kr/brd/m_210/view.do?Data_stts_gubun=C1004&company_cd=&company_nm=&itm_seq_1=0&itm_seq_2=0&multi_itm_seq=0&page=4&seq=15229&srchFr=&srchTo=&srchTp=0&srchWord=,data/rag/source_documents/의료기기와+개인용+건강관리(웰니스)제품+판단기준(지침).pdf
kr-mfds-wellness-0091-03-20260212__III_2_나,kr-mfds-wellness-0091-03-20260212,16,III.2.나,고위해도,GUIDE_SECTION,"나 고위해도
○ 당해 제품이 생체적합성 문제를 발생시킬 우려가 있는 경우 침습적인
,
경우, 이식되는 경우, 사용자의 의도대로 작동이 되지 않을 때 사용자의
상해, 질병이 발생할 우려가 있는 경우, 위급한 상황을 탐지하는
제품의 경우 및 기기의 기능이나 특성을 통제·변경하는 경우에는
고위해도에 해당하므로 개인용 건강관리제품이 아닌 것으로 본다.
○ 따라서 인체에 위해 영향을 줄 수 있는 에너지를 가하는 제품이나
인체에 침습하는 제품 등은 사용자의 안전에 위해를 끼칠 수 있으
므로 고위해도로 본다.
고위해도 제품의 예시
￭ 생체적합성 문제 야기
‧‧∙ 웨어러블 장치에 쓰인 특수 소재가 피부병 등 문제를 발생할 우려가 있는 경우
￭ 침습 여부
‧∙ 생체신호를 수집하기 위해 장시간 안구 등과 접촉하는 제품
∙ 체내에 삽입하여 생체현상을 측정하는 장치
∙ 특정 생체신호 파악을 위해 피부를 침투하여 혈액을 채취하는 제품
￭ 의도 외 작동 시 상해, 질병 유발
∙ 장치의 전기적 특성으로 이상 징후 우려가 있는 제품
∙ 수면 시 무호흡 등의 측정 기능이 있는 수면 평가 장치
￭ 기기의 기능‧특성 통제
∙ 의료기기를 통제·제어하는 기능을 수행할 수 있는 제품",18,19,592,true,false,true,false,false,false,false,,active,https://www.mfds.go.kr/brd/m_210/view.do?Data_stts_gubun=C1004&company_cd=&company_nm=&itm_seq_1=0&itm_seq_2=0&multi_itm_seq=0&page=4&seq=15229&srchFr=&srchTo=&srchTp=0&srchWord=,data/rag/source_documents/의료기기와+개인용+건강관리(웰니스)제품+판단기준(지침).pdf
kr-mfds-wellness-0091-03-20260212__III_2_다,kr-mfds-wellness-0091-03-20260212,17,III.2.다,저위해도,GUIDE_SECTION,"다 저위해도
○ 당해 제품이 고위해도에 해당하지 않는 경우 즉 사용자의 안전에 ,
미치는 위해의 정도가 낮은 경우를 저위해도로 본다.
저위해도 제품의 예시
￭ 운동 또는 등산 중 사용자의 심박수를 모니터하는 휴대용 제품
☞ 사용목적이 어떠한 질병 치료 등 언급없이 운동 또는 등산에만 관련이
있고 모니터링 기술이 사용자의 안전에 미치는 위해도가 낮다.
￭ 식사 소비량을 모니터 및 기록하고 체중 관리를 위한 식이 활동을 관리하
고 과식을 하는 사용자에게 경고를 보내는 제품
☞ 사용목적이 식이활동 관리 및 체중 관리와 관련이 있고, 식사 소비량 모니
터링 또는 기록을 위한 기술이 사용자의 안전에 미치는 위해도는 낮다.
￭ 고혈압 만성질환 환자의 체중, 영양 섭취, 운동 습관 등을 관리하는 제품
(단, 고혈압 만성질환 환자의 체중, 영양 섭취, 운동 습관 등의 기록 관리를 통해
피드백을 제공함으로써 고혈압 환자의 혈압을 정상으로 유지 관리하는 목적은 제외)
☞ 사용목적이 체중 관리 및 영양섭취 등과 관련이 있고, 이를 기록하는
기술이 사용자의 안전에 미치는 위해도는 낮다.",19,19,547,true,false,true,false,false,false,false,,active,https://www.mfds.go.kr/brd/m_210/view.do?Data_stts_gubun=C1004&company_cd=&company_nm=&itm_seq_1=0&itm_seq_2=0&multi_itm_seq=0&page=4&seq=15229&srchFr=&srchTo=&srchTp=0&srchWord=,data/rag/source_documents/의료기기와+개인용+건강관리(웰니스)제품+판단기준(지침).pdf
kr-mfds-wellness-0091-03-20260212__III_3,kr-mfds-wellness-0091-03-20260212,18,III.3,의사결정 흐름도,GUIDE_SECTION,3. 의사결정 흐름도,20,20,11,true,false,true,false,false,false,false,,active,https://www.mfds.go.kr/brd/m_210/view.do?Data_stts_gubun=C1004&company_cd=&company_nm=&itm_seq_1=0&itm_seq_2=0&multi_itm_seq=0&page=4&seq=15229&srchFr=&srchTo=&srchTp=0&srchWord=,data/rag/source_documents/의료기기와+개인용+건강관리(웰니스)제품+판단기준(지침).pdf
kr-mfds-wellness-0091-03-20260212__III_3_가,kr-mfds-wellness-0091-03-20260212,19,III.3.가,당해 제품이 개인의 건강관리 목적만을 표방하는가?,GUIDE_SECTION,"가. 당해 제품이 개인의 건강관리 목적만을 표방하는가?
○ 제품의 사용목적과 표현이 일반적 건강 상태 체중 관리 물리적
( ,
피트니스, 휴식 또는 스트레스 관리, 정신적 예민함, 외모 등 자부심,
수면 관리)와 관련된 상태 및 기능을 유지하거나 향상하는 것인가?
예 → 다음 질문으로 가시오
아니오 → 개인용 건강관리제품이 아님
○ 제품이 질병 또는 의료적 상태와 관련한 사용 목적을 표현하는가 ?
예 → 다음 질문으로 가시오
아니오 → 나.로 가시오
○ 동 기준에서 논의된 것과 같이 건강한 생활방식의 선택이 질병의
,
위험 또는 영향을 줄이는데 도움이 된다는 사실이 잘 알려진 만성질환
또는 상태인가?
예 → 다음 질문으로 가시오
아니오 → 개인용 건강관리제품이 아님
○ 동 기준에서 논의된 것과 같이 당해 제품의 표현 문구가 만성
,
질환 또는 상태의 위험을 줄이거나 그 질병이나 상태를 가지고
잘 살 수 있도록 돕는다는 표현을 사용하는가?
예 → 나. 가시오
아니오 → 개인용 건강관리제품이 아님",20,20,506,true,false,true,false,false,false,false,,active,https://www.mfds.go.kr/brd/m_210/view.do?Data_stts_gubun=C1004&company_cd=&company_nm=&itm_seq_1=0&itm_seq_2=0&multi_itm_seq=0&page=4&seq=15229&srchFr=&srchTo=&srchTp=0&srchWord=,data/rag/source_documents/의료기기와+개인용+건강관리(웰니스)제품+판단기준(지침).pdf
kr-mfds-wellness-0091-03-20260212__III_3_나,kr-mfds-wellness-0091-03-20260212,20,III.3.나,당해 제품의 위해도가 낮은가?,GUIDE_SECTION,"나. 당해 제품의 위해도가 낮은가?
○ 생체적합성 문제가 발생할 우려가 있는가
(biocompatibility) ?
○ 침습적인가 ?
○ 사용의도대로 작동되지 않을 경우 사용자의 상해 질병이 발생하는가 , ?
○ 심정지 사망 등 위급한 상황을 탐지하는가
, ?
○ 기기의 기능이나 특성을 통제 변경하는가 · ?
예 → 개인용 건강관리제품이 아님
아니오 → 개인용 건강관리제품",21,21,209,true,false,true,false,false,false,false,,active,https://www.mfds.go.kr/brd/m_210/view.do?Data_stts_gubun=C1004&company_cd=&company_nm=&itm_seq_1=0&itm_seq_2=0&multi_itm_seq=0&page=4&seq=15229&srchFr=&srchTo=&srchTp=0&srchWord=,data/rag/source_documents/의료기기와+개인용+건강관리(웰니스)제품+판단기준(지침).pdf
kr-mfds-wellness-0091-03-20260212__IV,kr-mfds-wellness-0091-03-20260212,21,IV,개인용 건강관리제품 사례,GUIDE_SECTION,Ⅳ 개인용 건강관리제품 사례,22,22,15,true,false,true,false,false,false,false,,active,https://www.mfds.go.kr/brd/m_210/view.do?Data_stts_gubun=C1004&company_cd=&company_nm=&itm_seq_1=0&itm_seq_2=0&multi_itm_seq=0&page=4&seq=15229&srchFr=&srchTo=&srchTp=0&srchWord=,data/rag/source_documents/의료기기와+개인용+건강관리(웰니스)제품+판단기준(지침).pdf
kr-mfds-wellness-0091-03-20260212__IV_1,kr-mfds-wellness-0091-03-20260212,22,IV.1,일상적 건강관리용 제품의 예시,GUIDE_SECTION,1. 일상적 건강관리용 제품의 예시,22,22,19,true,false,true,false,false,false,false,,active,https://www.mfds.go.kr/brd/m_210/view.do?Data_stts_gubun=C1004&company_cd=&company_nm=&itm_seq_1=0&itm_seq_2=0&multi_itm_seq=0&page=4&seq=15229&srchFr=&srchTo=&srchTp=0&srchWord=,data/rag/source_documents/의료기기와+개인용+건강관리(웰니스)제품+판단기준(지침).pdf
kr-mfds-wellness-0091-03-20260212__IV_1_가,kr-mfds-wellness-0091-03-20260212,23,IV.1.가,생체현상 측정 ․ 분석용,GUIDE_SECTION,"가. 생체현상 측정 ․ 분석용
￭ 다이어트 등 건강관리에 도움을 주기 위하여 체지방을 자가 측정하는 제품
￭ 스트레스 정도를 알기 위하여 심박수 변화 등을 자가 측정하는 제품
￭ 수면관리를 위하여 수면 중 움직임 정도를 자가 측정하는 제품
￭ 개인의 건강정도를 확인하기 위하여 스마트폰 등을 이용하여 호흡량을
자가 측정하는 제품
￭ 매일 에너지 소비에 대한 자가 모니터 및 기록을 하고 심혈관 건강을 위한
유산소 운동 응용프로그램을 제공하는 제품
￭ 자가 건강관리를 위하여 여러 가지 의료기기로부터 측정된 데이터를 전송 받아
단순히 일상적 건강관리 목적으로 전송, 출력, 저장 또는 분석(의료용 목적으
로 실시되는 분석은 제외)하는 앱
￭ 휴대폰 카메라에 렌즈를 부착하여 피부를 확대해서 건조 상태를 확인하거나,
센서를 이용하여 수분정도를 자가 측정하기 위한 제품
￭ 단순히 시력을 자가 측정하기 위한 시력표를 보여주는 앱
￭ 단순히 청력을 자가 측정T하기 위한 앱
￭ 혈압․혈당값을 측정하여 수치화해서 보여주지 않고 그래프 등으로 변화
추이를 보여주는 앱",22,22,535,true,false,true,false,false,false,false,,active,https://www.mfds.go.kr/brd/m_210/view.do?Data_stts_gubun=C1004&company_cd=&company_nm=&itm_seq_1=0&itm_seq_2=0&multi_itm_seq=0&page=4&seq=15229&srchFr=&srchTo=&srchTp=0&srchWord=,data/rag/source_documents/의료기기와+개인용+건강관리(웰니스)제품+판단기준(지침).pdf
kr-mfds-wellness-0091-03-20260212__IV_1_나,kr-mfds-wellness-0091-03-20260212,24,IV.1.나,신체기능 향상용,GUIDE_SECTION,"나. 신체기능 향상용
￭ 일상생활에서 자신의 정신적 안정을 통한 스트레스를 관리하거나 집중력
향상에 도움을 주기 위한 목적으로 소리(음악 등) 등을 제공하는 제품
￭ 고령자의 낙상 위험도 측정을 통해 보행교정이 가능하도록 도와주는 제품",23,23,131,true,false,true,false,false,false,false,,active,https://www.mfds.go.kr/brd/m_210/view.do?Data_stts_gubun=C1004&company_cd=&company_nm=&itm_seq_1=0&itm_seq_2=0&multi_itm_seq=0&page=4&seq=15229&srchFr=&srchTo=&srchTp=0&srchWord=,data/rag/source_documents/의료기기와+개인용+건강관리(웰니스)제품+판단기준(지침).pdf
kr-mfds-wellness-0091-03-20260212__IV_1_다,kr-mfds-wellness-0091-03-20260212,25,IV.1.다,일상건강관리 의료정보 제공용,GUIDE_SECTION,"다. 일상건강관리 의료정보 제공용
￭ 의학도서나 의료정보 관련 자료에 접근성을 높이기 위해 일반적 의료
정보를 제공하는 앱
￭ 응급처치방법 등을 안내하는 앱
￭ 의학사전, 의학 교과서나 문헌의 전자적 사본
￭ 의학용어를 번역하는 앱
￭ 질병분류코드 제공하는 앱
￭ 해부학 그림이나 영상을 제공하는 앱 등
￭ 구강관리를 위해 구강 관련 정보를 제공하는 앱
￭ BMI(Body Mass Index) 지수를 계산하는 앱
￭ 출산 예정일을 계산하는 앱(Delivery date estimator)
￭ 월경주기를 계산하는 앱 등",23,23,290,true,false,true,false,false,false,false,,active,https://www.mfds.go.kr/brd/m_210/view.do?Data_stts_gubun=C1004&company_cd=&company_nm=&itm_seq_1=0&itm_seq_2=0&multi_itm_seq=0&page=4&seq=15229&srchFr=&srchTo=&srchTp=0&srchWord=,data/rag/source_documents/의료기기와+개인용+건강관리(웰니스)제품+판단기준(지침).pdf
kr-mfds-wellness-0091-03-20260212__IV_1_라,kr-mfds-wellness-0091-03-20260212,26,IV.1.라,운동 ․ 레저용,GUIDE_SECTION,"라. 운동 ․ 레저용
￭ 운동이나 레저 활동에 사용자의 심(맥)박수를 모니터하는 제품
￭ 운동이나 레저 활동에 사용자의 산소포화도를 모니터하는 제품",23,23,82,true,false,true,false,false,false,false,,active,https://www.mfds.go.kr/brd/m_210/view.do?Data_stts_gubun=C1004&company_cd=&company_nm=&itm_seq_1=0&itm_seq_2=0&multi_itm_seq=0&page=4&seq=15229&srchFr=&srchTo=&srchTp=0&srchWord=,data/rag/source_documents/의료기기와+개인용+건강관리(웰니스)제품+판단기준(지침).pdf
kr-mfds-wellness-0091-03-20260212__IV_2,kr-mfds-wellness-0091-03-20260212,27,IV.2,만성질환자 자가관리용 제품의 예시,GUIDE_SECTION,2. 만성질환자 자가관리용 제품의 예시,24,24,21,true,false,true,false,false,false,false,,active,https://www.mfds.go.kr/brd/m_210/view.do?Data_stts_gubun=C1004&company_cd=&company_nm=&itm_seq_1=0&itm_seq_2=0&multi_itm_seq=0&page=4&seq=15229&srchFr=&srchTo=&srchTp=0&srchWord=,data/rag/source_documents/의료기기와+개인용+건강관리(웰니스)제품+판단기준(지침).pdf
kr-mfds-wellness-0091-03-20260212__IV_2_가,kr-mfds-wellness-0091-03-20260212,28,IV.2.가,만성질환 현상 관리용,GUIDE_SECTION,"가. 만성질환 현상 관리용
※ 만성질환자를 대상으로 건강관리에 도움을 주거나 일반적인 의료정보를 제공, 표시,
저장하는 제품은 웰니스에 해당하나, 환자의 생체 측정 데이터 분석을 통해 치료법을
피드백(예:‘고혈압 환자로부터 측정한 혈압 수치를 분석하여 항고혈압 약물 조절을
통해 정상 혈압 유지 관리’ 등)을 제공하는 제품은 웰니스에서 제외한다.
￭ 일상생활에서 만성질환을 예방하거나 관리에 도움을 주기 위한 앱
￭ 자가 건강관리 목적으로 생체정보를 측정하고 그 정보를 이용하여 운동이
나 식생활에 필요한 정보 등을 제공하는 앱
￭ 고혈압(저혈압) 환자가 혈압계로부터 측정된 혈압값을 개인 스마트폰으로
전송받아 혈압값 등을 저장하는 앱
￭ 고지혈증 환자가 개인용 콜레스테롤 측정기로부터 측정된 콜레스테롤 값
을 개인 스마트폰으로 전송받아 콜레스테롤 값 변화 등을 저장하는 앱
￭ 식단·체중을 모니터 및 기록하여 건강한 체중과 식이계획을 관리하여
혈압을 유지하는데 도움을 주는 제품",24,24,492,true,false,true,false,false,false,false,,active,https://www.mfds.go.kr/brd/m_210/view.do?Data_stts_gubun=C1004&company_cd=&company_nm=&itm_seq_1=0&itm_seq_2=0&multi_itm_seq=0&page=4&seq=15229&srchFr=&srchTo=&srchTp=0&srchWord=,data/rag/source_documents/의료기기와+개인용+건강관리(웰니스)제품+판단기준(지침).pdf
kr-mfds-wellness-0091-03-20260212__IV_2_나,kr-mfds-wellness-0091-03-20260212,29,IV.2.나,만성질환 의료정보 제공용,GUIDE_SECTION,"나. 만성질환 의료정보 제공용
￭ 환자 맞춤형 진단․치료법 제공 없이 스스로 질병이나 상태를 자가 관리에
도움을 줄 수 있도록 정보를 제공하는 앱
￭ 고혈압, 비만, 당뇨 환자들의 영양섭취, 체중조절, 운동량 등을 안내하는 앱
￭ 만성질환 관리에 대한 질문․답 등을 퀴즈 형식으로 제공하는 앱",24,24,163,true,false,true,false,false,false,false,,active,https://www.mfds.go.kr/brd/m_210/view.do?Data_stts_gubun=C1004&company_cd=&company_nm=&itm_seq_1=0&itm_seq_2=0&multi_itm_seq=0&page=4&seq=15229&srchFr=&srchTo=&srchTp=0&srchWord=,data/rag/source_documents/의료기기와+개인용+건강관리(웰니스)제품+판단기준(지침).pdf
kr-mfds-wellness-0091-03-20260212__IV_3,kr-mfds-wellness-0091-03-20260212,30,IV.3,개인용 건강관리제품과 의료기기 판단 사례,GUIDE_SECTION,"3. 개인용 건강관리제품과 의료기기 판단 사례
개인용 건강관리제품 경우 의료기기인 경우
◎ 생체현상 측정․분석용
￭ 질병의 진단·치료 등 의료목적이 아닌 ￭ 고혈압 진단·치료 등을 위해 피부에 빛을
일상생활에서 건강관리를 위해 쏘아 반사 투과된 빛의 변화를 감지하여
빛을 이용하여 혈압을 측정하여 혈류량의 변화에 따라 혈압값을 측정
수치화하지 않고, 그래프나 색깔 하는 제품
등으로 개인의 스트레스 정도를
표시하는 제품
￭ 질병의 진단·치료 등 의료목적이 아닌 ￭ 질병 진단·치료 등을 위해 개인의
개인의 검역 등을 목적으로 불특정 체온을 측정하고 측정된 수치를 직접
다수의 열을 감지하는 제품 표시하는 제품
￭ 질병 진단·치료 등 의료목적이 아닌 ￭ 당뇨병 환자의 혈당을 스마트폰 등을
측정된 혈당값을 수치화하지 않고, 통해 주기적으로 측정하여 수치값을
그래프나 색깔 등으로 변화 추이를 보여주고, 측정값을 기록하여 데이터를
나타내거나 경향을 분석하여 영양섭취 전송하거나 위험수치에 대한 알람
및 체중조절을 위한 식이요법, 운동 기능이 있는 어플리케이션
방법 등을 제공하는 어플리케이션
◎ 신체기능 향상용
￭ 질병 진단·치료 등 의료목적이 아닌 ￭ 불면증 환자를 대상으로 인지치료를
스트레스 해소를 목적으로, 학계 등 목적으로 제조되는 소프트웨어로, 환자
에서 널리 사용되고 있는 지필 맞춤형 교육 프로그램과 실시간으로
검사법의 자가진단 설문지를 제공 행동 중재 메시지 피드백 등을 제공하는
하여 개인의 감정 상태를 검사‧기록 소프트웨어
하고 스트레스 해소를 위해 개인별
콘텐츠(음악, 명상, 에세이, 식단,
수면 등)를 제공하는 소프트웨어
개인용 건강관리제품 경우 의료기기인 경우
￭ 질병 진단·치료 등 의료목적이 아닌, ￭ 비만 치료 또는 식욕 부진과 같은 섭식
개인의 체중 관리를 위해 식사 장애 환자를 치료하기 위해 식사
소비량을 모니터 및 기록하고 식이 소비량을 모니터 및 기록한 결과를
활동을 관리하는 소프트웨어 근거로 환자에게 맞춤형 콘텐츠(영양소,
식단 등) 등을 제공하는 소프트웨어
◎ 일상건강관리 의료정보 제공
￭ 질병 진단·치료 등 의료목적이 아닌, ￭ '치매 등의 인지기능 장애가 있는 환자
개인(노인)의 건강증진을 위한 등을 대상으로 인지기능 등을 평가·
목적으로, 카메라로 입력된 동작, 분석하고 환자의 상태(인지수준 등)에
음성 등에 대한 모니터링을 통해 신 따른 맞춤형 콘텐츠 제공(피드백)을
체(운동) 훈련 콘텐츠와 통상적인 건 통해 인지 능력 개선 및 치료에 사용
강 관련 정보를 제공하는 제품 하는 소프트웨어
￭ 질병의 진단·치료 등 의료목적이 아닌, ￭ 촬영된 얼굴 영상을 AI 기술을 활용‧
촬영된 얼굴 영상을 AI 기술을 활용 분석하여 피부 질환의 유·무 및 정도
‧분석하여 피부 상태(건성, 지성 등을 표시하고, 필요한 치료방법 등을
등)를 측정하고 피부 관리방법 및 제공하는 소프트웨어
화장품 추천 등을 제공하는 소프트웨어
￭ 질병 진단·치료 등 의료목적이 아닌, ￭ 구강 카메라 등으로 촬영된 영상을
치면 세균막 착색 구강사진을 활용하여 분석하여 치석, 치아우식, 치주질환
개인의 양치 상태를 모니터링하고 등이 있는 부위를 검출하여 표시해
올바른 양치 습관 형성 등을 위해 구강 주는 소프트웨어
보건 교육 프로그램을 제공하는 소프트웨어
￭ 질병 진단·치료 등 의료목적이 아닌, ￭ 공황장애 환자의 증상 개선을 목적으로
공황장애 환자를 대상으로 위급 환자 맞춤형 치료 콘텐츠(난이도 조정)
상황을 대비하여 호흡방법 등을 등이 있는 소프트웨어
교육하거나 훈련에 도움을 주거나
일반적인 의료정보를 제공, 표시,
저장하는 제품소프트웨어
개인용 건강관리제품 경우 의료기기인 경우
￭ 질병 진단·치료 등 의료목적이 아닌, ￭ 근골격계 장애, 기능 저하 환자의 재활
개인의 건강검진데이터(키, 몸무게, 운동 수행으로 측정된 운동 능력 평가를
허리둘레, 혈압 등)를 기반으로 관련 바탕으로 처방된 재활 운동 콘텐츠를
학계 등에서 널리 사용되고 있는 제공하고 재활운동 수행 뒤 운동 능력
진단 기준에 대입하여 운동 추천, 평가를 바탕으로 운동의 난이도를 조절
식단배송 서비스를 제공하기 위한 하는 콘텐츠를 제공하는 소프트웨어
소프트웨어
◎ 운동․레저용
￭ 질병 진단·치료 등 의료목적이 아닌, ￭ 환자의 진단·치료를 목적으로 심(맥)박수를
개인의 운동 등 레저 활동 과정에서 측정하는 제품
심(맥)박수를 모니터링하는 제품
◎ 만성질환 현상관리용
￭ 질병 진단·치료 등 의료목적이 아닌, ￭ 인공지능 음성인식 기반의 대화형 앱을
고령자의 일상적 건강과 감정 상태를 통해 환자(고령자 등)의 건강과 감정
관리하기 위하여 고령자의 감정 및 상태를 기록한 데이터를 진료 등에 사용
건강상태를 기록‧관리하는 인공지능 하기 위해 의료기관(의료진)에 저장·전송
(AI) 음성인식 기반 대화형 앱 하거나 분석하는 소프트웨어
◎ 만성질환 의료정보 제공용
￭ 질병 진단·치료 등 의료목적이 아닌, ￭ 고혈압 환자의 호흡패턴을 모니터링
고혈압 만성질환자의 체중, 영양 하고 혈압조절을 위한 호흡 훈련 프로
섭취, 운동 습관 등의 기록 관리를 그램을 제공하는 소프트웨어
통해 일상적 건강관리를 위해 필요한
식단, 운동 등의 생활 패턴을 추천
하고 건강관리 필요성 등 동기부여 제공",25,27,2569,true,false,true,false,false,false,false,,active,https://www.mfds.go.kr/brd/m_210/view.do?Data_stts_gubun=C1004&company_cd=&company_nm=&itm_seq_1=0&itm_seq_2=0&multi_itm_seq=0&page=4&seq=15229&srchFr=&srchTo=&srchTp=0&srchWord=,data/rag/source_documents/의료기기와+개인용+건강관리(웰니스)제품+판단기준(지침).pdf
kr-medical-act-20260407__제2조,kr-medical-act-20260407,1,제2조,제2조(의료인),LAW_ARTICLE,"제2조(의료인) ①이 법에서 “의료인”이란 보건복지부장관의 면허를 받은 의사ㆍ치과의사ㆍ한의사ㆍ조산사 및 「간호법
」에 따른 간호사(이하 “간호사”라 한다)를 말한다. <개정 2008. 2. 29., 2010. 1. 18., 2024. 9. 20.>
②의료인은 종별에 따라 다음 각 호의 임무를 수행하여 국민보건 향상을 이루고 국민의 건강한 생활 확보에 이바지
할 사명을 가진다.<개정 2015. 12. 29., 2019. 4. 23., 2024. 9. 20.>
1. 의사는 의료와 보건지도를 임무로 한다.
2. 치과의사는 치과 의료와 구강 보건지도를 임무로 한다.
3. 한의사는 한방 의료와 한방 보건지도를 임무로 한다.
4. 조산사는 조산(助産)과 임산부 및 신생아에 대한 보건과 양호지도를 임무로 한다.
5. 간호사는 「간호법」 제12조의 업무를 임무로 한다.
가. 삭제<2024. 9. 20.>
나. 삭제<2024. 9. 20.>
다. 삭제<2024. 9. 20.>
라. 삭제<2024. 9. 20.>",1,1,507,true,false,false,false,false,false,false,,active,https://www.law.go.kr/LSW/lsLawLinkInfo.do?chrClsCd=010202&lsId=001788&lsJoLnkSeq=1000180469&print=print,data/rag/source_documents/의료법(법률)(제21524호)(20260407).pdf
kr-medical-act-20260407__제27조,kr-medical-act-20260407,2,제27조,제27조(무면허 의료행위 등 금지),LAW_ARTICLE,"제27조(무면허 의료행위 등 금지) ①의료인이 아니면 누구든지 의료행위를 할 수 없으며 의료인도 면허된 것 이외의 의
료행위를 할 수 없다. 다만, 다음 각 호의 어느 하나에 해당하는 자는 보건복지부령으로 정하는 범위에서 의료행위를
할 수 있다. <개정 2008. 2. 29., 2009. 1. 30., 2010. 1. 18.>
1. 외국의 의료인 면허를 가진 자로서 일정 기간 국내에 체류하는 자
2. 의과대학, 치과대학, 한의과대학, 의학전문대학원, 치의학전문대학원, 한의학전문대학원, 종합병원 또는 외국 의
료원조기관의 의료봉사 또는 연구 및 시범사업을 위하여 의료행위를 하는 자
3. 의학ㆍ치과의학ㆍ한방의학 또는 간호학을 전공하는 학교의 학생
②의료인이 아니면 의사ㆍ치과의사ㆍ한의사ㆍ조산사 또는 간호사 명칭이나 이와 비슷한 명칭을 사용하지 못한다.
③누구든지 「국민건강보험법」이나 「의료급여법」에 따른 본인부담금을 면제하거나 할인하는 행위, 금품 등을 제공
하거나 불특정 다수인에게 교통편의를 제공하는 행위 등 영리를 목적으로 환자를 의료기관이나 의료인에게 소개ㆍ
알선ㆍ유인하는 행위 및 이를 사주하는 행위를 하여서는 아니 된다. 다만, 다음 각 호의 어느 하나에 해당하는 행위
는 할 수 있다.<개정 2009. 1. 30., 2010. 1. 18., 2011. 12. 31.>
1. 환자의 경제적 사정 등을 이유로 개별적으로 관할 시장ㆍ군수ㆍ구청장의 사전승인을 받아 환자를 유치하는 행위
2. 「국민건강보험법」 제109조에 따른 가입자나 피부양자가 아닌 외국인(보건복지부령으로 정하는 바에 따라 국내
에 거주하는 외국인은 제외한다)환자를 유치하기 위한 행위
④ 제3항제2호에도 불구하고 「보험업법」 제2조에 따른 보험회사, 상호회사, 보험설계사, 보험대리점 또는 보험중개
사는 외국인환자를 유치하기 위한 행위를 하여서는 아니 된다.<신설 2009. 1. 30.>
⑤ 누구든지 의료인이 아닌 자에게 의료행위를 하게 하거나 의료인에게 면허 사항 외의 의료행위를 하게 하여서는
아니 된다.<신설 2019. 4. 23., 2020. 12. 29.>",13,14,1035,true,false,false,false,false,false,false,,active,https://www.law.go.kr/LSW/lsLawLinkInfo.do?chrClsCd=010202&lsId=001788&lsJoLnkSeq=1000180469&print=print,data/rag/source_documents/의료법(법률)(제21524호)(20260407).pdf
kr-medical-act-20260407__제56조,kr-medical-act-20260407,3,제56조,제56조(의료광고의 금지 등),LAW_ARTICLE,"제56조(의료광고의 금지 등) ①의료기관 개설자, 의료기관의 장 또는 의료인(이하 “의료인등”이라 한다)이 아닌 자는 의
료에 관한 광고(의료인등이 신문ㆍ잡지ㆍ음성ㆍ음향ㆍ영상ㆍ인터넷ㆍ인쇄물ㆍ간판, 그 밖의 방법에 의하여 의료행
위, 의료기관 및 의료인등에 대한 정보를 소비자에게 나타내거나 알리는 행위를 말한다. 이하 “의료광고”라 한다)를
하지 못한다. <개정 2018. 3. 27.>
②의료인등은 다음 각 호의 어느 하나에 해당하는 의료광고를 하지 못한다.<개정 2009. 1. 30., 2016. 5. 29., 2018.
3. 27.>
1. 제53조에 따른 평가를 받지 아니한 신의료기술에 관한 광고
2. 환자에 관한 치료경험담 등 소비자로 하여금 치료 효과를 오인하게 할 우려가 있는 내용의 광고
3. 거짓된 내용을 표시하는 광고
4. 다른 의료인등의 기능 또는 진료 방법과 비교하는 내용의 광고
5. 다른 의료인등을 비방하는 내용의 광고
6. 수술 장면 등 직접적인 시술행위를 노출하는 내용의 광고
7. 의료인등의 기능, 진료 방법과 관련하여 심각한 부작용 등 중요한 정보를 누락하는 광고
8. 객관적인 사실을 과장하는 내용의 광고
9. 법적 근거가 없는 자격이나 명칭을 표방하는 내용의 광고
10. 신문, 방송, 잡지 등을 이용하여 기사(記事) 또는 전문가의 의견 형태로 표현되는 광고
11. 제57조에 따른 심의를 받지 아니하거나 심의받은 내용과 다른 내용의 광고
12. 제27조제3항에 따라 외국인환자를 유치하기 위한 국내광고
13. 소비자를 속이거나 소비자로 하여금 잘못 알게 할 우려가 있는 방법으로 제45조에 따른 비급여 진료비용을 할
인하거나 면제하는 내용의 광고
14. 각종 상장ㆍ감사장 등을 이용하는 광고 또는 인증ㆍ보증ㆍ추천을 받았다는 내용을 사용하거나 이와 유사한 내
용을 표현하는 광고. 다만, 다음 각 목의 어느 하나에 해당하는 경우는 제외한다.
가. 제58조에 따른 의료기관 인증을 표시한 광고
나. 「정부조직법」 제2조부터 제4조까지의 규정에 따른 중앙행정기관ㆍ특별지방행정기관 및 그 부속기관, 「지방
자치법」 제2조에 따른 지방자치단체 또는 「공공기관의 운영에 관한 법률」 제4조에 따른 공공기관으로부터 받
은 인증ㆍ보증을 표시한 광고
다. 다른 법령에 따라 받은 인증ㆍ보증을 표시한 광고
라. 세계보건기구와 협력을 맺은 국제평가기구로부터 받은 인증을 표시한 광고 등 대통령령으로 정하는 광고
15. 그 밖에 의료광고의 방법 또는 내용이 국민의 보건과 건전한 의료경쟁의 질서를 해치거나 소비자에게 피해를
줄 우려가 있는 것으로서 대통령령으로 정하는 내용의 광고
③의료광고는 다음 각 호의 방법으로는 하지 못한다.<개정 2018. 3. 27.>
1. 「방송법」 제2조제1호의 방송
2. 그 밖에 국민의 보건과 건전한 의료경쟁의 질서를 유지하기 위하여 제한할 필요가 있는 경우로서 대통령령으로
정하는 방법
④제2항에 따라 금지되는 의료광고의 구체적인 내용 등 의료광고에 관하여 필요한 사항은 대통령령으로 정한다.
<개정 2018. 3. 27.>
⑤ 보건복지부장관, 시장ㆍ군수ㆍ구청장은 제2항제2호부터 제5호까지 및 제7호부터 제9호까지를 위반한 의료인등
에 대하여 제63조, 제64조 및 제67조에 따른 처분을 하려는 경우에는 지체 없이 그 내용을 공정거래위원회에 통보
하여야 한다.<신설 2016. 5. 29., 2018. 3. 27.>
[2018. 3. 27. 법률 제15540호에 의하여 2015. 12. 23. 헌법재판소에서 위헌 결정된 이 조를 개정함.]",25,26,1734,true,false,false,false,false,false,false,,active,https://www.law.go.kr/LSW/lsLawLinkInfo.do?chrClsCd=010202&lsId=001788&lsJoLnkSeq=1000180469&print=print,data/rag/source_documents/의료법(법률)(제21524호)(20260407).pdf
kr-mohw-nonmedical-health-guide-202209__I,kr-mohw-nonmedical-health-guide-202209,1,I,개 요,GUIDE_SECTION,"Ⅰ 개 요
1. 목적
의료법상 ‘의료행위’의 개념이 불명확해 민간의 건강관리서비스 개발･제공에 어려움을 겪고 있는
상황에 도움을 줄 수 있도록
- 의료법상 의료행위와 그 외의 비의료기관에서 제공 가능한 행위에 대한 구분기준을 명확히
하기 위해 「비의료 건강관리서비스 가이드라인 및 사례집」(이하 ‘사례집’)을 마련
* 비의료기관이란 의료법 제3조의 의료기관에 해당하지 않고, 체육시설업, 소프트웨어개발업 등 건강
관리서비스를 제공하는 것을 업으로 하는 자를 말함
‘건강관리서비스’를 제공하려는 자는 본래 영업허가를 받은 목적에 따라 영업을 할 때 그 서비스
내용이 ‘의료행위’에 저촉되는지를 판단하기 위해 이 사례집을 참고할 수 있으며,
- 이 사례집이 본래의 영업범위 등을 확장하는 것은 아님을 유의하여야 함
* (예) 체육시설업을 제공하는 자는 체육시설업을 영위하기 위한 행위 중 의료행위와 구분이 모호한 영역을
판단함에 있어서만 이 사례집을 활용해야 하며, 건강관리서비스 제공을 이유로 식품판매 등 별도의
영업행위를 할 수 있는 것이 아님
이 사례집은 법령의 제･개정, 판례의 변경, 유권해석의 변경 등에 따라 변경될 수 있음
2
Ⅰ. 개요
2. 비의료 건강관리서비스 개념
(정의) 건강의 유지･증진과 질병의 사전예방･악화 방지를 목적으로, 위해한 생활습관을 개선하고
올바른 건강관리를 유도하기 위해
- 제공자의 판단이 개입(의료적 판단 제외)된 상담･교육･훈련･실천 프로그램 작성 및 유관 서비스를
제공하는 행위
(제공방식) 이용자와 제공자간 대면 서비스, App 등을 활용한 비대면 서비스, App의 자동화된
알고리즘에 기반한 서비스 모두 가능
대면 서비스 비대면 서비스 자동화 서비스
∙ 이용자를 대면하여 ∙ App 등 온라인 기반 서비스를 ∙ App의 자동화된 추천기능을 활용,
상담･교육 등을 제공 통해 이용자와 제공자 연결 이용자의 자가관리 중심 서비스
3",14,15,936,true,false,false,false,false,false,false,,active,https://eiec.kdi.re.kr/policy/materialView.do?num=229658,data/rag/source_documents/nonmedical_health_guide_202209.pdf
kr-mohw-nonmedical-health-guide-202209__I_1,kr-mohw-nonmedical-health-guide-202209,2,I.1,목적,GUIDE_SECTION,"Ⅰ 개 요
1. 목적
의료법상 ‘의료행위’의 개념이 불명확해 민간의 건강관리서비스 개발･제공에 어려움을 겪고 있는
상황에 도움을 줄 수 있도록
- 의료법상 의료행위와 그 외의 비의료기관에서 제공 가능한 행위에 대한 구분기준을 명확히
하기 위해 「비의료 건강관리서비스 가이드라인 및 사례집」(이하 ‘사례집’)을 마련
* 비의료기관이란 의료법 제3조의 의료기관에 해당하지 않고, 체육시설업, 소프트웨어개발업 등 건강
관리서비스를 제공하는 것을 업으로 하는 자를 말함
‘건강관리서비스’를 제공하려는 자는 본래 영업허가를 받은 목적에 따라 영업을 할 때 그 서비스
내용이 ‘의료행위’에 저촉되는지를 판단하기 위해 이 사례집을 참고할 수 있으며,
- 이 사례집이 본래의 영업범위 등을 확장하는 것은 아님을 유의하여야 함
* (예) 체육시설업을 제공하는 자는 체육시설업을 영위하기 위한 행위 중 의료행위와 구분이 모호한 영역을
판단함에 있어서만 이 사례집을 활용해야 하며, 건강관리서비스 제공을 이유로 식품판매 등 별도의
영업행위를 할 수 있는 것이 아님
이 사례집은 법령의 제･개정, 판례의 변경, 유권해석의 변경 등에 따라 변경될 수 있음
2",14,14,579,true,false,false,false,false,false,false,,active,https://eiec.kdi.re.kr/policy/materialView.do?num=229658,data/rag/source_documents/nonmedical_health_guide_202209.pdf
kr-mohw-nonmedical-health-guide-202209__I_2,kr-mohw-nonmedical-health-guide-202209,3,I.2,비의료 건강관리서비스 개념,GUIDE_SECTION,"Ⅰ. 개요
2. 비의료 건강관리서비스 개념
(정의) 건강의 유지･증진과 질병의 사전예방･악화 방지를 목적으로, 위해한 생활습관을 개선하고
올바른 건강관리를 유도하기 위해
- 제공자의 판단이 개입(의료적 판단 제외)된 상담･교육･훈련･실천 프로그램 작성 및 유관 서비스를
제공하는 행위
(제공방식) 이용자와 제공자간 대면 서비스, App 등을 활용한 비대면 서비스, App의 자동화된
알고리즘에 기반한 서비스 모두 가능
대면 서비스 비대면 서비스 자동화 서비스
∙ 이용자를 대면하여 ∙ App 등 온라인 기반 서비스를 ∙ App의 자동화된 추천기능을 활용,
상담･교육 등을 제공 통해 이용자와 제공자 연결 이용자의 자가관리 중심 서비스
3",15,15,356,true,false,false,false,false,false,false,,active,https://eiec.kdi.re.kr/policy/materialView.do?num=229658,data/rag/source_documents/nonmedical_health_guide_202209.pdf
kr-mohw-nonmedical-health-guide-202209__II,kr-mohw-nonmedical-health-guide-202209,4,II,비의료 건강관리서비스 판단 기준,GUIDE_SECTION,"Ⅱ 비의료 건강관리서비스 판단 기준
1. 비의료기관이 제공 가능한 건강관리서비스
1-1. 건강정보의 확인 및 점검
개인의 객관적 건강정보의 확인 및 점검 등은 의료행위에 해당하지 않으므로 비의료기관에서
제공 가능
행위 구분 행위 예시 제공자 제공기관
∙ 건강검진결과 단순 확인 및 개인동의에 기반한 자료수집 제한 제한
(검진결과 수치 해석 등은 불가) 없음 없음
∙ 웰니스 기기를 활용한 건강정보･지표의 측정 및 모니터링 제한 제한
건강정보의 (체성분, 심박수, 걸음수, 수면패턴, 호흡량 등) 없음 없음
확인･점검 보건인력 제한
∙ 섭취식품의 기록 및 영양소 분석･안내
권장 없음
∙ 개인용 의료기기를 활용한 건강정보･지표･수치의 측정 본인 제한
(심전도･혈압･혈당 등) (자가측정) 없음
1-2. 비의료적 상담･조언
(유형) ① 객관적 정보의 제공 및 분석, ② 건강목표 설정 및 관리, ③ 상담･교육 및 조언으로
구분
① 객관적 정보의 제공 및 분석
- 질환 등 의료관련정보에 해당하더라도 공신력 있는 기관의 공인된 기준･지침･통계 등에 해당
하는 정보(이하 ‘객관적 정보’)를 단순 안내하는 경우 이는 비의료적 상담･조언에 해당함
4
Ⅱ. 비의료 건강관리서비스 판단 기준
- 이용자의 건강정보 및 특성 등이 객관적 정보에 해당하는지 여부를 확인하거나 (예: 혈압 및
혈당의 정상범위 판단),
- 공신력 있는 기관의 기준･지침･통계 등 객관적 정보에 따라 ‘건강나이’ 등을 산출하여 주는
행위도 포함함
‘객관적 정보’란?
① 국제기구･정부･공공기관 등 공적인 영역에 있는 기관과 대한의학회, 대한당뇨병학회 등 해당 분야의
전문성을 갖춘 학회 등 공신력 있는 기관이 직접 생산한 정보
② ①의 공신력 있는 기관이 공식적으로 인증 또는 감수한 정보
③ ①, ②외에도 해당 분야 다수의 전문가가 인정할 수 있는 과학적･의학적으로 검증된 정보
※ 단, 건강관리서비스 제공시 이용자에게 정보의 출처, 근거, 감수기관을 반드시 명시하여야 함
② 건강목표 설정 및 관리
- 의학적 전문지식･판단이 필요하지 않은 일반적인 건강증진활동 및 질환의 예방･관리활동에
대한 목표설정 및 관리 등을 제공하는 것은 비의료적 상담･조언에 해당함
- 이는 걷기, 건강한 음식먹기, 주1회 이상 운동하기 등의 일상적 건강관리 활동을 이행하는지에
대해 확인하고 동기를 부여하는 것도 포함함
③ 상담･교육 및 조언
- 운동･영양･수면 등 일상적 건강증진활동을 돕기 위한 교습 및 이행 프로그램 등을 제공하는
것은 비의료적 상담･조언에 해당함
- 다만, 상담･교육･조언이 의료인의 진단･처방 등 의료적 내용을 포함하지 않아야 하며, 일부
질환군은 이에 따른 제한이 있을 수 있음
1-3. 만성질환자 대상 건강관리
의료인의 판단･지도･감독･의뢰 하에서 건강관리를 시행
- 상담･조언이 질환의 치료를 직접적 목적으로 하는 경우 의료기관에서 수행하는 것이 원칙이나,
의료기관의 진단･처방･의뢰* 범위 내에서 보조적으로 비의료기관이 서비스 제공 가능
※ 단,「의료법」 상 의료인의 자격 범위 내에서 의뢰한 내용에 한함
∙ 이는 대상자의 질환 특성을 고려하여 의료인이 의뢰한 특정 방법의 운동･영양 등의 프로그램
제공행위
5
∙ 의사와 환자 간 진료내용에 따른 처방(약 복용, 운동･식이요법 처방 등)이 존재하고, 해당
처방 내용을 잘 이행하도록 동기를 부여하는 등 처방에 따라 환자를 관리･점검하는 행위,
∙ 환자가 측정한 혈압･혈당 기록 등을 바탕으로 의료인이 설정한 목표 수준을 벗어났는지 안내
하는 행위 등을 포함함
※ 단, 서비스 제공과정에서 의료인의 의뢰 범위를 벗어나 질병의 진단, 병명･병상 등을 확인하는 등
의학적 지식에 따른 판단을 필요로 하는 새로운 상담 및 조언은 의료행위에 해당
2. 비의료기관이 제공 불가능한 서비스
① 「의료법」상 ‘의료행위’, ② 「의료법」 및 「의료기사 등에 관한 법률」에서 면허･자격을 갖추어
야만 할 수 있는 행위는 비의료기관에서 제공 불가
의사 ∙ 의료와 보건지도
치과의사 ∙ 치과 의료와 구강 보건지도
한의사 ∙ 한방 의료와 한방 보건지도
조산사 ∙ 조산과 임부･해산부･산욕부 및 신생아에 대한 보건과 양호지도
∙ 환자의 간호요구에 대한 관찰, 자료수집, 간호판단 및 요양을 위한 간호
간호사 ∙ 의사, 치과의사, 한의사의 지도하에 시행하는 진료의 보조
∙ 간호 요구자에 대한 교육･상담 및 건강증진을 위한 활동의 기획과 수행
간호조무사 ∙ 간호사의 업무에 대한 보조
∙ 각종 화학적 또는 생리학적 검사
- 기계･기구･시약 등의 보관･관리･사용에 관한 업무
임상병리사 - 가검물(可檢物) 등의 채취･검사에 관한 업무
- 혈액의 채혈･제제(製劑) 또는 검사용 시약의 조제(調劑) 등 그 밖의 임상병리
검사에 관한 업무
방사선사 ∙ 방사선 등의 취급 또는 검사 및 방사선 등 관련 기기의 취급 또는 관리
∙ 신체의 교정 및 재활을 위한 물리요법적 치료
의료기사법 물리치료사 - 신체의 교정 및 재활을 위한 물리요법적 치료와 관련된 기기･약품의 사용･관리
및 등에 관한 업무
그 시행령 ∙ 신체적･정신적 기능장애를 회복시키기 위한 작업요법적 치료
작업치료사 - 신체적･정신적 기능장애를 회복시키기 위한 작업요법적 치료와 관련된 작업수행
분석･평가 등에 관한 업무
∙ 보철물의 제작, 수리 또는 가공
치과기공사
※ 치과기공소에서의 제작･수리･가공 가능
∙ 치아 및 구강질환의 예방과 위생 관리 등
치과위생사 - 치아 및 구강질환의 예방 및 위생 관리 등을 위한 보건기관 또는 의료기관에서
구내(口內) 진단용 방사선 촬영에 관한 업무
6
Ⅱ. 비의료 건강관리서비스 판단 기준
3. 의료행위 판단 기준
3-1. 의료행위 정의
의료법 등에서 정하는 의료행위는 의학적 전문지식과 기술에 기초하여 행하는 검사･진단･처방･
처치･시술･수술･지도 등의 행위를 의미함
구체적으로는, 질환의 진단 및 직접적인 치료를 위해 행하는 활동으로써,
- 의료인이 행하지 아니하면 보건위생상 위해가 발생할 우려가 있는 행위를 의미함
(대법원 2000. 2. 25. 선고 99도4542 판결)
3-2. 의료행위 유형
행위 구분 주요 내용
∙ 의료기기･화학물질･설문 등을 활용하여 대상자의 건강상태를 점검･확인하는 행위
검사･진단
∙ 대상자의 상태를 듣고 관찰하여 병상 및 병명을 규명･판단하는 행위
∙ 질환의 치료･완화･예방 및 신체 기능 개선을 위하여 의약품 복용을 제시하는 행위
처방･처치 ∙ 질환의 치료･완화･예방 및 신체 기능 개선을 위하여 화학적･물리적인 방법을 동원하여 환자에게
일정한 조치를 하는 행위
∙ 질환의 치료･완화･예방 및 신체 기능 개선을 위하여 의료기기 등을 이용하여 환자의 신체에 일정한
시술･수술
조작을 가하는 행위
∙ 질환의 진단 후 질환의 관리를 위하여 의학적 지식에 기반하여 환자가 행해야 할 사항 등을 안내
하여주는 행위
(의료적)
∙ 질환 예방을 위한 안내 행위 중 의학적 지식에 따른 판단을 필요로 하는 행위
상담･조언
∙ 의학적 지식에 따른 판단을 기반으로 처치･시술･수술 후 부작용 발생가능성 및 관리 유의사항 등을
안내하여 주는 행위
7
3-3. 의료행위 판단 기준
의료행위 해당 여부는, ① 의학적 전문지식이 필요한 행위(행위의 근거), ② 대상자의 상태에
따른 진단･처방･처치가 수반되는 행위(행위의 양태), ③ 보건위생상 위해가 발생할 우려가 있는
행위(행위의 효과 및 부작용) 인지 여부에 따라 판단하며, 3가지 조건 중 1개라도 충족될 경우
의료행위에 해당함
대법원 판례(대법원 2018. 6. 19. 선고 2017도19422 판결)
‘의료행위’란 의학적 전문지식을 기초로 하는 경험과 기능으로 진찰, 검안, 처방, 투약 또는 외과적
시술을 시행하여 하는 질병의 예방 또는 치료행위 및 그 밖에 의료인이 행하지 아니하면 보건위생상
위해가 생길 우려가 있는 행위를 의미한다. ‘의료인이 행하지 아니하면 보건위생상 위해가 생길
우려’는 추상적 위험으로도 충분하므로, 구체적으로 환자에게 위험이 발생하지 아니하였다고 해서
보건위생상의 위해가 없다고 할 수는 없다.
① 의학적 전문지식
- 의료인 등이 아닌 경우 취득하거나 판단하기 어려운 정보 및 지식에 근거하여 행하는 행위인지 여부
- 단순히 ‘질환･의료정보’에 해당하는지 여부가 아니라, 해당 정보의 해석 및 판단에 의학적 전문
지식이 필요한지를 고려
- 공신력 있는 기관에서 제시하고 있는 지침･기준 등을 단순히 안내하는 행위는 의학적 전문
지식에 근거한 행위로 볼 수 없으나, 출처 등을 명확히 명시하여야 함
② 대상자의 상태에 따른 진단･처방･처치
- 대상자의 건강상태 등을 확인하여 특정한 병명･병상 등을 확인하여 주려는 의도가 있는지 여부
※ 이때의 확인이라 함은 ‘확정적인 가능성’을 의미하며, ‘잠정적인 가능성’을 언급하며 의료기관 내원을
통해 명확한 진료를 받아볼 것을 권유하는 행위는 해당하지 아니함
- 진단･처방･처치란 질환･장애･상해 등을 치유하거나 그 정도를 경감시키기 위하여 직접적으로
계획된 체계적인 과정과 활동을 의미함
- 따라서, 일상적인 건강관리활동을 통해 건강을 증진하고자 하는 행위는 간접적인 행위로써 의료
행위에 해당하지 않음
③ 보건위생상 위해 발생 우려
- 의료인이 행하지 아니하면 환자의 건강상태에 악영향을 미칠 가능성에 기반하여 판단하여야
하며, 생체적합성 문제를 야기하거나 침습적인 행위 등이 대표적인 사례임
8
Ⅱ. 비의료 건강관리서비스 판단 기준
- 질환 보유자에게 질환의 직접적 치료를 목적으로 일상적인 건강관리활동의 범위를 벗어난 재활
치료 등의 서비스를 제공하는 경우 의료인이 행하지 아니하면 위해도가 높은 행위로 볼 수 있음
※ 제공자가 환자의 질환을 인지하고 해당 질환의 치료에 영향을 주기 위한 목적으로 서비스를 제공하는
것을 의미함
- 다만, 의료기관(의료인)의 처방･판단･의뢰 등이 존재하는 상황에서 해당 범위 내의 상담･교육
등의 서비스를 제공하는 것은 보건위생상 위해 발생 우려가 높은 행위로 보기 어려움
3-4. 비의료기관의 의료행위 금지규정 위반 대표사례
검사･진단･처방･처치･시술･수술 등의 대표적 의료행위와 더불어, 다음의 사항은 ‘의료적 상담･조언’에 해당하므로
비의료기관의 수행 시 의료법상 의료행위의 위반 소지가 있음
(1) 특정 증상에 대해 질환의 발생유무･위험을 직접적으로 확인하여 주는 행위
∙ 공신력있는 통계･논문･연구 등에 대한 근거자료에 기반하지 않고 비의료기관이 직접 개인의 건강
진단(검진) 결과 및 혈압･혈당･몸무게 등 건강지표에 근거하여 특정 질병의 발생위험 등을 예측
하여 제공하는 행위
∙ 이용자가 건강상태를 입력하거나 유선으로 상담한 내용을 바탕으로 특정 질환의 의심 소견 등
진단과 유사한 상담･조언 등을 제공하는 행위
(2) 질병의 치료를 직접적 목적으로 하는 상담 및 조언행위
∙ 의사의 처방･진단･의뢰가 없는 상황에서, 음식 및 영양분의 섭취 등이 질환의 치료 및 완화에
영향을 미치는 질환의 보유자를 대상으로, 해당 질환을 관리하기 위해 의학적 지식에 기반하여
지침 및 식단 등을 제공하는 행위
∙ 의사의 처방･진단･의뢰가 없는 상황에서, 운동 프로그램의 주기･방법 등이 질환의 치료 및
완화에 영향을 미치는 질환의 보유자를 대상으로 해당 질환을 관리하기 위해 재활 등 운동방법･
프로그램 등을 제공하는 행위로써, 경우에 따라 부작용이 발생할 수 있는 행위
∙ 의사의 처방･진단･의뢰가 없는 상황에서, 단순히 일반인의 정상범위 내에서 관리하라는 가이드를
주는 것을 벗어나서, 환자 개인의 특성과 질환 관련 수치 등을 고려하여 맞춤형 관리수준 등을
설정하여 주는 행위
(3) 질병 확인을 위한 문진･검사･처치 등을 행하고 의료기관에 의뢰하는 행위
∙ 비의료기관이 간호사 등을 고용하여 이용자에게 문진, 소변검사, 신체계측 등을 시행한 후, 이를
의료기관에 송부하여 이용자의 건강상태 및 질병관련 소견 등을 제공받는 행위
9
4. 비의료기관의 건강관리서비스 제공 시 유의할 사항
4-1. 서비스 제공 前
비의료기관은 질환의 치료 목적의 서비스가 아닌 보조적 건강관리 서비스를 제공할 수 있음을
이용자에게 사전안내
* 서비스 계약약관에 명시하고, 서비스 제공시 구두로 설명･안내 등
또한, 질환보유자의 경우 제공받는 서비스가 건강상태 및 보건위생상 위해가 생길 우려가 있는
지에 대해 의료기관의 상담을 권고함을 반드시 안내
* (유의사항 예시) 건강활동 목표는 ‘건강한 사람’을 기준으로 설정되어 있으므로 질환을 보유하신 경우
의사와 상담 후 서비스를 이용하도록 권장드립니다.
이 사례집은 ‘의료법’ 상의 의료행위의 판단기준만을 예시하고 있으므로, 이 외의 규정 및 타
법률상 제한 행위 등은 별도의 검토 필요
주요 예시
∙ 생명윤리 및 안전에 관한 법률상 유전자분석(DTC) 서비스의 허용 범위 (해외 의뢰 포함)
∙ 특정 병원에 대한 예약･방문 권유 서비스 (의료법상 유인･알선)
- 단, 비의료기관이 ① 대가･수수료 없이 ② 의료기관(의료인)을 한정하지 않고 안내*하여, ③
이용자가 선택한 병원에 대한 예약을 대행하는 경우는 가능
* 이용자가 원하는 검색 조건(지역, 진료과목, 운영시간, 보건복지부 지정 전문병원 여부 등)에 부합하는
의료기관을 안내하는 것을 포함
∙ 보험업계의 경우 금융위가 발표한 「건강증진형 보험상품 가이드라인(’19.12월)」에 위배되는 행위
∙ 개인건강정보의 처리와 관련하여 「의료법」, 「개인정보보호법」 등 관계법령에 위배되는 행위
∙ 건강기능식품법에 위배되는 행위(건강증진을 위한 식품(건강기능식품) 판매 시)
4-2. 서비스 제공시
개인으로부터 제공받는 정보의 범위･절차 등은 ‘개인정보보호법’ 및 타 법령을 준수해야 함
서비스 제공시 과도한 관리로 인해 건강에 위해한 상황이 발생하지 않도록 서비스 모델을 설계할 필요
* (예) 걸음수에 따른 포인트를 지급하는 서비스 등은, 개인이 과도하게 운동하여 건강에 위해한 상황이
발생하지 않도록 일일 포인트 지급상한 제한, BMI(Body Mass Index; 체질량지수) 정상수치 이
하로 체중을 감량한 경우 인센티브 지급 제한 등
- 지급가능한 인센티브의 종류, 한도 등은 관계 법령이 정하는 바를 준수해야 함
10
Ⅱ. 비의료 건강관리서비스 판단 기준
4-3. 서비스 제공인력
비의료기관의 건강관리서비스 제공시 관련법 등에서 제공인력을 제한하고 있는 경우 동 법의
규정을 따라야 하며,
- 제한이 없는 경우라도 질환과 관련된 정보안내 및 상담･교육 등의 경우에는 보건관련 인력이
제공하는 것을 권장함
<참고> 보건 및 건강, 의료관련 전문자격･면허 현황
근거법률 제공인력의 면허･자격
국민건강증진법 ∙ (제12조의2) 보건교육사
국민영양관리법 ∙ (제15조) 영양사 (제23조) 임상영양사
∙ (제2조 제6호) 체육지도자
국민체육진흥법 - 스포츠지도사, 건강운동관리사, 장애인스포츠지도사, 유소년스포츠지도사,
노인스포츠지도사
약사법 ∙ (제3조) 약사, (제4조) 한약사
의료기사 등에 관한 법률 ∙ (제2조) 임상병리사, 방사선사, 물리치료사, 작업치료사, 치과위생사
∙ (제5조) 의사･치과의사 및 한의사
의료법 ∙ (제7조) 간호사
∙ (제80조) 간호조무사
※ 비의료기관에서 의료인 및 의료기사 등을 채용하더라도, 의료법 및 의료기사법의 업무범위에 해당하는 행위를 수행
할 수 없음에 유의
<참고> 행위별 상세 예시 및 제공자/제공기관 구분
행위 구분 행위 예시 제공자 제공기관
∙ 건강검진결과 단순 확인 및 개인동의에 기반한 자료수집
제한없음 제한없음
(검진결과 수치 해석 등은 불가)
∙ 걸음수, 심박수 등의 기록 및 모니터링 제한없음 제한없음
보건관련인력
건강정보의 ∙ 섭취식품의 기록 및 영양소 분석･안내 제한없음
권장
확인･점검
∙ 웰니스 기기를 활용한 건강정보･지표의 측정
제한없음 제한없음
(체성분, 수면패턴 등)
∙ 개인용 의료기기를 활용한 건강정보･지표･수치의 측정
본인 제한없음
(심전도･혈압･혈당 등)
정보제공 및 객관적 분석
상담 및 조언 ∙ (개인의 자가측정에 따른) 혈압･혈당 등이 공신력있는 기준의 정상 보건관련인력
제한없음
범위 또는 위험 범위에 해당하는지 확인 권장
11
행위 구분 행위 예시 제공자 제공기관
∙ 건강지표･상태에 따른 동 연령･성별군 중 질환 발생비율 등 객관적인
통계 결과의 제시
제한없음 제한없음
(※ 통계결과는 과학적･의학적으로 검증되거나 공신력 있는 기관의 발표
자료 등 활용)
∙ 개인의 건강정보를 분석하고, 통계적 결과값에 따른 건강나이 등을
산출하여주는 행위
제한없음 제한없음
(※ 통계결과는 과학적･의학적으로 검증되거나 공신력 있는 기관의 발표
자료 등 활용)
보건관련인력
∙ 최근에 유행중인 질환 및 예방접종 관련 정보 등을 안내하여주는 행위 제한없음
권장
목표설정 및 관리
∙ 검진주기･병원 내원일 알람 및 안내 제한없음 제한없음
∙ (의사의 처방에 따라) 복용중인 약을 제 시간에 복용하고 있는지를
제한없음 제한없음
확인하고 알림
∙ 건강관리 목표설정(걷기, 하루 섭취칼로리, 검진정기적으로 받기)
제한없음 제한없음
및 달성에 따른 인센티브 지급
상담 및 조언
∙ 질환예방을 위한 일반적인 건강관리 주의사항(손씻기, 저염식단 먹기 보건관련인력
제한없음
등) 안내 권장
보건관련인력
∙ 금연･절주 등 생활습관 개선을 위한 상담 및 조언 제한없음
권장
∙ 개인의 건강목적 따른 식단구성 및 제공
보건관련인력
(※ 당뇨병 등 식단이 질환에 영향을 줄 수 있는 경우 의료기관의 처방을 제한없음
권장
확인하는 것을 전제로 조건부 허용)
보건관련인력
∙ 운동방법 교습 및 운동프로그램 제공 제한없음
권장
∙ 수면･스트레스 관리 등을 위한 상담 및 생활습관 개선 조언(검사･
보건관련인력
시술･수술 등 제외) 제한없음
권장
(※ 과학적･의학적으로 검증되거나 공신력 있는 기관의 발표자료 등 활용)
∙ 개인의 특정 증상에 대한 질환발생 가능성 상담 및 조언
의료인 등 의료기관
∙ 처방･처치･시술･수술 후의 부작용 및 관리 주의사항 등 안내
∙ 채혈 등 인체유래물의 채취
검사･진단 ∙ 문진 및 소변･혈액 성분검사 등 건강상태 검사 의료인 등 의료기관
∙ 건강상태･지표･수치에 기반한 질환명 진단 및 발생위험성 등 확인
처방 ∙ 질환치료를 위한 전문의약품(약사법 제2조 제10호)의 처방 의료인 등 의료기관
∙ 질환의 치료를 위하여 물리적인 방법을 동원하여 환자에게 일정한
처치 의료인 등 의료기관
조치를 하는 행위
∙ 질환의 치료를 위하여 의료기기 등을 이용하여 환자의 신체에 일정
시술･수술 의료인 등 의료기관
한 조작을 가하는 행위
※ 해당 보건관련 인력 및 의료인 등은 면허･자격 범위 내의 업무 수행 가능
12",16,24,9045,true,false,false,false,false,false,false,,active,https://eiec.kdi.re.kr/policy/materialView.do?num=229658,data/rag/source_documents/nonmedical_health_guide_202209.pdf
kr-mohw-nonmedical-health-guide-202209__II_1,kr-mohw-nonmedical-health-guide-202209,5,II.1,비의료기관이 제공 가능한 건강관리서비스,GUIDE_SECTION,"Ⅱ 비의료 건강관리서비스 판단 기준
1. 비의료기관이 제공 가능한 건강관리서비스
1-1. 건강정보의 확인 및 점검
개인의 객관적 건강정보의 확인 및 점검 등은 의료행위에 해당하지 않으므로 비의료기관에서
제공 가능
행위 구분 행위 예시 제공자 제공기관
∙ 건강검진결과 단순 확인 및 개인동의에 기반한 자료수집 제한 제한
(검진결과 수치 해석 등은 불가) 없음 없음
∙ 웰니스 기기를 활용한 건강정보･지표의 측정 및 모니터링 제한 제한
건강정보의 (체성분, 심박수, 걸음수, 수면패턴, 호흡량 등) 없음 없음
확인･점검 보건인력 제한
∙ 섭취식품의 기록 및 영양소 분석･안내
권장 없음
∙ 개인용 의료기기를 활용한 건강정보･지표･수치의 측정 본인 제한
(심전도･혈압･혈당 등) (자가측정) 없음
1-2. 비의료적 상담･조언
(유형) ① 객관적 정보의 제공 및 분석, ② 건강목표 설정 및 관리, ③ 상담･교육 및 조언으로
구분
① 객관적 정보의 제공 및 분석
- 질환 등 의료관련정보에 해당하더라도 공신력 있는 기관의 공인된 기준･지침･통계 등에 해당
하는 정보(이하 ‘객관적 정보’)를 단순 안내하는 경우 이는 비의료적 상담･조언에 해당함
4
Ⅱ. 비의료 건강관리서비스 판단 기준
- 이용자의 건강정보 및 특성 등이 객관적 정보에 해당하는지 여부를 확인하거나 (예: 혈압 및
혈당의 정상범위 판단),
- 공신력 있는 기관의 기준･지침･통계 등 객관적 정보에 따라 ‘건강나이’ 등을 산출하여 주는
행위도 포함함
‘객관적 정보’란?
① 국제기구･정부･공공기관 등 공적인 영역에 있는 기관과 대한의학회, 대한당뇨병학회 등 해당 분야의
전문성을 갖춘 학회 등 공신력 있는 기관이 직접 생산한 정보
② ①의 공신력 있는 기관이 공식적으로 인증 또는 감수한 정보
③ ①, ②외에도 해당 분야 다수의 전문가가 인정할 수 있는 과학적･의학적으로 검증된 정보
※ 단, 건강관리서비스 제공시 이용자에게 정보의 출처, 근거, 감수기관을 반드시 명시하여야 함
② 건강목표 설정 및 관리
- 의학적 전문지식･판단이 필요하지 않은 일반적인 건강증진활동 및 질환의 예방･관리활동에
대한 목표설정 및 관리 등을 제공하는 것은 비의료적 상담･조언에 해당함
- 이는 걷기, 건강한 음식먹기, 주1회 이상 운동하기 등의 일상적 건강관리 활동을 이행하는지에
대해 확인하고 동기를 부여하는 것도 포함함
③ 상담･교육 및 조언
- 운동･영양･수면 등 일상적 건강증진활동을 돕기 위한 교습 및 이행 프로그램 등을 제공하는
것은 비의료적 상담･조언에 해당함
- 다만, 상담･교육･조언이 의료인의 진단･처방 등 의료적 내용을 포함하지 않아야 하며, 일부
질환군은 이에 따른 제한이 있을 수 있음
1-3. 만성질환자 대상 건강관리
의료인의 판단･지도･감독･의뢰 하에서 건강관리를 시행
- 상담･조언이 질환의 치료를 직접적 목적으로 하는 경우 의료기관에서 수행하는 것이 원칙이나,
의료기관의 진단･처방･의뢰* 범위 내에서 보조적으로 비의료기관이 서비스 제공 가능
※ 단,「의료법」 상 의료인의 자격 범위 내에서 의뢰한 내용에 한함
∙ 이는 대상자의 질환 특성을 고려하여 의료인이 의뢰한 특정 방법의 운동･영양 등의 프로그램
제공행위
5",16,17,1559,true,false,false,false,false,false,false,,active,https://eiec.kdi.re.kr/policy/materialView.do?num=229658,data/rag/source_documents/nonmedical_health_guide_202209.pdf
kr-mohw-nonmedical-health-guide-202209__II_2,kr-mohw-nonmedical-health-guide-202209,6,II.2,비의료기관이 제공 불가능한 서비스,GUIDE_SECTION,"∙ 의사와 환자 간 진료내용에 따른 처방(약 복용, 운동･식이요법 처방 등)이 존재하고, 해당
처방 내용을 잘 이행하도록 동기를 부여하는 등 처방에 따라 환자를 관리･점검하는 행위,
∙ 환자가 측정한 혈압･혈당 기록 등을 바탕으로 의료인이 설정한 목표 수준을 벗어났는지 안내
하는 행위 등을 포함함
※ 단, 서비스 제공과정에서 의료인의 의뢰 범위를 벗어나 질병의 진단, 병명･병상 등을 확인하는 등
의학적 지식에 따른 판단을 필요로 하는 새로운 상담 및 조언은 의료행위에 해당
2. 비의료기관이 제공 불가능한 서비스
① 「의료법」상 ‘의료행위’, ② 「의료법」 및 「의료기사 등에 관한 법률」에서 면허･자격을 갖추어
야만 할 수 있는 행위는 비의료기관에서 제공 불가
의사 ∙ 의료와 보건지도
치과의사 ∙ 치과 의료와 구강 보건지도
한의사 ∙ 한방 의료와 한방 보건지도
조산사 ∙ 조산과 임부･해산부･산욕부 및 신생아에 대한 보건과 양호지도
∙ 환자의 간호요구에 대한 관찰, 자료수집, 간호판단 및 요양을 위한 간호
간호사 ∙ 의사, 치과의사, 한의사의 지도하에 시행하는 진료의 보조
∙ 간호 요구자에 대한 교육･상담 및 건강증진을 위한 활동의 기획과 수행
간호조무사 ∙ 간호사의 업무에 대한 보조
∙ 각종 화학적 또는 생리학적 검사
- 기계･기구･시약 등의 보관･관리･사용에 관한 업무
임상병리사 - 가검물(可檢物) 등의 채취･검사에 관한 업무
- 혈액의 채혈･제제(製劑) 또는 검사용 시약의 조제(調劑) 등 그 밖의 임상병리
검사에 관한 업무
방사선사 ∙ 방사선 등의 취급 또는 검사 및 방사선 등 관련 기기의 취급 또는 관리
∙ 신체의 교정 및 재활을 위한 물리요법적 치료
의료기사법 물리치료사 - 신체의 교정 및 재활을 위한 물리요법적 치료와 관련된 기기･약품의 사용･관리
및 등에 관한 업무
그 시행령 ∙ 신체적･정신적 기능장애를 회복시키기 위한 작업요법적 치료
작업치료사 - 신체적･정신적 기능장애를 회복시키기 위한 작업요법적 치료와 관련된 작업수행
분석･평가 등에 관한 업무
∙ 보철물의 제작, 수리 또는 가공
치과기공사
※ 치과기공소에서의 제작･수리･가공 가능
∙ 치아 및 구강질환의 예방과 위생 관리 등
치과위생사 - 치아 및 구강질환의 예방 및 위생 관리 등을 위한 보건기관 또는 의료기관에서
구내(口內) 진단용 방사선 촬영에 관한 업무
6",18,18,1151,true,false,false,false,false,false,false,,active,https://eiec.kdi.re.kr/policy/materialView.do?num=229658,data/rag/source_documents/nonmedical_health_guide_202209.pdf
kr-mohw-nonmedical-health-guide-202209__II_3,kr-mohw-nonmedical-health-guide-202209,7,II.3,의료행위 판단 기준,GUIDE_SECTION,"Ⅱ. 비의료 건강관리서비스 판단 기준
3. 의료행위 판단 기준
3-1. 의료행위 정의
의료법 등에서 정하는 의료행위는 의학적 전문지식과 기술에 기초하여 행하는 검사･진단･처방･
처치･시술･수술･지도 등의 행위를 의미함
구체적으로는, 질환의 진단 및 직접적인 치료를 위해 행하는 활동으로써,
- 의료인이 행하지 아니하면 보건위생상 위해가 발생할 우려가 있는 행위를 의미함
(대법원 2000. 2. 25. 선고 99도4542 판결)
3-2. 의료행위 유형
행위 구분 주요 내용
∙ 의료기기･화학물질･설문 등을 활용하여 대상자의 건강상태를 점검･확인하는 행위
검사･진단
∙ 대상자의 상태를 듣고 관찰하여 병상 및 병명을 규명･판단하는 행위
∙ 질환의 치료･완화･예방 및 신체 기능 개선을 위하여 의약품 복용을 제시하는 행위
처방･처치 ∙ 질환의 치료･완화･예방 및 신체 기능 개선을 위하여 화학적･물리적인 방법을 동원하여 환자에게
일정한 조치를 하는 행위
∙ 질환의 치료･완화･예방 및 신체 기능 개선을 위하여 의료기기 등을 이용하여 환자의 신체에 일정한
시술･수술
조작을 가하는 행위
∙ 질환의 진단 후 질환의 관리를 위하여 의학적 지식에 기반하여 환자가 행해야 할 사항 등을 안내
하여주는 행위
(의료적)
∙ 질환 예방을 위한 안내 행위 중 의학적 지식에 따른 판단을 필요로 하는 행위
상담･조언
∙ 의학적 지식에 따른 판단을 기반으로 처치･시술･수술 후 부작용 발생가능성 및 관리 유의사항 등을
안내하여 주는 행위
7
3-3. 의료행위 판단 기준
의료행위 해당 여부는, ① 의학적 전문지식이 필요한 행위(행위의 근거), ② 대상자의 상태에
따른 진단･처방･처치가 수반되는 행위(행위의 양태), ③ 보건위생상 위해가 발생할 우려가 있는
행위(행위의 효과 및 부작용) 인지 여부에 따라 판단하며, 3가지 조건 중 1개라도 충족될 경우
의료행위에 해당함
대법원 판례(대법원 2018. 6. 19. 선고 2017도19422 판결)
‘의료행위’란 의학적 전문지식을 기초로 하는 경험과 기능으로 진찰, 검안, 처방, 투약 또는 외과적
시술을 시행하여 하는 질병의 예방 또는 치료행위 및 그 밖에 의료인이 행하지 아니하면 보건위생상
위해가 생길 우려가 있는 행위를 의미한다. ‘의료인이 행하지 아니하면 보건위생상 위해가 생길
우려’는 추상적 위험으로도 충분하므로, 구체적으로 환자에게 위험이 발생하지 아니하였다고 해서
보건위생상의 위해가 없다고 할 수는 없다.
① 의학적 전문지식
- 의료인 등이 아닌 경우 취득하거나 판단하기 어려운 정보 및 지식에 근거하여 행하는 행위인지 여부
- 단순히 ‘질환･의료정보’에 해당하는지 여부가 아니라, 해당 정보의 해석 및 판단에 의학적 전문
지식이 필요한지를 고려
- 공신력 있는 기관에서 제시하고 있는 지침･기준 등을 단순히 안내하는 행위는 의학적 전문
지식에 근거한 행위로 볼 수 없으나, 출처 등을 명확히 명시하여야 함
② 대상자의 상태에 따른 진단･처방･처치
- 대상자의 건강상태 등을 확인하여 특정한 병명･병상 등을 확인하여 주려는 의도가 있는지 여부
※ 이때의 확인이라 함은 ‘확정적인 가능성’을 의미하며, ‘잠정적인 가능성’을 언급하며 의료기관 내원을
통해 명확한 진료를 받아볼 것을 권유하는 행위는 해당하지 아니함
- 진단･처방･처치란 질환･장애･상해 등을 치유하거나 그 정도를 경감시키기 위하여 직접적으로
계획된 체계적인 과정과 활동을 의미함
- 따라서, 일상적인 건강관리활동을 통해 건강을 증진하고자 하는 행위는 간접적인 행위로써 의료
행위에 해당하지 않음
③ 보건위생상 위해 발생 우려
- 의료인이 행하지 아니하면 환자의 건강상태에 악영향을 미칠 가능성에 기반하여 판단하여야
하며, 생체적합성 문제를 야기하거나 침습적인 행위 등이 대표적인 사례임
8
Ⅱ. 비의료 건강관리서비스 판단 기준
- 질환 보유자에게 질환의 직접적 치료를 목적으로 일상적인 건강관리활동의 범위를 벗어난 재활
치료 등의 서비스를 제공하는 경우 의료인이 행하지 아니하면 위해도가 높은 행위로 볼 수 있음
※ 제공자가 환자의 질환을 인지하고 해당 질환의 치료에 영향을 주기 위한 목적으로 서비스를 제공하는
것을 의미함
- 다만, 의료기관(의료인)의 처방･판단･의뢰 등이 존재하는 상황에서 해당 범위 내의 상담･교육
등의 서비스를 제공하는 것은 보건위생상 위해 발생 우려가 높은 행위로 보기 어려움
3-4. 비의료기관의 의료행위 금지규정 위반 대표사례
검사･진단･처방･처치･시술･수술 등의 대표적 의료행위와 더불어, 다음의 사항은 ‘의료적 상담･조언’에 해당하므로
비의료기관의 수행 시 의료법상 의료행위의 위반 소지가 있음
(1) 특정 증상에 대해 질환의 발생유무･위험을 직접적으로 확인하여 주는 행위
∙ 공신력있는 통계･논문･연구 등에 대한 근거자료에 기반하지 않고 비의료기관이 직접 개인의 건강
진단(검진) 결과 및 혈압･혈당･몸무게 등 건강지표에 근거하여 특정 질병의 발생위험 등을 예측
하여 제공하는 행위
∙ 이용자가 건강상태를 입력하거나 유선으로 상담한 내용을 바탕으로 특정 질환의 의심 소견 등
진단과 유사한 상담･조언 등을 제공하는 행위
(2) 질병의 치료를 직접적 목적으로 하는 상담 및 조언행위
∙ 의사의 처방･진단･의뢰가 없는 상황에서, 음식 및 영양분의 섭취 등이 질환의 치료 및 완화에
영향을 미치는 질환의 보유자를 대상으로, 해당 질환을 관리하기 위해 의학적 지식에 기반하여
지침 및 식단 등을 제공하는 행위
∙ 의사의 처방･진단･의뢰가 없는 상황에서, 운동 프로그램의 주기･방법 등이 질환의 치료 및
완화에 영향을 미치는 질환의 보유자를 대상으로 해당 질환을 관리하기 위해 재활 등 운동방법･
프로그램 등을 제공하는 행위로써, 경우에 따라 부작용이 발생할 수 있는 행위
∙ 의사의 처방･진단･의뢰가 없는 상황에서, 단순히 일반인의 정상범위 내에서 관리하라는 가이드를
주는 것을 벗어나서, 환자 개인의 특성과 질환 관련 수치 등을 고려하여 맞춤형 관리수준 등을
설정하여 주는 행위
(3) 질병 확인을 위한 문진･검사･처치 등을 행하고 의료기관에 의뢰하는 행위
∙ 비의료기관이 간호사 등을 고용하여 이용자에게 문진, 소변검사, 신체계측 등을 시행한 후, 이를
의료기관에 송부하여 이용자의 건강상태 및 질병관련 소견 등을 제공받는 행위
9",19,21,3062,true,false,false,false,false,false,false,,active,https://eiec.kdi.re.kr/policy/materialView.do?num=229658,data/rag/source_documents/nonmedical_health_guide_202209.pdf
kr-mohw-nonmedical-health-guide-202209__II_4,kr-mohw-nonmedical-health-guide-202209,8,II.4,비의료기관의 건강관리서비스 제공 시 유의할 사항,GUIDE_SECTION,"4. 비의료기관의 건강관리서비스 제공 시 유의할 사항
4-1. 서비스 제공 前
비의료기관은 질환의 치료 목적의 서비스가 아닌 보조적 건강관리 서비스를 제공할 수 있음을
이용자에게 사전안내
* 서비스 계약약관에 명시하고, 서비스 제공시 구두로 설명･안내 등
또한, 질환보유자의 경우 제공받는 서비스가 건강상태 및 보건위생상 위해가 생길 우려가 있는
지에 대해 의료기관의 상담을 권고함을 반드시 안내
* (유의사항 예시) 건강활동 목표는 ‘건강한 사람’을 기준으로 설정되어 있으므로 질환을 보유하신 경우
의사와 상담 후 서비스를 이용하도록 권장드립니다.
이 사례집은 ‘의료법’ 상의 의료행위의 판단기준만을 예시하고 있으므로, 이 외의 규정 및 타
법률상 제한 행위 등은 별도의 검토 필요
주요 예시
∙ 생명윤리 및 안전에 관한 법률상 유전자분석(DTC) 서비스의 허용 범위 (해외 의뢰 포함)
∙ 특정 병원에 대한 예약･방문 권유 서비스 (의료법상 유인･알선)
- 단, 비의료기관이 ① 대가･수수료 없이 ② 의료기관(의료인)을 한정하지 않고 안내*하여, ③
이용자가 선택한 병원에 대한 예약을 대행하는 경우는 가능
* 이용자가 원하는 검색 조건(지역, 진료과목, 운영시간, 보건복지부 지정 전문병원 여부 등)에 부합하는
의료기관을 안내하는 것을 포함
∙ 보험업계의 경우 금융위가 발표한 「건강증진형 보험상품 가이드라인(’19.12월)」에 위배되는 행위
∙ 개인건강정보의 처리와 관련하여 「의료법」, 「개인정보보호법」 등 관계법령에 위배되는 행위
∙ 건강기능식품법에 위배되는 행위(건강증진을 위한 식품(건강기능식품) 판매 시)
4-2. 서비스 제공시
개인으로부터 제공받는 정보의 범위･절차 등은 ‘개인정보보호법’ 및 타 법령을 준수해야 함
서비스 제공시 과도한 관리로 인해 건강에 위해한 상황이 발생하지 않도록 서비스 모델을 설계할 필요
* (예) 걸음수에 따른 포인트를 지급하는 서비스 등은, 개인이 과도하게 운동하여 건강에 위해한 상황이
발생하지 않도록 일일 포인트 지급상한 제한, BMI(Body Mass Index; 체질량지수) 정상수치 이
하로 체중을 감량한 경우 인센티브 지급 제한 등
- 지급가능한 인센티브의 종류, 한도 등은 관계 법령이 정하는 바를 준수해야 함
10
Ⅱ. 비의료 건강관리서비스 판단 기준
4-3. 서비스 제공인력
비의료기관의 건강관리서비스 제공시 관련법 등에서 제공인력을 제한하고 있는 경우 동 법의
규정을 따라야 하며,
- 제한이 없는 경우라도 질환과 관련된 정보안내 및 상담･교육 등의 경우에는 보건관련 인력이
제공하는 것을 권장함
<참고> 보건 및 건강, 의료관련 전문자격･면허 현황
근거법률 제공인력의 면허･자격
국민건강증진법 ∙ (제12조의2) 보건교육사
국민영양관리법 ∙ (제15조) 영양사 (제23조) 임상영양사
∙ (제2조 제6호) 체육지도자
국민체육진흥법 - 스포츠지도사, 건강운동관리사, 장애인스포츠지도사, 유소년스포츠지도사,
노인스포츠지도사
약사법 ∙ (제3조) 약사, (제4조) 한약사
의료기사 등에 관한 법률 ∙ (제2조) 임상병리사, 방사선사, 물리치료사, 작업치료사, 치과위생사
∙ (제5조) 의사･치과의사 및 한의사
의료법 ∙ (제7조) 간호사
∙ (제80조) 간호조무사
※ 비의료기관에서 의료인 및 의료기사 등을 채용하더라도, 의료법 및 의료기사법의 업무범위에 해당하는 행위를 수행
할 수 없음에 유의
<참고> 행위별 상세 예시 및 제공자/제공기관 구분
행위 구분 행위 예시 제공자 제공기관
∙ 건강검진결과 단순 확인 및 개인동의에 기반한 자료수집
제한없음 제한없음
(검진결과 수치 해석 등은 불가)
∙ 걸음수, 심박수 등의 기록 및 모니터링 제한없음 제한없음
보건관련인력
건강정보의 ∙ 섭취식품의 기록 및 영양소 분석･안내 제한없음
권장
확인･점검
∙ 웰니스 기기를 활용한 건강정보･지표의 측정
제한없음 제한없음
(체성분, 수면패턴 등)
∙ 개인용 의료기기를 활용한 건강정보･지표･수치의 측정
본인 제한없음
(심전도･혈압･혈당 등)
정보제공 및 객관적 분석
상담 및 조언 ∙ (개인의 자가측정에 따른) 혈압･혈당 등이 공신력있는 기준의 정상 보건관련인력
제한없음
범위 또는 위험 범위에 해당하는지 확인 권장
11
행위 구분 행위 예시 제공자 제공기관
∙ 건강지표･상태에 따른 동 연령･성별군 중 질환 발생비율 등 객관적인
통계 결과의 제시
제한없음 제한없음
(※ 통계결과는 과학적･의학적으로 검증되거나 공신력 있는 기관의 발표
자료 등 활용)
∙ 개인의 건강정보를 분석하고, 통계적 결과값에 따른 건강나이 등을
산출하여주는 행위
제한없음 제한없음
(※ 통계결과는 과학적･의학적으로 검증되거나 공신력 있는 기관의 발표
자료 등 활용)
보건관련인력
∙ 최근에 유행중인 질환 및 예방접종 관련 정보 등을 안내하여주는 행위 제한없음
권장
목표설정 및 관리
∙ 검진주기･병원 내원일 알람 및 안내 제한없음 제한없음
∙ (의사의 처방에 따라) 복용중인 약을 제 시간에 복용하고 있는지를
제한없음 제한없음
확인하고 알림
∙ 건강관리 목표설정(걷기, 하루 섭취칼로리, 검진정기적으로 받기)
제한없음 제한없음
및 달성에 따른 인센티브 지급
상담 및 조언
∙ 질환예방을 위한 일반적인 건강관리 주의사항(손씻기, 저염식단 먹기 보건관련인력
제한없음
등) 안내 권장
보건관련인력
∙ 금연･절주 등 생활습관 개선을 위한 상담 및 조언 제한없음
권장
∙ 개인의 건강목적 따른 식단구성 및 제공
보건관련인력
(※ 당뇨병 등 식단이 질환에 영향을 줄 수 있는 경우 의료기관의 처방을 제한없음
권장
확인하는 것을 전제로 조건부 허용)
보건관련인력
∙ 운동방법 교습 및 운동프로그램 제공 제한없음
권장
∙ 수면･스트레스 관리 등을 위한 상담 및 생활습관 개선 조언(검사･
보건관련인력
시술･수술 등 제외) 제한없음
권장
(※ 과학적･의학적으로 검증되거나 공신력 있는 기관의 발표자료 등 활용)
∙ 개인의 특정 증상에 대한 질환발생 가능성 상담 및 조언
의료인 등 의료기관
∙ 처방･처치･시술･수술 후의 부작용 및 관리 주의사항 등 안내
∙ 채혈 등 인체유래물의 채취
검사･진단 ∙ 문진 및 소변･혈액 성분검사 등 건강상태 검사 의료인 등 의료기관
∙ 건강상태･지표･수치에 기반한 질환명 진단 및 발생위험성 등 확인
처방 ∙ 질환치료를 위한 전문의약품(약사법 제2조 제10호)의 처방 의료인 등 의료기관
∙ 질환의 치료를 위하여 물리적인 방법을 동원하여 환자에게 일정한
처치 의료인 등 의료기관
조치를 하는 행위
∙ 질환의 치료를 위하여 의료기기 등을 이용하여 환자의 신체에 일정
시술･수술 의료인 등 의료기관
한 조작을 가하는 행위
※ 해당 보건관련 인력 및 의료인 등은 면허･자격 범위 내의 업무 수행 가능
12",22,24,3270,true,false,false,false,false,false,false,,active,https://eiec.kdi.re.kr/policy/materialView.do?num=229658,data/rag/source_documents/nonmedical_health_guide_202209.pdf
kr-mohw-nonmedical-health-guide-202209__III,kr-mohw-nonmedical-health-guide-202209,9,III,비의료 건강관리서비스 적용 사례,GUIDE_SECTION,"Ⅲ. 비의료 건강관리서비스 적용 사례
Ⅲ 비의료 건강관리서비스 적용 사례
∙ 사례집에 제시된 사례들은 그간 질의가 있었거나 명확한 기준이 필요하다는 요청이 있었던 사항에
대해
- 의료행위에 해당하지 않아 서비스 제공이 가능한 행위와 의료행위에 해당하여 제공이 불가능한
행위를 구체적으로 구분해 놓은 것으로,
- 건강관리서비스 제공 시 동 사례를 참고하여 가능 여부를 판단하는 기준으로 활용 가능함
- 동 사례가 새로운 건강관리서비스업을 신설하거나 허용하는 기준은 아니며, 사례들은 주기적
으로 업데이트 예정임
1. 건강한 사람 대상 서비스 예시
구 분 가능한 행위 불가능한 행위
∙ 질병 정보 안내(최근 유행하는 질병정보 등) ∙ 대상자의 건강상태에 따라 필요한 검사 등을
∙ 통계･연구자료 등에 근거하여 특정 질환의 결정하거나, 엑스레이 촬영사진의 판독 등
유병률 등을 안내 의학적 전문성에 기반하여야 하는 행위
건강한 사람 ∙ 건강정보(혈압, 혈당, 비만도 등)를 수집하고 ∙ 대상자의 상태 및 증상 등을 확인하고 질병의
대상 서비스 해당 정보의 정상범위 안내 의심소견을 밝히거나 의학적 지식에 기반한 상담
∙ 일반적 건강증진 활동을 위한 생활습관(걸음 및 조언을 행하는 행위
수, 물 마시기, 식단 및 영양소 분석, 식이요법 ∙ 음식(건강기능식품 포함)이 질병 치료에 효능이
등) 안내 있는 것으로 추천 및 판매하는 행위
13
2. 비만관리(체중감량) 서비스 예시
구 분 가능한 행위 불가능한 행위
∙ BMI 지수의 계산 ∙ 의료적 검사･처방･처치･시술･수술 및 이와
비만도 ∙ 체성분 분석기를 활용한 체내 성분을 분석 관련한 의료적 상담･조언에 해당하는 행위
측정 ∙ 적정 목표체중의 제시 - 지방용해술･위밴드 수술 등 의료행위 시행과
(공인된 정보에 따른 표준체중 기준) 직접적으로 관련된 행위
∙ 일일 적정 운동목표량 설정 ∙ 비의료기관의 방문운동지도서비스
∙ 운동별 소모칼로리 분석 - 자택을 방문하여 신체교정･재활 등 물리요법적
∙ 운동 방법 교습 치료를 제공하는 행위
운동 서비스 ∙ 기간별 운동일지 기록
∙ 운동 독려 알림메시지 전송
∙ 의사가 처방한 운동을 영상으로 만들어 환자에
전송
∙ 일일 적정 섭취목표량 설정 ∙ 신체기능개선･체중감량 등을 위하여 의약품
∙ 식품별 칼로리 분석 복용을 제시하는 행위
식단 서비스 ∙ 식단 구성 및 판매
∙ 기간별 섭취칼로리 기록
∙ 체중감량에 좋은 식품에 대한 정보 안내 및 전송
14
Ⅲ. 비의료 건강관리서비스 적용 사례
3. 고혈압･당뇨병 환자 대상 서비스 예시
1. 혈압･혈당의 측정 및 관리
구 분 가능한 행위 불가능한 행위
혈압･혈당 측정 및 ∙ 개인용 의료기기를 통해 환자 자가측정 후 ∙ 비의료기관이 환자의 혈압을 직접 측정 후
기록 기록 기록
∙ 공신력 있는 기관에서 제시한 범위의 정상/ ∙ 수치에 근거하여 고혈압･당뇨병 환자로 진단
주의/위험 판단 및 해당범위 내 목표 설정 ∙ 공신력 있는 기관의 지침 및 의사의 처방에
∙ 환자가 의사의 처방에 따라 스스로 설정한 근거하지 않은 비의료기관의 자체적인 정상
혈압･혈당 관리 및
목표 수준에 따른 정상/주의/위험 알람 /주의/위험의 판단 및 목표수준의 설정
목표수준 설정
∙ 주기별(예: 7일) 혈압･혈당 수준을 모니터링
하고, 평균치보다 벗어난 경우 ‘주의필요’
등 안내
2. 고혈압 관리를 위한 상담 및 조언
구 분 가능한 행위 불가능한 행위
∙ 공신력 있는 기관에서 제시하는 고혈압 ∙ 상황에 따른 혈압 목표
고혈압
예방･관리 사항 등 정보제공 및 안내 ∙ (약사･의사가 아닌 사람이) 약물에 대해
예방 및 관리
∙ 병원 내원일 알람 서비스 설명을 하는 것
∙ 운동요법의 효과, 방법 등 안내 ∙ 급격한 혈압강하･상승시 조치방법 등 의료적
운동 및
∙ 식이요법의 효과, 방법 등 안내 상담
식이, 생활습관
∙ 금연, 금주 등 생활습관 개선 상담 및 조언
3. 당뇨병 관리를 위한 상담 및 조언
구 분 가능한 행위 불가능한 행위
∙ 공신력 있는 기관에서 제시하는 당뇨병 예방･ ∙ 상황에 따른 혈당 목표
당뇨병 관리 사항 등 정보제공 및 안내 ∙ (약사･의사가 아닌 사람이) 약물에 대해 설명을
예방 및 ∙ 병원 내원일 알람 서비스 하는 것
관리 ∙ 혈당 수치를 주기적으로 점검하고, 위험요인
발생시 병원 내원 등을 권고하는 서비스
운동 및 ∙ 운동요법의 효과, 방법 등 안내
생활습관 ∙ 금연, 금주 등 생활습관 개선 상담 및 조언
∙ 당뇨병 환자가 주의해야 할 일반적인 식이요법 ∙ 위험한 혈당 수치별 당질 섭취기준 등 의료적
및 식품군 등에 대한 설명 처방에 가까운 행위
∙ 다양한 식단을 제시하고 환자가 선택가능하도록
식이관리 하는 행위
서비스 ∙ 의사의 처방･권고 기준 하에서 환자에게 식단을
구성하여 주는 행위
∙ 환자가 원하는 식단(예: 저염 식단)을 구성하여
주는 행위
15
4. 기타 제공 서비스 예시
1. 개인의 건강정보 확인･수집 및 건강지표 등 산출행위
구 분 가능한 행위 불가능한 행위
∙ 이용자 본인의 건강관련 수치, 질환 보유 여부
및 질환 관련 정보, 검진결과 등을 ‘개인정보
보호법’을 준수하는 범위 내에서 제공
- 운동량(걷기, 달리기, 자전거, 등산 등), 식
습관(섭취한 음식, 음주, 흡연 등), 건강 수치
정보(BMI, 혈압, 혈당(당화혈색소 등)) 등을
건강정보 수집 개인의 자가측정에 기반하여 수집
- 검진결과, 개인의 질환과 관련한 복약 관련
정보, 병원 방문, 합병증 검사 여부 등의 수집
행위
∙ 이용자 본인이 스마트폰 App, 웨어러블 기기,
사진 전송, 팩스, 스마트 혈당측정기 등을 통해
직접 입력･전송 또는 자동제공
∙ 이용자가 이미 병원 등에서 진단(검진)받은 ∙ 건강등수 산출 및 안내 과정에서 대상자의 질병
내용 등을 기초로 하여 이용자의 건강상태 지표 유무, 특정 질병 진단, 병명･병상 등을 확인
(건강나이 등)를 산출하는 행위 하거나 예측하는 등 의학적 지식에 따른 판단을
- 이용자가 제공한 건강정보를 바탕으로 건강 필요로 하는 행위
나이 등을 산출하고 공신력 있는 기관의 기준･
지침･통계 등 객관적 정보에 따라 위험･
건강나이,
주의･정상 여부를 안내하는 것은 가능
건강지표 등
∙ 비의료기관이 서비스 이용자 대상으로 표본을
산출･분석
분석하여 얻은 자료에 기반하여 대상자 간 건강
상태 수준을 비교하여 건강등수를 제시하는
행위
- 단, 데이터 산출을 위한 모집단이 해당 서비스를
제공받는 사람들로 한정되어 있음을 명시하고
동 수치가 참고치임을 안내할 필요
서비스 예시
∙ 개인의 건강검진 결과 및 병원 내원이력･검사 결과 등을 제출하고 보험료 환급 및 할인
∙ 개인의 질환 보유 여부, 질환의 정도, 체력 및 건강 관련 상태 등을 종합적으로 판단하여 ‘건강나이’를
산출하여 주는 서비스 (특정 기능과 관련되어 한정된 건강나이 산출도 가능)
16
Ⅲ. 비의료 건강관리서비스 적용 사례
2. 건강활동에 대한 목표설정 및 인센티브 지급 행위
건강증진을 위한 목표를 이용자가 직접 설정하거나, 제공자가 개인의 생활패턴 등을 고려하여
설정하여 주는 서비스
* (예) ( )년마다 건강검진 받기 / 매일 ( )보 걷기 / 연간 ( )보 걷기 / 매주 본인 혈당수치를 ( )회
이상 입력하기 / 매주 식단 ( )회 이상 입력하기
- 걸음수, 주간 운동횟수 등 질환과 직접적 관련이 없는 건강목표행위의 설정은 비의료행위이므로
기관 성격에 관계없이 수행가능
- 체중, 혈압, 혈당 등 질환과 관련이 있는 건강수치의 경우 공신력 있는 기관에서 제시한 ‘정상
수치’ 등을 목표로 설정할 경우에 한해 비의료행위이며, 제공자가 임의로 특정 수준을 제시하는
것은 곤란
건강활동 목표의 달성 및 건강활동의 증가･개선 등이 확인되는 경우 인센티브(보험료 할인･경품
및 포인트 등) 지급 가능
※ 지급가능한 인센티브의 종류, 한도 등은 관계 법령이 정하는 바를 준수해야 함
서비스 예시
∙ 1년 혹은 2년마다 건강검진을 받을 것을 권장하고, 검진을 받고 그 결과를 제출할 경우 인센티브를
지급하는 서비스
∙ 모바일 App을 통해 대상자의 걸음수를 측정하고, 특정 목표수준(예: 하루 1만보 걷기)를 달성한
경우 인센티브를 지급하는 서비스
∙ 비만･과체중 등의 건강위험을 보유한 사람이 적정 체중으로 감량한 경우 인센티브를 지급하는
서비스
17
3. 영양･운동･금연･절주･수면･스트레스 관리 등 상담･조언 행위
건강한 생활습관 개선을 위해 식습관, 신체활동, 생활패턴 등에 대해 영양사･체육지도자 등의
전문인력을 중심으로 상담･조언을 제공
- (영양) 이용자가 섭취한 식단에 기반하여 조언을 제공하거나, 스스로 자가관리를 할 수 있도록
영양소･칼로리 분석 등을 제공하는 서비스
- (운동) 이용자의 신체상태 및 목적 등에 따라 적정한 운동 주기･강도･방법 등을 교육하는 서비스
- (생활패턴) 금연･절주･수면･스트레스 관리 등 생활습관 개선을 위한 목표설정･상담･조언･관리
등의 서비스 제공
서비스 예시
∙ 건강증진 목적의 영양･운동과 관련한 종합적인 상담 및 식단･운동 프로그램 등의 구체적인 교육･
조언을 제공하는 서비스
∙ 금연･절주를 위한 주기적 알람 서비스, 수면시간 관리 및 점검, 스트레스 관리를 위한 일상생활
습관 개선 및 조언 등을 제공하는 서비스
4. 질병정보 안내 및 일반적인 예방 방법의 안내 행위
인플루엔자 등 특정 시기에 유행하는 질병에 대해 알람(안내) 서비스를 제공하고, 예방 방법,
주요 증상 등을 안내하는 행위
특정 질병을 보유한 사람에 대해 공신력 있는 기관의 공인된 정보에 따라 발생 가능한 합병증
및 일반적인 예방 방법, 주요 증상 등을 안내하는 행위
※ 예방관리의 내용은 건강증진 및 질병예방을 위한 일상 생활습관(예: 손 씻기, 음식물 익혀먹기 등)의
내용에 국한하며, 질병의 진단･치료･완화로 오인될 수 있는 표현 등을 사용해서는 안됨
서비스 예시
∙ 계절별로 많이 발생하는 주요 질병 및 증상을 안내하고, 질병예방을 위한 안내수칙 등을 제공하는
서비스
∙ 주거지역 인근의 병의원 진료과목 및 운영시간 등을 안내하는 서비스
∙ 고혈압･당뇨병 환자에게 발생할 수 있는 합병증의 종류, 주기적인 검사와 진단(병원 내원일)의
알림, 합병증별 증상 등을 알려주는 서비스
18
Ⅲ. 비의료 건강관리서비스 적용 사례
5. 의약품 정보 제공 서비스 행위
이용자가 의약품의 이름, 조제일자, 수량, 복약시간 등을 App에 입력하여 정기적 복용을 위한
알림(안내)을 제공하는 행위
이용자가 입력한 건강증진활동 정보 중 의약품의 성분, 효능･효과, 부작용 등에 관한 정보(허가
사항)를 제공하는 행위
서비스 예시
∙ 고객이 스마트폰 App을 통해 의약품의 이름, 조제일자, 수량, 약 종류, 복약시간을 입력하면
규칙적인 알람 등 건강관리를 지원하는 서비스
∙ 의약품의 성분, 효능, 부작용 등에 대한 정보를 제공받는 서비스
∙ 주거지역 인근 모든 약국의 위치 및 운영시간 등을 안내하는 서비스
19
5. 기타 제공 시 유의사항
문진, 치료, 재활, 치유, 발병 위험도, 사망위험도 등 의료행위로 오인될 수 있는 용어의 사용은
적절치 않으므로 다른 용어로 대체 필요
불가능한 서비스 예시
∙ ‘△△암 발생위험 등수’, ‘대사증후군 개선 성공률’, ‘발생위험도’, ‘사망위험도’ 등과 같이 특정
질병 내지 증후군의 현상, 악화, 개선 가능성 등에 대하여 판단하고 예측하는 것으로 인식될
소지가 있으므로 다른 용어(발병 통계지수, 발병 통계 분석지수 등)로 대체 필요
- (예) 건강검진 결과를 토대로 ‘향후 N년 이내 특정 질병에 대한 발생위험도/위험등수’를 제공
하고 해당 질병의 발생위험율을 낮추기 위한 건강정보를 제공하는 행위
20",25,32,5671,true,false,false,false,false,false,false,,active,https://eiec.kdi.re.kr/policy/materialView.do?num=229658,data/rag/source_documents/nonmedical_health_guide_202209.pdf
kr-mohw-nonmedical-health-guide-202209__III_1,kr-mohw-nonmedical-health-guide-202209,10,III.1,건강한 사람 대상 서비스 예시,GUIDE_SECTION,"Ⅲ. 비의료 건강관리서비스 적용 사례
Ⅲ 비의료 건강관리서비스 적용 사례
∙ 사례집에 제시된 사례들은 그간 질의가 있었거나 명확한 기준이 필요하다는 요청이 있었던 사항에
대해
- 의료행위에 해당하지 않아 서비스 제공이 가능한 행위와 의료행위에 해당하여 제공이 불가능한
행위를 구체적으로 구분해 놓은 것으로,
- 건강관리서비스 제공 시 동 사례를 참고하여 가능 여부를 판단하는 기준으로 활용 가능함
- 동 사례가 새로운 건강관리서비스업을 신설하거나 허용하는 기준은 아니며, 사례들은 주기적
으로 업데이트 예정임
1. 건강한 사람 대상 서비스 예시
구 분 가능한 행위 불가능한 행위
∙ 질병 정보 안내(최근 유행하는 질병정보 등) ∙ 대상자의 건강상태에 따라 필요한 검사 등을
∙ 통계･연구자료 등에 근거하여 특정 질환의 결정하거나, 엑스레이 촬영사진의 판독 등
유병률 등을 안내 의학적 전문성에 기반하여야 하는 행위
건강한 사람 ∙ 건강정보(혈압, 혈당, 비만도 등)를 수집하고 ∙ 대상자의 상태 및 증상 등을 확인하고 질병의
대상 서비스 해당 정보의 정상범위 안내 의심소견을 밝히거나 의학적 지식에 기반한 상담
∙ 일반적 건강증진 활동을 위한 생활습관(걸음 및 조언을 행하는 행위
수, 물 마시기, 식단 및 영양소 분석, 식이요법 ∙ 음식(건강기능식품 포함)이 질병 치료에 효능이
등) 안내 있는 것으로 추천 및 판매하는 행위
13",25,25,689,true,false,false,false,false,false,false,,active,https://eiec.kdi.re.kr/policy/materialView.do?num=229658,data/rag/source_documents/nonmedical_health_guide_202209.pdf
kr-mohw-nonmedical-health-guide-202209__III_2,kr-mohw-nonmedical-health-guide-202209,11,III.2,비만관리(체중감량) 서비스 예시,GUIDE_SECTION,"2. 비만관리(체중감량) 서비스 예시
구 분 가능한 행위 불가능한 행위
∙ BMI 지수의 계산 ∙ 의료적 검사･처방･처치･시술･수술 및 이와
비만도 ∙ 체성분 분석기를 활용한 체내 성분을 분석 관련한 의료적 상담･조언에 해당하는 행위
측정 ∙ 적정 목표체중의 제시 - 지방용해술･위밴드 수술 등 의료행위 시행과
(공인된 정보에 따른 표준체중 기준) 직접적으로 관련된 행위
∙ 일일 적정 운동목표량 설정 ∙ 비의료기관의 방문운동지도서비스
∙ 운동별 소모칼로리 분석 - 자택을 방문하여 신체교정･재활 등 물리요법적
∙ 운동 방법 교습 치료를 제공하는 행위
운동 서비스 ∙ 기간별 운동일지 기록
∙ 운동 독려 알림메시지 전송
∙ 의사가 처방한 운동을 영상으로 만들어 환자에
전송
∙ 일일 적정 섭취목표량 설정 ∙ 신체기능개선･체중감량 등을 위하여 의약품
∙ 식품별 칼로리 분석 복용을 제시하는 행위
식단 서비스 ∙ 식단 구성 및 판매
∙ 기간별 섭취칼로리 기록
∙ 체중감량에 좋은 식품에 대한 정보 안내 및 전송
14",26,26,510,true,false,false,false,false,false,false,,active,https://eiec.kdi.re.kr/policy/materialView.do?num=229658,data/rag/source_documents/nonmedical_health_guide_202209.pdf
kr-mohw-nonmedical-health-guide-202209__III_3,kr-mohw-nonmedical-health-guide-202209,12,III.3,고혈압･당뇨병 환자 대상 서비스 예시,GUIDE_SECTION,"Ⅲ. 비의료 건강관리서비스 적용 사례
3. 고혈압･당뇨병 환자 대상 서비스 예시
1. 혈압･혈당의 측정 및 관리
구 분 가능한 행위 불가능한 행위
혈압･혈당 측정 및 ∙ 개인용 의료기기를 통해 환자 자가측정 후 ∙ 비의료기관이 환자의 혈압을 직접 측정 후
기록 기록 기록
∙ 공신력 있는 기관에서 제시한 범위의 정상/ ∙ 수치에 근거하여 고혈압･당뇨병 환자로 진단
주의/위험 판단 및 해당범위 내 목표 설정 ∙ 공신력 있는 기관의 지침 및 의사의 처방에
∙ 환자가 의사의 처방에 따라 스스로 설정한 근거하지 않은 비의료기관의 자체적인 정상
혈압･혈당 관리 및
목표 수준에 따른 정상/주의/위험 알람 /주의/위험의 판단 및 목표수준의 설정
목표수준 설정
∙ 주기별(예: 7일) 혈압･혈당 수준을 모니터링
하고, 평균치보다 벗어난 경우 ‘주의필요’
등 안내
2. 고혈압 관리를 위한 상담 및 조언
구 분 가능한 행위 불가능한 행위
∙ 공신력 있는 기관에서 제시하는 고혈압 ∙ 상황에 따른 혈압 목표
고혈압
예방･관리 사항 등 정보제공 및 안내 ∙ (약사･의사가 아닌 사람이) 약물에 대해
예방 및 관리
∙ 병원 내원일 알람 서비스 설명을 하는 것
∙ 운동요법의 효과, 방법 등 안내 ∙ 급격한 혈압강하･상승시 조치방법 등 의료적
운동 및
∙ 식이요법의 효과, 방법 등 안내 상담
식이, 생활습관
∙ 금연, 금주 등 생활습관 개선 상담 및 조언
3. 당뇨병 관리를 위한 상담 및 조언
구 분 가능한 행위 불가능한 행위
∙ 공신력 있는 기관에서 제시하는 당뇨병 예방･ ∙ 상황에 따른 혈당 목표
당뇨병 관리 사항 등 정보제공 및 안내 ∙ (약사･의사가 아닌 사람이) 약물에 대해 설명을
예방 및 ∙ 병원 내원일 알람 서비스 하는 것
관리 ∙ 혈당 수치를 주기적으로 점검하고, 위험요인
발생시 병원 내원 등을 권고하는 서비스
운동 및 ∙ 운동요법의 효과, 방법 등 안내
생활습관 ∙ 금연, 금주 등 생활습관 개선 상담 및 조언
∙ 당뇨병 환자가 주의해야 할 일반적인 식이요법 ∙ 위험한 혈당 수치별 당질 섭취기준 등 의료적
및 식품군 등에 대한 설명 처방에 가까운 행위
∙ 다양한 식단을 제시하고 환자가 선택가능하도록
식이관리 하는 행위
서비스 ∙ 의사의 처방･권고 기준 하에서 환자에게 식단을
구성하여 주는 행위
∙ 환자가 원하는 식단(예: 저염 식단)을 구성하여
주는 행위
15",27,27,1160,true,false,false,false,false,false,false,,active,https://eiec.kdi.re.kr/policy/materialView.do?num=229658,data/rag/source_documents/nonmedical_health_guide_202209.pdf
kr-mohw-nonmedical-health-guide-202209__III_4,kr-mohw-nonmedical-health-guide-202209,13,III.4,기타 제공 서비스 예시,GUIDE_SECTION,"4. 기타 제공 서비스 예시
1. 개인의 건강정보 확인･수집 및 건강지표 등 산출행위
구 분 가능한 행위 불가능한 행위
∙ 이용자 본인의 건강관련 수치, 질환 보유 여부
및 질환 관련 정보, 검진결과 등을 ‘개인정보
보호법’을 준수하는 범위 내에서 제공
- 운동량(걷기, 달리기, 자전거, 등산 등), 식
습관(섭취한 음식, 음주, 흡연 등), 건강 수치
정보(BMI, 혈압, 혈당(당화혈색소 등)) 등을
건강정보 수집 개인의 자가측정에 기반하여 수집
- 검진결과, 개인의 질환과 관련한 복약 관련
정보, 병원 방문, 합병증 검사 여부 등의 수집
행위
∙ 이용자 본인이 스마트폰 App, 웨어러블 기기,
사진 전송, 팩스, 스마트 혈당측정기 등을 통해
직접 입력･전송 또는 자동제공
∙ 이용자가 이미 병원 등에서 진단(검진)받은 ∙ 건강등수 산출 및 안내 과정에서 대상자의 질병
내용 등을 기초로 하여 이용자의 건강상태 지표 유무, 특정 질병 진단, 병명･병상 등을 확인
(건강나이 등)를 산출하는 행위 하거나 예측하는 등 의학적 지식에 따른 판단을
- 이용자가 제공한 건강정보를 바탕으로 건강 필요로 하는 행위
나이 등을 산출하고 공신력 있는 기관의 기준･
지침･통계 등 객관적 정보에 따라 위험･
건강나이,
주의･정상 여부를 안내하는 것은 가능
건강지표 등
∙ 비의료기관이 서비스 이용자 대상으로 표본을
산출･분석
분석하여 얻은 자료에 기반하여 대상자 간 건강
상태 수준을 비교하여 건강등수를 제시하는
행위
- 단, 데이터 산출을 위한 모집단이 해당 서비스를
제공받는 사람들로 한정되어 있음을 명시하고
동 수치가 참고치임을 안내할 필요
서비스 예시
∙ 개인의 건강검진 결과 및 병원 내원이력･검사 결과 등을 제출하고 보험료 환급 및 할인
∙ 개인의 질환 보유 여부, 질환의 정도, 체력 및 건강 관련 상태 등을 종합적으로 판단하여 ‘건강나이’를
산출하여 주는 서비스 (특정 기능과 관련되어 한정된 건강나이 산출도 가능)
16
Ⅲ. 비의료 건강관리서비스 적용 사례
2. 건강활동에 대한 목표설정 및 인센티브 지급 행위
건강증진을 위한 목표를 이용자가 직접 설정하거나, 제공자가 개인의 생활패턴 등을 고려하여
설정하여 주는 서비스
* (예) ( )년마다 건강검진 받기 / 매일 ( )보 걷기 / 연간 ( )보 걷기 / 매주 본인 혈당수치를 ( )회
이상 입력하기 / 매주 식단 ( )회 이상 입력하기
- 걸음수, 주간 운동횟수 등 질환과 직접적 관련이 없는 건강목표행위의 설정은 비의료행위이므로
기관 성격에 관계없이 수행가능
- 체중, 혈압, 혈당 등 질환과 관련이 있는 건강수치의 경우 공신력 있는 기관에서 제시한 ‘정상
수치’ 등을 목표로 설정할 경우에 한해 비의료행위이며, 제공자가 임의로 특정 수준을 제시하는
것은 곤란
건강활동 목표의 달성 및 건강활동의 증가･개선 등이 확인되는 경우 인센티브(보험료 할인･경품
및 포인트 등) 지급 가능
※ 지급가능한 인센티브의 종류, 한도 등은 관계 법령이 정하는 바를 준수해야 함
서비스 예시
∙ 1년 혹은 2년마다 건강검진을 받을 것을 권장하고, 검진을 받고 그 결과를 제출할 경우 인센티브를
지급하는 서비스
∙ 모바일 App을 통해 대상자의 걸음수를 측정하고, 특정 목표수준(예: 하루 1만보 걷기)를 달성한
경우 인센티브를 지급하는 서비스
∙ 비만･과체중 등의 건강위험을 보유한 사람이 적정 체중으로 감량한 경우 인센티브를 지급하는
서비스
17
3. 영양･운동･금연･절주･수면･스트레스 관리 등 상담･조언 행위
건강한 생활습관 개선을 위해 식습관, 신체활동, 생활패턴 등에 대해 영양사･체육지도자 등의
전문인력을 중심으로 상담･조언을 제공
- (영양) 이용자가 섭취한 식단에 기반하여 조언을 제공하거나, 스스로 자가관리를 할 수 있도록
영양소･칼로리 분석 등을 제공하는 서비스
- (운동) 이용자의 신체상태 및 목적 등에 따라 적정한 운동 주기･강도･방법 등을 교육하는 서비스
- (생활패턴) 금연･절주･수면･스트레스 관리 등 생활습관 개선을 위한 목표설정･상담･조언･관리
등의 서비스 제공
서비스 예시
∙ 건강증진 목적의 영양･운동과 관련한 종합적인 상담 및 식단･운동 프로그램 등의 구체적인 교육･
조언을 제공하는 서비스
∙ 금연･절주를 위한 주기적 알람 서비스, 수면시간 관리 및 점검, 스트레스 관리를 위한 일상생활
습관 개선 및 조언 등을 제공하는 서비스
4. 질병정보 안내 및 일반적인 예방 방법의 안내 행위
인플루엔자 등 특정 시기에 유행하는 질병에 대해 알람(안내) 서비스를 제공하고, 예방 방법,
주요 증상 등을 안내하는 행위
특정 질병을 보유한 사람에 대해 공신력 있는 기관의 공인된 정보에 따라 발생 가능한 합병증
및 일반적인 예방 방법, 주요 증상 등을 안내하는 행위
※ 예방관리의 내용은 건강증진 및 질병예방을 위한 일상 생활습관(예: 손 씻기, 음식물 익혀먹기 등)의
내용에 국한하며, 질병의 진단･치료･완화로 오인될 수 있는 표현 등을 사용해서는 안됨
서비스 예시
∙ 계절별로 많이 발생하는 주요 질병 및 증상을 안내하고, 질병예방을 위한 안내수칙 등을 제공하는
서비스
∙ 주거지역 인근의 병의원 진료과목 및 운영시간 등을 안내하는 서비스
∙ 고혈압･당뇨병 환자에게 발생할 수 있는 합병증의 종류, 주기적인 검사와 진단(병원 내원일)의
알림, 합병증별 증상 등을 알려주는 서비스
18
Ⅲ. 비의료 건강관리서비스 적용 사례
5. 의약품 정보 제공 서비스 행위
이용자가 의약품의 이름, 조제일자, 수량, 복약시간 등을 App에 입력하여 정기적 복용을 위한
알림(안내)을 제공하는 행위
이용자가 입력한 건강증진활동 정보 중 의약품의 성분, 효능･효과, 부작용 등에 관한 정보(허가
사항)를 제공하는 행위
서비스 예시
∙ 고객이 스마트폰 App을 통해 의약품의 이름, 조제일자, 수량, 약 종류, 복약시간을 입력하면
규칙적인 알람 등 건강관리를 지원하는 서비스
∙ 의약품의 성분, 효능, 부작용 등에 대한 정보를 제공받는 서비스
∙ 주거지역 인근 모든 약국의 위치 및 운영시간 등을 안내하는 서비스
19",28,31,2953,true,false,false,false,false,false,false,,active,https://eiec.kdi.re.kr/policy/materialView.do?num=229658,data/rag/source_documents/nonmedical_health_guide_202209.pdf
kr-mohw-nonmedical-health-guide-202209__III_5,kr-mohw-nonmedical-health-guide-202209,14,III.5,기타 제공 시 유의사항,GUIDE_SECTION,"5. 기타 제공 시 유의사항
문진, 치료, 재활, 치유, 발병 위험도, 사망위험도 등 의료행위로 오인될 수 있는 용어의 사용은
적절치 않으므로 다른 용어로 대체 필요
불가능한 서비스 예시
∙ ‘△△암 발생위험 등수’, ‘대사증후군 개선 성공률’, ‘발생위험도’, ‘사망위험도’ 등과 같이 특정
질병 내지 증후군의 현상, 악화, 개선 가능성 등에 대하여 판단하고 예측하는 것으로 인식될
소지가 있으므로 다른 용어(발병 통계지수, 발병 통계 분석지수 등)로 대체 필요
- (예) 건강검진 결과를 토대로 ‘향후 N년 이내 특정 질병에 대한 발생위험도/위험등수’를 제공
하고 해당 질병의 발생위험율을 낮추기 위한 건강정보를 제공하는 행위
20",32,32,355,true,false,false,false,false,false,false,,active,https://eiec.kdi.re.kr/policy/materialView.do?num=229658,data/rag/source_documents/nonmedical_health_guide_202209.pdf
kr-mohw-nonmedical-health-guide-202209__IV,kr-mohw-nonmedical-health-guide-202209,15,IV,유권해석 절차,GUIDE_SECTION,"Ⅳ. 유권해석 절차
Ⅳ 유권해석 절차
∙ 사례집으로 ‘의료행위’의 해당 여부를 판단하기 어려운 사례는 아래의 절차에 따라 유권해석 요청
1. 신청 : 민원인 → 보건복지부 (~접수 후 10일)
신청 양식에 따른 사항을 기입하여 우편 접수
(보건복지부 보건의료정책실 보건의료정책과)
신청서 접수일*로부터 10일 이내에 신청서를 검토하여 위원회 회부 여부 회신
* 자료 미비사항에 대해서는 보완 요청을 할 수 있음, 보완을 요청한 경우 보완신청서가 접수된 날짜를
기준일로 함
※ 위원회를 거치지 않고 해석 가능한 사항은 신속히 회신 (~접수 후 20일)
2. 자문 : 보건복지부 → 위원회 (~접수 후 30일)
신청서 접수일로부터 30일 이내에 위원회를 개최(서면의결 가능)하여 비의료행위에 대한 유권
해석 자문 실시
- 다만, ▴위원회 논의에 이견이 있거나, ▴자료 보완 등 재검토가 필요하다고 판단되는 경우
1회에 한하여 위원회 再개최 가능
① 위원회에서 이견이 있어 결론을 내리지 못한 경우에는 위원회 종료 후 20일 이내 재개최
② 자료보완 등 재검토가 필요하다고 판단되는 경우에는 자료를 보완제출한 날부터 20일 이내
재개최
3. 유권해석 : 보건복지부 → 민원인 (~위원회 종료 후 7일)
위원회 논의 결과를 고려하여, 위원회 개최일로부터 7일 이내에 신청자에게 유권해석 결과 통보
21
<유권해석 체계도>
① 신청
의료행위 해당 여부 유권해석 요청 (민원인 ⇒ 복지부)
* 민원인 ⇒ 복지부
② 위원회 회부 여부 회신
위원회를 거치지 않고 해석가능한 사항인지
(~접수 후 10일)
위원회를 거칠 필요가 있는지 판단 후 회신
* 복지부 ⇒ 민원인
* 자료보완 필요시, 자료보완 요청, 자료보완에 걸리는 기간은 불산입
복지부 ⇒ 위원회
※ 위원회를 거치지 않고 해석 가능한 사항은 신속히 회신 (~접수 후 20일)
위원회에서 신청내용에 대한 의료행위 여부 심의
③ 위원회 개최 * 논의과정에 이견이 있거나 자료보완 등 재검토 필요하다고 판단되는 경우 1회에
(~접수 후 30일) 한하여 위원회 추가 개최 가능
* 위원회 ⇒ 복지부 * 논의과정 이견 : 위원회 종료 후 20일 이내
자료보완 필요 : 자료 보완제출 후 20일 이내
④ 유권해석 회신
(~위원회 종료 후 7일) 위원회 의견을 참고하여 유권해석 회신
* 복지부 ⇒ 민원인
22
Ⅳ. 유권해석 절차
◈ 신청서 양식 ◈
의료행위 여부 유권해석 신청서
법인명(회사명) 사업자등록번호
❶ 신청기관 성명(대표자) 전화번호
주소
❷ 서비스 명칭
※ 여러 개의 서비스에 대해 유권해석을 요청하는 경우 서비스 별로 각각 신청서를 작성하여야 함
❸ 서비스 주요 내용
1. 기본 정보 (중복 체크 가능) □ 에는 해당되는 곳에 √표를 합니다.
서비스 제공기관 000 (의료기관 / 비의료기관)
□ 의사 □ 치과의사 □ 한의사 □ 간호사 □ 간호조무사
서비스 제공인력 □ 약사 □ 한약사 □ 의료기사 ( ) □ 영양사 □ 보건교육사
□ 체육지도자 □ 기타 ( )
서비스 제공목적
□ 온라인･모바일 App □ 유선 전화 □ 대상자 소재지 직접 방문
서비스 제공방식
□ 제공기관 방문 □ 기타 ( )
□ 건강검진 결과서 □ 과거 병력 □ 유가족 병력
대상자로부터 수집하는 정보목록 □ 생활습관(운동, 영양, 흡연, 음주, 수면 등) □ 복약정보
□ 기타 (
□ 혈압 □ 혈당 □ 체성분 □ 혈액･체액 성분 □ 신체수치정보
대상자로부터 측정하는 주요 항목 □ 신체활동계측(걸음, 맥박 등) □ 유전자정보
□ 기타 ( )
2. 서비스 상세 내용 설명 (최대한 상세히 기재) : 별첨 자료 활용 가능
3. 유권해석 결과 공개 동의
신청기관(신청인)의 정보를 제외한 유권해석 결과 공개에 동의합니다. □ 동의 □ 비동의
비의료 건강관리서비스 가이드라인 및 사례집에 따라 위와 같이 의료행위 여부 유권해석을 신청합니다.
년 월 일
신청기관(신청인) (서명 또는 인)
보건복지부장관 귀하
23",33,35,1917,true,false,false,false,false,false,false,,active,https://eiec.kdi.re.kr/policy/materialView.do?num=229658,data/rag/source_documents/nonmedical_health_guide_202209.pdf
kr-mohw-nonmedical-health-guide-202209__IV_1,kr-mohw-nonmedical-health-guide-202209,16,IV.1,신청 : 민원인 → 보건복지부,GUIDE_SECTION,"Ⅳ. 유권해석 절차
Ⅳ 유권해석 절차
∙ 사례집으로 ‘의료행위’의 해당 여부를 판단하기 어려운 사례는 아래의 절차에 따라 유권해석 요청
1. 신청 : 민원인 → 보건복지부 (~접수 후 10일)
신청 양식에 따른 사항을 기입하여 우편 접수
(보건복지부 보건의료정책실 보건의료정책과)
신청서 접수일*로부터 10일 이내에 신청서를 검토하여 위원회 회부 여부 회신
* 자료 미비사항에 대해서는 보완 요청을 할 수 있음, 보완을 요청한 경우 보완신청서가 접수된 날짜를
기준일로 함
※ 위원회를 거치지 않고 해석 가능한 사항은 신속히 회신 (~접수 후 20일)
2. 자문 : 보건복지부 → 위원회 (~접수 후 30일)
신청서 접수일로부터 30일 이내에 위원회를 개최(서면의결 가능)하여 비의료행위에 대한 유권
해석 자문 실시
- 다만, ▴위원회 논의에 이견이 있거나, ▴자료 보완 등 재검토가 필요하다고 판단되는 경우
1회에 한하여 위원회 再개최 가능
① 위원회에서 이견이 있어 결론을 내리지 못한 경우에는 위원회 종료 후 20일 이내 재개최
② 자료보완 등 재검토가 필요하다고 판단되는 경우에는 자료를 보완제출한 날부터 20일 이내
재개최
3. 유권해석 : 보건복지부 → 민원인 (~위원회 종료 후 7일)
위원회 논의 결과를 고려하여, 위원회 개최일로부터 7일 이내에 신청자에게 유권해석 결과 통보
21",33,33,668,true,false,false,false,false,false,false,,active,https://eiec.kdi.re.kr/policy/materialView.do?num=229658,data/rag/source_documents/nonmedical_health_guide_202209.pdf
kr-mohw-nonmedical-health-guide-202209__IV_2,kr-mohw-nonmedical-health-guide-202209,17,IV.2,자문 : 보건복지부 → 위원회,GUIDE_SECTION,"Ⅳ. 유권해석 절차
Ⅳ 유권해석 절차
∙ 사례집으로 ‘의료행위’의 해당 여부를 판단하기 어려운 사례는 아래의 절차에 따라 유권해석 요청
1. 신청 : 민원인 → 보건복지부 (~접수 후 10일)
신청 양식에 따른 사항을 기입하여 우편 접수
(보건복지부 보건의료정책실 보건의료정책과)
신청서 접수일*로부터 10일 이내에 신청서를 검토하여 위원회 회부 여부 회신
* 자료 미비사항에 대해서는 보완 요청을 할 수 있음, 보완을 요청한 경우 보완신청서가 접수된 날짜를
기준일로 함
※ 위원회를 거치지 않고 해석 가능한 사항은 신속히 회신 (~접수 후 20일)
2. 자문 : 보건복지부 → 위원회 (~접수 후 30일)
신청서 접수일로부터 30일 이내에 위원회를 개최(서면의결 가능)하여 비의료행위에 대한 유권
해석 자문 실시
- 다만, ▴위원회 논의에 이견이 있거나, ▴자료 보완 등 재검토가 필요하다고 판단되는 경우
1회에 한하여 위원회 再개최 가능
① 위원회에서 이견이 있어 결론을 내리지 못한 경우에는 위원회 종료 후 20일 이내 재개최
② 자료보완 등 재검토가 필요하다고 판단되는 경우에는 자료를 보완제출한 날부터 20일 이내
재개최
3. 유권해석 : 보건복지부 → 민원인 (~위원회 종료 후 7일)
위원회 논의 결과를 고려하여, 위원회 개최일로부터 7일 이내에 신청자에게 유권해석 결과 통보
21",33,33,668,true,false,false,false,false,false,false,,active,https://eiec.kdi.re.kr/policy/materialView.do?num=229658,data/rag/source_documents/nonmedical_health_guide_202209.pdf
kr-mohw-nonmedical-health-guide-202209__IV_3,kr-mohw-nonmedical-health-guide-202209,18,IV.3,유권해석 : 보건복지부 → 민원인,GUIDE_SECTION,"Ⅳ. 유권해석 절차
Ⅳ 유권해석 절차
∙ 사례집으로 ‘의료행위’의 해당 여부를 판단하기 어려운 사례는 아래의 절차에 따라 유권해석 요청
1. 신청 : 민원인 → 보건복지부 (~접수 후 10일)
신청 양식에 따른 사항을 기입하여 우편 접수
(보건복지부 보건의료정책실 보건의료정책과)
신청서 접수일*로부터 10일 이내에 신청서를 검토하여 위원회 회부 여부 회신
* 자료 미비사항에 대해서는 보완 요청을 할 수 있음, 보완을 요청한 경우 보완신청서가 접수된 날짜를
기준일로 함
※ 위원회를 거치지 않고 해석 가능한 사항은 신속히 회신 (~접수 후 20일)
2. 자문 : 보건복지부 → 위원회 (~접수 후 30일)
신청서 접수일로부터 30일 이내에 위원회를 개최(서면의결 가능)하여 비의료행위에 대한 유권
해석 자문 실시
- 다만, ▴위원회 논의에 이견이 있거나, ▴자료 보완 등 재검토가 필요하다고 판단되는 경우
1회에 한하여 위원회 再개최 가능
① 위원회에서 이견이 있어 결론을 내리지 못한 경우에는 위원회 종료 후 20일 이내 재개최
② 자료보완 등 재검토가 필요하다고 판단되는 경우에는 자료를 보완제출한 날부터 20일 이내
재개최
3. 유권해석 : 보건복지부 → 민원인 (~위원회 종료 후 7일)
위원회 논의 결과를 고려하여, 위원회 개최일로부터 7일 이내에 신청자에게 유권해석 결과 통보
21
<유권해석 체계도>
① 신청
의료행위 해당 여부 유권해석 요청 (민원인 ⇒ 복지부)
* 민원인 ⇒ 복지부
② 위원회 회부 여부 회신
위원회를 거치지 않고 해석가능한 사항인지
(~접수 후 10일)
위원회를 거칠 필요가 있는지 판단 후 회신
* 복지부 ⇒ 민원인
* 자료보완 필요시, 자료보완 요청, 자료보완에 걸리는 기간은 불산입
복지부 ⇒ 위원회
※ 위원회를 거치지 않고 해석 가능한 사항은 신속히 회신 (~접수 후 20일)
위원회에서 신청내용에 대한 의료행위 여부 심의
③ 위원회 개최 * 논의과정에 이견이 있거나 자료보완 등 재검토 필요하다고 판단되는 경우 1회에
(~접수 후 30일) 한하여 위원회 추가 개최 가능
* 위원회 ⇒ 복지부 * 논의과정 이견 : 위원회 종료 후 20일 이내
자료보완 필요 : 자료 보완제출 후 20일 이내
④ 유권해석 회신
(~위원회 종료 후 7일) 위원회 의견을 참고하여 유권해석 회신
* 복지부 ⇒ 민원인
22
Ⅳ. 유권해석 절차
◈ 신청서 양식 ◈
의료행위 여부 유권해석 신청서
법인명(회사명) 사업자등록번호
❶ 신청기관 성명(대표자) 전화번호
주소
❷ 서비스 명칭
※ 여러 개의 서비스에 대해 유권해석을 요청하는 경우 서비스 별로 각각 신청서를 작성하여야 함
❸ 서비스 주요 내용
1. 기본 정보 (중복 체크 가능) □ 에는 해당되는 곳에 √표를 합니다.
서비스 제공기관 000 (의료기관 / 비의료기관)
□ 의사 □ 치과의사 □ 한의사 □ 간호사 □ 간호조무사
서비스 제공인력 □ 약사 □ 한약사 □ 의료기사 ( ) □ 영양사 □ 보건교육사
□ 체육지도자 □ 기타 ( )
서비스 제공목적
□ 온라인･모바일 App □ 유선 전화 □ 대상자 소재지 직접 방문
서비스 제공방식
□ 제공기관 방문 □ 기타 ( )
□ 건강검진 결과서 □ 과거 병력 □ 유가족 병력
대상자로부터 수집하는 정보목록 □ 생활습관(운동, 영양, 흡연, 음주, 수면 등) □ 복약정보
□ 기타 (
□ 혈압 □ 혈당 □ 체성분 □ 혈액･체액 성분 □ 신체수치정보
대상자로부터 측정하는 주요 항목 □ 신체활동계측(걸음, 맥박 등) □ 유전자정보
□ 기타 ( )
2. 서비스 상세 내용 설명 (최대한 상세히 기재) : 별첨 자료 활용 가능
3. 유권해석 결과 공개 동의
신청기관(신청인)의 정보를 제외한 유권해석 결과 공개에 동의합니다. □ 동의 □ 비동의
비의료 건강관리서비스 가이드라인 및 사례집에 따라 위와 같이 의료행위 여부 유권해석을 신청합니다.
년 월 일
신청기관(신청인) (서명 또는 인)
보건복지부장관 귀하
23",33,35,1917,true,false,false,false,false,false,false,,active,https://eiec.kdi.re.kr/policy/materialView.do?num=229658,data/rag/source_documents/nonmedical_health_guide_202209.pdf
kr-mohw-nonmedical-health-guide-202209__Q1,kr-mohw-nonmedical-health-guide-202209,19,Q1,가이드라인 및 사례집의 법적 성격이 무엇인가요?,GUIDE_QA,"01 가이드라인 및 사례집의 법적 성격이 무엇인가요?
‒ 비의료 건강관리서비스 가이드라인 및 사례집은 의료법상 의료행위의 개념을 보다 명확히 정의
하고, 이에 대한 판단을 돕기 위한 세부적인 지침입니다.
- 따라서, 이 가이드라인 및 사례집의 ‘의료행위’ 판단기준을 벗어날 경우, 의료법을 위반하는
것으로 판단될 수 있습니다.",38,38,182,true,false,false,false,false,false,false,,active,https://eiec.kdi.re.kr/policy/materialView.do?num=229658,data/rag/source_documents/nonmedical_health_guide_202209.pdf
kr-mohw-nonmedical-health-guide-202209__Q2,kr-mohw-nonmedical-health-guide-202209,20,Q2,건강관리서비스업 허가가 필요한가요?,GUIDE_QA,"02 건강관리서비스업 허가가 필요한가요?
‒ 별도의 ‘건강관리서비스업’ 개설 허가는 필요하지 않습니다.
※ 현행 법률상 ‘건강관리서비스업’에 대한 허가 등을 규정하고 있지 않음
- 서비스의 제공방식 및 양태에 따라서 관련 법률에 적합한 사업 허가를 받고, 해당 사업의 수행
범위에서 ‘의료행위’와의 충돌 여부를 판단할 필요가 있을 때 본 사례집을 활용합니다.",38,38,200,true,false,false,false,false,false,false,,active,https://eiec.kdi.re.kr/policy/materialView.do?num=229658,data/rag/source_documents/nonmedical_health_guide_202209.pdf
kr-mohw-nonmedical-health-guide-202209__Q3,kr-mohw-nonmedical-health-guide-202209,21,Q3,공신력 있는 기관의 기준은 무엇인가요?,GUIDE_QA,"03 공신력 있는 기관의 기준은 무엇인가요?
‒ 공신력 있는 기관이란, 국제기구･정부･공공기관 등 공적인 영역에 있는 기관과
- 대한의학회, 대한당뇨병학회 등 해당 분야의 전문성을 갖춘 기관을 의미합니다.",38,38,114,true,false,false,false,false,false,false,,active,https://eiec.kdi.re.kr/policy/materialView.do?num=229658,data/rag/source_documents/nonmedical_health_guide_202209.pdf
kr-mohw-nonmedical-health-guide-202209__Q4,kr-mohw-nonmedical-health-guide-202209,22,Q4,과학적･의학적 검증의 기준은 무엇인가요?,GUIDE_QA,"04 과학적･의학적 검증의 기준은 무엇인가요?
‒ 과학적･의학적 검증이라 함은 공신력 있는 공적기관･학회의 감수를 받은 객관적 정보 혹은
해당 분야 다수의 전문가가 인정할 수 있는 과학적･의학적으로 검증된 정보*를 의미합니다.
※ 상급종합병원･의과대학 등에서 생산한 정보, 관련 학계에서 널리 인정된 정보 등
- 다만, 서비스 제공시 감수 기관, 정보의 출처･근거는 반드시 명시되어야 합니다.
26
질의응답",38,39,227,true,false,false,false,false,false,false,,active,https://eiec.kdi.re.kr/policy/materialView.do?num=229658,data/rag/source_documents/nonmedical_health_guide_202209.pdf
kr-mohw-nonmedical-health-guide-202209__Q5,kr-mohw-nonmedical-health-guide-202209,23,Q5,비의료기관에서 건강관리서비스를 제공할 때 반드시 대상자의 질환 보유 여부를 확인하여야,GUIDE_QA,"05 비의료기관에서 건강관리서비스를 제공할 때 반드시 대상자의 질환 보유 여부를 확인하여야
하나요?
‒ 일반적으로 ‘건강한 사람’에게 제공하는 것을 전제로 설계･기획된 서비스의 경우 질환의 보유 여부
확인은 의무 사항이 아닙니다.
- 다만, 질환을 보유하고 있을 경우 의사의 상담을 권고한다는 안내 등은 서비스의 안전성을
위하여 권장되는 사항입니다.
- 질환자를 대상으로 설계･기획된 서비스의 경우 제공하고자 하는 질환관리 서비스 범위에서
대상자의 질환 및 합병증 보유 여부를 확인하여야 할 것입니다.",39,39,280,true,false,false,false,false,false,false,,active,https://eiec.kdi.re.kr/policy/materialView.do?num=229658,data/rag/source_documents/nonmedical_health_guide_202209.pdf
kr-mohw-nonmedical-health-guide-202209__Q6,kr-mohw-nonmedical-health-guide-202209,24,Q6,질병의 치료를 위한 상담･조언 중 비의료기관에 예외적으로 허용된 행위란 무엇인가요?,GUIDE_QA,"06 질병의 치료를 위한 상담･조언 중 비의료기관에 예외적으로 허용된 행위란 무엇인가요?
‒ 상담･조언의 내용이 질환의 치료를 직접적 목적으로 하는 경우 의료기관에서 수행하여야
합니다.
- 비의료기관은 의료기관의 진단･처방･의뢰의 범위 내에서 보조적으로 해당 서비스를 제공할 수
있음을 의미합니다.
- 예를들어 당뇨병 환자에게 혈당 수치에 따른 당질의 섭취 지침을 내리거나, 부상을 당한 환자
에게 운동의 지침을 주는 것 등을 의미합니다.
- 질환자를 대상으로 하더라도 단순한 일상적 건강관리는 비의료기관에서 수행할 수 있습니다.",39,39,296,true,false,false,false,false,false,false,,active,https://eiec.kdi.re.kr/policy/materialView.do?num=229658,data/rag/source_documents/nonmedical_health_guide_202209.pdf
kr-mohw-nonmedical-health-guide-202209__Q7,kr-mohw-nonmedical-health-guide-202209,25,Q7,의사의 처방･권고를 확인하기 위해 환자로부터 의료기관의 소견서 등을 받아야 하나요?,GUIDE_QA,"07 의사의 처방･권고를 확인하기 위해 환자로부터 의료기관의 소견서 등을 받아야 하나요?
‒ 의사의 처방･권고 사항을 ‘서면’으로 확인하는 것을 권장하나, 환자로부터 구두로 확인 받는
것도 가능합니다.
- 예를 들어, 당뇨병 환자에게 의사가 ‘저염 위주로 식사할 것’ 혹은 ‘하루 탄수화물 섭취량을
150g 이하로 제한할 것’ 등의 지침을 내린 경우 이를 환자로부터 구두로 확인받고 식단 구성
서비스를 제공하는 것은 가능합니다.
- 특히, 당뇨병 환자에게 식단서비스를 제공할 때 의사로부터 식습관과 관련하여 주의사항을 처방
받은 내용 등이 있는지 미리 확인하도록 권장합니다.
27",39,39,324,true,false,false,false,false,false,false,,active,https://eiec.kdi.re.kr/policy/materialView.do?num=229658,data/rag/source_documents/nonmedical_health_guide_202209.pdf
kr-mohw-nonmedical-health-guide-202209__Q8,kr-mohw-nonmedical-health-guide-202209,26,Q8,비의료기관에서 건강관리서비스를 제공할 때 반드시 예시된 보건인력을 고용해야 하나요?,GUIDE_QA,"08 비의료기관에서 건강관리서비스를 제공할 때 반드시 예시된 보건인력을 고용해야 하나요?
‒ 관련 법률에서 제공인력을 제한하고 있다면 해당 법률에 따라야 하나, 그렇지 아니하다면 보건
인력의 채용은 ‘권장사항’ 이므로 의무적인 사항은 아닙니다.
- 이 사례집에서 예시된 ‘보건인력의 권장’이라 함은 서비스의 특성상 보건인력이 해당 서비스를
보다 전문적으로 제공할 수 있다는 취지입니다.",40,40,215,true,false,false,false,false,false,false,,active,https://eiec.kdi.re.kr/policy/materialView.do?num=229658,data/rag/source_documents/nonmedical_health_guide_202209.pdf
kr-mohw-nonmedical-health-guide-202209__Q9,kr-mohw-nonmedical-health-guide-202209,27,Q9,건강관리 업체 등 비의료기관에 속한 의사･간호사가 행할 수 있는 건강증진 행위의 범위는,GUIDE_QA,"09 건강관리 업체 등 비의료기관에 속한 의사･간호사가 행할 수 있는 건강증진 행위의 범위는
어디까지 인가요?
‒ 비의료기관에서 의사･간호사를 채용하여도 ‘의료법’상 의료행위를 할 수 없으므로 인력의 채용
범위에 따라 비의료기관의 업무 가능범위가 달라지는 것은 아닙니다.
- 본문에서 예시된 ‘보건인력 권장’에 해당하는 행위는 질환과 관련된 지식･정보의 전문성을 갖춘
자가 서비스를 제공하는 경우 서비스가 더욱 내실화될 수 있음을 의미하는 것입니다.",40,40,251,true,false,false,false,false,false,false,,active,https://eiec.kdi.re.kr/policy/materialView.do?num=229658,data/rag/source_documents/nonmedical_health_guide_202209.pdf
kr-mohw-nonmedical-health-guide-202209__Q10,kr-mohw-nonmedical-health-guide-202209,28,Q10,유권해석을 신청하고 유권해석이 나올 때까지의 기간 동안 유권해석 상 허용되는 것을,GUIDE_QA,"10 유권해석을 신청하고 유권해석이 나올 때까지의 기간 동안 유권해석 상 허용되는 것을
조건으로 조건부 서비스 제공을 할 때에 제공행위가 면책되나요?
‒ 의료행위 여부가 불분명하여 유권해석을 신청하였을 경우라 하더라도 추후 ‘의료행위’로 판정되는
경우에는 위와 같은 행위가 면책되지 않습니다.",40,40,163,true,false,false,false,false,false,false,,active,https://eiec.kdi.re.kr/policy/materialView.do?num=229658,data/rag/source_documents/nonmedical_health_guide_202209.pdf
kr-mohw-nonmedical-health-guide-202209__Q11,kr-mohw-nonmedical-health-guide-202209,29,Q11,비의료기관에서 의료행위를 한 경우 어떤 처벌을 받게 되나요?,GUIDE_QA,"11 비의료기관에서 의료행위를 한 경우 어떤 처벌을 받게 되나요?
① 의료인이 아닌 자가 의료행위를 한 경우(무면허 의료행위)
- 의료법 제27조제1항 위반으로 5년 이하의 징역이나 5천만원 이하의 벌금 부과 대상입니다.
<의료법>
제27조(무면허 의료행위 등 금지) ① 의료인이 아니면 누구든지 의료행위를 할 수 없으며 의료
인도 면허된 것 이외의 의료행위를 할 수 없다. 다만, 다음 각 호의 어느 하나에 해당하는
자는 보건복지부령으로 정하는 범위에서 의료행위를 할 수 있다.
제87조(벌칙) ② 다음 각 호의 어느 하나에 해당하는 자는 5년 이하의 징역이나 5천만원 이하
의 벌금에 처한다.
2. 제12조제2항 및 제3항, 제18조제3항, 제21조의2제5항･제8항, 제23조제3항, 제27조제1항,
제33조제2항･제8항(제82조제3항에서 준용하는 경우를 포함한다)･제10항을 위반한 자.
다만, 제12조제3항의 죄는 피해자의 명시한 의사에 반하여 공소를 제기할 수 없다.
28
질의응답
② 의료기관이 아닌 곳에서 의료행위를 행한 경우
- 의료법 제33조제1항 위반으로 500만원 이하의 벌금 부과 대상입니다.
<의료법>
제33조(개설 등) ① 의료인은 이 법에 따른 의료기관을 개설하지 아니하고는 의료업을 할 수
없으며, 다음 각 호의 어느 하나에 해당하는 경우 외에는 그 의료기관 내에서 의료업을 하여
야 한다.
1. ~ 5. (생 략)
제90조(벌칙) 제16조제1항･제2항, 제17조제3항･제4항, 제18조제4항, 제21조제1항 후단, 제
21조의2제1항･제2항, 제22조제1항･제2항, 제23조제4항, 제26조, 제27조제2항, 제33조
제1항･제3항(제82조제3항에서 준용하는 경우를 포함한다)･제5항(허가의 경우만을 말한다),
제35조제1항 본문, 제41조, 제42조제1항, 제48조제3항･제4항, 제77조제2항을 위반한 자
나 제63조에 따른 시정명령을 위반한 자와 의료기관 개설자가 될 수 없는 자에게 고용되어
의료행위를 한 자는 500만원 이하의 벌금에 처한다.",40,41,997,true,false,false,false,false,false,false,,active,https://eiec.kdi.re.kr/policy/materialView.do?num=229658,data/rag/source_documents/nonmedical_health_guide_202209.pdf
kr-mohw-nonmedical-health-guide-202209__Q12,kr-mohw-nonmedical-health-guide-202209,30,Q12,개인건강정보(Data)의 공유 절차는?,GUIDE_QA,"12 개인건강정보(Data)의 공유 절차는?
‒ Data 공유는 건강관리서비스의 전단계로, 원활한 건강관리서비스를 위한 수단 중의 하나일 수
있습니다.
- ’18.9월 의료법 시행규칙 개정으로 본인이 진료기록 사본 등을 온라인으로 요청하고, 온라인
으로 제3자(보험회사)에 송부 가능토록 개선하였습니다.
<의료법 시행규칙>
제13조의3(기록 열람 등의 요건) ⑤ 제1항, 제3항 및 제4항에 따라 친족 또는 환자(법정대리인을
포함한다)가 환자 또는 본인에 관한 기록의 열람이나 그 사본의 발급을 「정보통신망 이용촉진
및 정보보호 등에 관한 법률」에 따른 정보통신망을 이용하여 요청하는 경우에 그 요청자는
신분증의 제시 또는 신분증 사본의 제출을 갈음하여 다음 각 호의 어느 하나에 해당하는 방법
으로 본인확인 절차를 거쳐야 한다.
1. 휴대전화를 통한 본인인증 등 「정보통신망 이용촉진 및 정보보호 등에 관한 법률」 제23
조의3에 따른 본인확인기관에서 제공하는 본인확인의 방법
2. 「전자서명법」 제2조제3호에 따른 공인전자서명 또는 같은 법 제2조제8호에 따른 공인
인증서를 통한 본인확인의 방법
29",41,41,562,true,true,false,false,false,false,false,,active,https://eiec.kdi.re.kr/policy/materialView.do?num=229658,data/rag/source_documents/nonmedical_health_guide_202209.pdf
kr-mohw-nonmedical-health-guide-202209__Q13,kr-mohw-nonmedical-health-guide-202209,31,Q13,이용자 개인건강정보(Data)의 수집 및 활용이 가능한지?,GUIDE_QA,"13 이용자 개인건강정보(Data)의 수집 및 활용이 가능한지?
‒ 「개인정보보호법」제23조에 따라 건강, 유전자검사 등의 결과로 얻어진 유전정보 등은 민감정
보로써 처리가 제한됩니다.
- 다만, 제23조제1항의 단서에 따른 조건을 충족하는 경우 민감정보의 처리가 가능합니다.
<개인정보 보호법>
제2조(정의) 2. “처리”란 개인정보의 수집, 생성, 연계, 연동, 기록, 저장, 보유, 가공, 편집,
검색, 출력, 정정(訂正), 복구, 이용, 제공, 공개, 파기(破棄), 그 밖에 이와 유사한 행위를
말한다.
제23조(민감정보의 처리 제한) ① 개인정보처리자는 사상･신념, 노동조합･정당의 가입･탈퇴,
정치적 견해, 건강, 성생활 등에 관한 정보, 그 밖에 정보주체의 사생활을 현저히 침해할
우려가 있는 개인정보로서 대통령령으로 정하는 정보(이하 “민감정보”라 한다)를 처리하여서는
아니 된다. 다만, 다음 각 호의 어느 하나에 해당하는 경우에는 그러하지 아니하다.
1. 정보주체에게 제15조제2항 각 호 또는 제17조제2항 각 호의 사항을 알리고 다른 개인
정보의 처리에 대한 동의와 별도로 동의를 받은 경우
2. 법령에서 민감정보의 처리를 요구하거나 허용하는 경우
- 진료기록의 경우, 환자(또는 환자의 대리인)가 의료기관으로부터 진료기록 사본 등을 제공받아
비의료기관에게 직접 제공하는 것은 가능합니다.
※ 환자 등에 대한 진료기록 사본 발급과 관련해서는 동 가이드라인 준수 여부와 별개로 「진료기록
사본 발급 업무 지침」에 따라야 함
- 한편, 통계작성, 과학적 연구, 공익적 기록보존 등의 목적에 한정하여 개인건강정보를 「개인정보
보호법」제28조의2~제28조의6 및 「보건의료데이터 활용 가이드라인(2021)」에 따라 가명처리
가능합니다.
※ 가명처리 및 활용 절차는 동 가이드라인 준수 여부와 별개로 「개인정보보호법」 및 「보건의료데이터
활용 가이드라인(2021)」에 따라야 함
30",42,42,949,true,true,false,false,false,false,false,,active,https://eiec.kdi.re.kr/policy/materialView.do?num=229658,data/rag/source_documents/nonmedical_health_guide_202209.pdf
